-- MySQL dump 10.13  Distrib 5.5.62, for Win64 (AMD64)
--
-- Host: localhost    Database: tweeter
-- ------------------------------------------------------
-- Server version	5.5.5-10.7.3-MariaDB

/*!40101 SET @OLD_CHARACTER_SET_CLIENT=@@CHARACTER_SET_CLIENT */;
/*!40101 SET @OLD_CHARACTER_SET_RESULTS=@@CHARACTER_SET_RESULTS */;
/*!40101 SET @OLD_COLLATION_CONNECTION=@@COLLATION_CONNECTION */;
/*!40101 SET NAMES utf8 */;
/*!40103 SET @OLD_TIME_ZONE=@@TIME_ZONE */;
/*!40103 SET TIME_ZONE='+00:00' */;
/*!40014 SET @OLD_UNIQUE_CHECKS=@@UNIQUE_CHECKS, UNIQUE_CHECKS=0 */;
/*!40014 SET @OLD_FOREIGN_KEY_CHECKS=@@FOREIGN_KEY_CHECKS, FOREIGN_KEY_CHECKS=0 */;
/*!40101 SET @OLD_SQL_MODE=@@SQL_MODE, SQL_MODE='NO_AUTO_VALUE_ON_ZERO' */;
/*!40111 SET @OLD_SQL_NOTES=@@SQL_NOTES, SQL_NOTES=0 */;

--
-- Table structure for table `comment`
--

DROP TABLE IF EXISTS `comment`;
/*!40101 SET @saved_cs_client     = @@character_set_client */;
/*!40101 SET character_set_client = utf8 */;
CREATE TABLE `comment` (
  `id` int(10) unsigned NOT NULL AUTO_INCREMENT,
  `content` varchar(150) NOT NULL,
  `tweet_id` int(10) unsigned NOT NULL,
  `user_id` int(10) unsigned NOT NULL,
  `created_at` datetime NOT NULL DEFAULT current_timestamp(),
  PRIMARY KEY (`id`),
  KEY `comment_FK` (`user_id`),
  KEY `comment_FK_1` (`tweet_id`),
  CONSTRAINT `comment_FK` FOREIGN KEY (`user_id`) REFERENCES `user` (`id`) ON DELETE CASCADE ON UPDATE CASCADE,
  CONSTRAINT `comment_FK_1` FOREIGN KEY (`tweet_id`) REFERENCES `tweet` (`id`) ON DELETE CASCADE ON UPDATE CASCADE
) ENGINE=InnoDB AUTO_INCREMENT=2015 DEFAULT CHARSET=utf8mb3;
/*!40101 SET character_set_client = @saved_cs_client */;

--
-- Dumping data for table `comment`
--

LOCK TABLES `comment` WRITE;
/*!40000 ALTER TABLE `comment` DISABLE KEYS */;
INSERT INTO `comment` VALUES (1015,'dogThe quick brown fox jumps over the lazy',1157,900,'2019-07-18 23:05:46'),(1016,'brown fox jumps over the lazy dogThe quick',1997,901,'2016-07-16 17:54:13'),(1017,'dogThe quick brown fox jumps over the lazy',1749,918,'2016-09-08 13:02:00'),(1018,'fox jumps over the lazy dogThe quick brown',1827,931,'2019-11-30 08:43:10'),(1019,'jumps over the lazy dogThe quick brown fox',1705,921,'2018-03-25 05:51:57'),(1020,'ogThe quick brown fox jumps over the lazy d',1673,922,'2016-01-03 00:36:06'),(1021,'fox jumps over the lazy dogThe quick brown',1385,920,'2017-02-13 11:46:57'),(1022,'the lazy dogThe quick brown fox jumps over',1621,931,'2016-08-24 15:05:05'),(1023,'jumps over the lazy dogThe quick brown fox',1604,907,'2017-08-22 08:59:47'),(1024,'jumps over the lazy dogThe quick brown fox',1025,913,'2018-01-11 23:32:56'),(1025,'jumps over the lazy dogThe quick brown fox',1120,925,'2018-08-23 12:00:28'),(1026,'over the lazy dogThe quick brown fox jumps',1320,931,'2016-02-22 10:35:26'),(1027,'the lazy dogThe quick brown fox jumps over',1388,926,'2019-03-24 12:08:02'),(1028,'quick brown fox jumps over the lazy dogThe',1759,1603,'2016-08-19 07:46:27'),(1029,'over the lazy dogThe quick brown fox jumps',1535,1666,'2018-03-26 13:35:46'),(1030,'ogThe quick brown fox jumps over the lazy d',1816,902,'2019-05-13 05:10:03'),(1031,'over the lazy dogThe quick brown fox jumps',1105,930,'2017-06-04 08:16:23'),(1032,'dogThe quick brown fox jumps over the lazy',1628,907,'2017-12-17 12:04:57'),(1033,'over the lazy dogThe quick brown fox jumps',1292,918,'2019-09-08 17:28:10'),(1034,'jumps over the lazy dogThe quick brown fox',1244,907,'2018-11-04 03:40:01'),(1035,'dogThe quick brown fox jumps over the lazy',1386,1601,'2018-05-01 22:26:29'),(1036,'fox jumps over the lazy dogThe quick brown',1694,905,'2018-01-16 06:37:56'),(1037,'brown fox jumps over the lazy dogThe quick',2008,1614,'2016-04-08 22:14:25'),(1038,'fox jumps over the lazy dogThe quick brown',1878,905,'2017-12-16 22:41:49'),(1039,'over the lazy dogThe quick brown fox jumps',1416,930,'2017-09-16 03:53:10'),(1040,'lazy dogThe quick brown fox jumps over the',1055,910,'2018-04-29 04:22:02'),(1041,'over the lazy dogThe quick brown fox jumps',1976,929,'2018-12-07 14:33:47'),(1042,'lazy dogThe quick brown fox jumps over the',1961,932,'2018-07-01 02:11:47'),(1043,'dogThe quick brown fox jumps over the lazy',1739,927,'2017-09-03 16:29:54'),(1044,'jumps over the lazy dogThe quick brown fox',1251,911,'2018-02-18 16:01:10'),(1045,'over the lazy dogThe quick brown fox jumps',1307,922,'2017-06-20 08:05:23'),(1046,'brown fox jumps over the lazy dogThe quick',1870,922,'2019-04-09 23:59:14'),(1047,'brown fox jumps over the lazy dogThe quick',1608,924,'2016-06-08 12:41:35'),(1048,'dogThe quick brown fox jumps over the lazy',1918,925,'2016-01-26 20:56:32'),(1049,'over the lazy dogThe quick brown fox jumps',1502,913,'2017-03-18 14:32:46'),(1050,'over the lazy dogThe quick brown fox jumps',1195,1613,'2019-02-22 03:41:57'),(1051,'ogThe quick brown fox jumps over the lazy d',1412,922,'2016-03-24 17:26:37'),(1052,'dogThe quick brown fox jumps over the lazy',1239,921,'2017-02-25 11:00:59'),(1053,'the lazy dogThe quick brown fox jumps over',1483,919,'2017-10-11 23:27:35'),(1054,'dogThe quick brown fox jumps over the lazy',1817,906,'2017-02-06 09:23:27'),(1055,'dogThe quick brown fox jumps over the lazy',1770,1603,'2019-08-04 03:32:50'),(1056,'dogThe quick brown fox jumps over the lazy',1037,908,'2016-06-18 05:39:04'),(1057,'jumps over the lazy dogThe quick brown fox',1240,922,'2017-07-09 18:09:24'),(1058,'brown fox jumps over the lazy dogThe quick',1952,1656,'2018-01-17 04:02:12'),(1059,'the lazy dogThe quick brown fox jumps over',1960,922,'2016-11-17 00:25:57'),(1060,'the lazy dogThe quick brown fox jumps over',1669,917,'2019-06-14 18:29:32'),(1061,'jumps over the lazy dogThe quick brown fox',1508,905,'2017-08-15 22:57:09'),(1062,'dogThe quick brown fox jumps over the lazy',1209,1607,'2017-08-13 03:34:50'),(1063,'quick brown fox jumps over the lazy dogThe',2008,1613,'2016-01-17 03:20:09'),(1064,'lazy dogThe quick brown fox jumps over the',1757,907,'2017-10-10 09:44:52'),(1065,'the lazy dogThe quick brown fox jumps over',1988,926,'2016-12-30 13:19:54'),(1066,'fox jumps over the lazy dogThe quick brown',1479,912,'2017-06-09 10:51:45'),(1067,'gThe quick brown fox jumps over the lazy do',1826,905,'2017-02-06 14:00:21'),(1068,'lazy dogThe quick brown fox jumps over the',1480,1656,'2018-05-09 22:13:22'),(1069,'the lazy dogThe quick brown fox jumps over',1132,927,'2016-08-28 20:32:20'),(1070,'gThe quick brown fox jumps over the lazy do',1771,929,'2018-12-13 18:25:53'),(1071,'fox jumps over the lazy dogThe quick brown',1039,917,'2019-03-24 04:31:04'),(1072,'brown fox jumps over the lazy dogThe quick',1182,907,'2018-04-02 18:49:42'),(1073,'fox jumps over the lazy dogThe quick brown',1161,921,'2017-06-29 09:20:16'),(1074,'dogThe quick brown fox jumps over the lazy',1707,924,'2017-07-30 18:44:00'),(1075,'fox jumps over the lazy dogThe quick brown',1400,1610,'2016-04-02 10:51:07'),(1076,'lazy dogThe quick brown fox jumps over the',1383,919,'2016-01-01 22:35:24'),(1077,'fox jumps over the lazy dogThe quick brown',1451,906,'2019-07-19 20:07:48'),(1078,'fox jumps over the lazy dogThe quick brown',1431,931,'2016-11-11 03:10:45'),(1079,'fox jumps over the lazy dogThe quick brown',1813,1614,'2017-05-11 05:11:04'),(1080,'dogThe quick brown fox jumps over the lazy',1141,1607,'2018-04-03 09:02:23'),(1081,'dogThe quick brown fox jumps over the lazy',1832,906,'2016-02-29 20:25:29'),(1082,'dogThe quick brown fox jumps over the lazy',1728,919,'2016-09-06 01:55:19'),(1083,'gThe quick brown fox jumps over the lazy do',1481,925,'2017-09-24 21:49:28'),(1084,'brown fox jumps over the lazy dogThe quick',1547,915,'2019-08-05 14:48:34'),(1085,'dogThe quick brown fox jumps over the lazy',1114,915,'2017-03-08 08:11:15'),(1086,'over the lazy dogThe quick brown fox jumps',1444,928,'2018-12-18 01:29:11'),(1087,'gThe quick brown fox jumps over the lazy do',1962,922,'2019-11-19 07:07:57'),(1088,'dogThe quick brown fox jumps over the lazy',1077,929,'2018-09-30 11:24:10'),(1089,'brown fox jumps over the lazy dogThe quick',1147,1661,'2019-10-23 05:29:49'),(1090,'the lazy dogThe quick brown fox jumps over',1634,913,'2017-11-12 15:18:04'),(1091,'The quick brown fox jumps over the lazy dog',1799,1666,'2018-04-15 00:51:14'),(1092,'lazy dogThe quick brown fox jumps over the',1709,928,'2019-02-01 04:29:55'),(1093,'over the lazy dogThe quick brown fox jumps',1791,1615,'2019-11-08 18:36:42'),(1094,'the lazy dogThe quick brown fox jumps over',1998,1666,'2018-10-08 03:41:54'),(1095,'the lazy dogThe quick brown fox jumps over',1379,905,'2016-02-20 00:04:32'),(1096,'brown fox jumps over the lazy dogThe quick',1191,1603,'2019-07-17 09:17:50'),(1097,'jumps over the lazy dogThe quick brown fox',1256,911,'2019-09-16 03:23:28'),(1098,'quick brown fox jumps over the lazy dogThe',1330,1656,'2019-02-09 00:13:01'),(1099,'jumps over the lazy dogThe quick brown fox',1438,923,'2017-11-28 14:56:31'),(1100,'the lazy dogThe quick brown fox jumps over',1322,932,'2018-11-08 09:51:35'),(1101,'brown fox jumps over the lazy dogThe quick',1535,904,'2017-05-16 02:17:32'),(1102,'over the lazy dogThe quick brown fox jumps',1026,919,'2017-02-27 06:13:16'),(1103,'The quick brown fox jumps over the lazy dog',1266,912,'2017-04-13 23:08:24'),(1104,'lazy dogThe quick brown fox jumps over the',1412,926,'2018-05-06 09:33:23'),(1105,'over the lazy dogThe quick brown fox jumps',1710,1602,'2018-05-08 11:30:15'),(1106,'brown fox jumps over the lazy dogThe quick',1138,922,'2017-04-03 23:49:33'),(1107,'lazy dogThe quick brown fox jumps over the',1346,908,'2019-11-13 06:25:18'),(1108,'over the lazy dogThe quick brown fox jumps',1088,924,'2019-02-06 11:37:59'),(1109,'brown fox jumps over the lazy dogThe quick',1498,918,'2016-02-28 22:50:38'),(1110,'quick brown fox jumps over the lazy dogThe',1078,908,'2018-03-26 13:29:37'),(1111,'lazy dogThe quick brown fox jumps over the',1951,913,'2018-05-07 11:05:42'),(1112,'quick brown fox jumps over the lazy dogThe',1399,922,'2018-02-24 00:45:02'),(1113,'the lazy dogThe quick brown fox jumps over',1854,1610,'2016-04-19 09:30:44'),(1114,'dogThe quick brown fox jumps over the lazy',1029,900,'2016-09-03 03:05:06'),(1115,'fox jumps over the lazy dogThe quick brown',1692,918,'2018-08-17 20:00:47'),(1116,'jumps over the lazy dogThe quick brown fox',1368,916,'2019-11-15 16:19:10'),(1117,'gThe quick brown fox jumps over the lazy do',1051,921,'2019-08-25 23:30:08'),(1118,'over the lazy dogThe quick brown fox jumps',1835,1661,'2016-11-02 04:24:52'),(1119,'quick brown fox jumps over the lazy dogThe',1609,1601,'2017-08-13 17:33:53'),(1120,'over the lazy dogThe quick brown fox jumps',1613,1607,'2019-02-15 19:26:28'),(1121,'fox jumps over the lazy dogThe quick brown',1579,930,'2019-05-12 04:14:24'),(1122,'dogThe quick brown fox jumps over the lazy',1570,914,'2016-06-10 07:32:02'),(1123,'jumps over the lazy dogThe quick brown fox',1326,923,'2018-07-09 02:39:29'),(1124,'quick brown fox jumps over the lazy dogThe',1756,914,'2019-04-22 04:01:09'),(1125,'over the lazy dogThe quick brown fox jumps',1341,925,'2016-03-17 00:51:15'),(1126,'gThe quick brown fox jumps over the lazy do',1501,907,'2016-07-30 22:40:42'),(1127,'dogThe quick brown fox jumps over the lazy',1221,921,'2019-12-06 14:41:07'),(1128,'quick brown fox jumps over the lazy dogThe',1526,929,'2016-10-28 04:55:21'),(1129,'gThe quick brown fox jumps over the lazy do',1626,924,'2019-03-09 17:43:47'),(1130,'lazy dogThe quick brown fox jumps over the',1600,923,'2018-02-20 00:30:55'),(1131,'dogThe quick brown fox jumps over the lazy',1985,1614,'2016-08-17 01:01:30'),(1132,'jumps over the lazy dogThe quick brown fox',1751,914,'2018-03-24 22:49:33'),(1133,'fox jumps over the lazy dogThe quick brown',1382,925,'2019-01-26 05:16:29'),(1134,'jumps over the lazy dogThe quick brown fox',1111,911,'2017-08-07 15:31:27'),(1135,'fox jumps over the lazy dogThe quick brown',1534,1615,'2016-09-25 10:59:53'),(1136,'dogThe quick brown fox jumps over the lazy',1755,916,'2018-07-01 09:10:12'),(1137,'over the lazy dogThe quick brown fox jumps',1786,930,'2016-04-28 03:00:40'),(1138,'jumps over the lazy dogThe quick brown fox',1161,928,'2016-01-26 20:42:19'),(1139,'The quick brown fox jumps over the lazy dog',1638,1666,'2019-10-17 00:12:11'),(1140,'over the lazy dogThe quick brown fox jumps',1026,901,'2017-07-26 17:31:28'),(1141,'fox jumps over the lazy dogThe quick brown',1767,912,'2017-05-14 16:01:38'),(1142,'jumps over the lazy dogThe quick brown fox',1096,904,'2017-10-12 16:58:49'),(1143,'The quick brown fox jumps over the lazy dog',1842,1666,'2019-08-15 18:23:17'),(1144,'fox jumps over the lazy dogThe quick brown',1503,920,'2016-05-31 13:46:54'),(1145,'fox jumps over the lazy dogThe quick brown',1245,1666,'2019-05-06 08:14:30'),(1146,'lazy dogThe quick brown fox jumps over the',1528,917,'2016-02-11 18:31:15'),(1147,'brown fox jumps over the lazy dogThe quick',1578,1614,'2017-02-01 03:34:17'),(1148,'gThe quick brown fox jumps over the lazy do',1187,1605,'2017-04-20 13:23:44'),(1149,'jumps over the lazy dogThe quick brown fox',1793,1610,'2018-05-01 07:46:39'),(1150,'lazy dogThe quick brown fox jumps over the',1418,906,'2017-12-31 20:21:29'),(1151,'brown fox jumps over the lazy dogThe quick',1019,903,'2016-01-18 12:44:58'),(1152,'brown fox jumps over the lazy dogThe quick',1840,905,'2016-02-29 01:09:49'),(1153,'gThe quick brown fox jumps over the lazy do',1693,1603,'2019-02-28 06:09:36'),(1154,'the lazy dogThe quick brown fox jumps over',1085,1614,'2019-04-30 11:57:18'),(1155,'lazy dogThe quick brown fox jumps over the',1663,1610,'2018-05-23 15:51:38'),(1156,'quick brown fox jumps over the lazy dogThe',1269,924,'2016-01-07 10:18:11'),(1157,'dogThe quick brown fox jumps over the lazy',1921,911,'2017-04-27 20:18:24'),(1158,'fox jumps over the lazy dogThe quick brown',1327,1610,'2016-12-26 06:52:20'),(1159,'over the lazy dogThe quick brown fox jumps',1539,924,'2019-09-19 18:09:51'),(1160,'quick brown fox jumps over the lazy dogThe',1014,923,'2018-09-23 20:01:31'),(1161,'lazy dogThe quick brown fox jumps over the',1671,908,'2018-09-12 14:33:00'),(1162,'fox jumps over the lazy dogThe quick brown',1589,923,'2018-08-13 06:02:53'),(1163,'brown fox jumps over the lazy dogThe quick',1697,914,'2019-09-13 01:34:55'),(1164,'brown fox jumps over the lazy dogThe quick',1788,922,'2019-01-23 11:38:23'),(1165,'fox jumps over the lazy dogThe quick brown',1060,932,'2019-04-11 08:44:59'),(1166,'fox jumps over the lazy dogThe quick brown',1541,909,'2019-02-17 18:34:34'),(1167,'brown fox jumps over the lazy dogThe quick',1790,929,'2016-02-11 00:25:44'),(1168,'over the lazy dogThe quick brown fox jumps',1648,1605,'2019-09-13 19:55:00'),(1169,'fox jumps over the lazy dogThe quick brown',1010,1602,'2018-12-07 22:28:22'),(1170,'The quick brown fox jumps over the lazy dog',1756,924,'2018-03-17 21:20:14'),(1171,'jumps over the lazy dogThe quick brown fox',1486,903,'2017-06-24 15:53:19'),(1172,'fox jumps over the lazy dogThe quick brown',1487,906,'2018-06-13 03:14:57'),(1173,'quick brown fox jumps over the lazy dogThe',1307,902,'2018-10-02 03:44:22'),(1174,'fox jumps over the lazy dogThe quick brown',1113,920,'2017-04-10 09:16:17'),(1175,'the lazy dogThe quick brown fox jumps over',1779,905,'2017-04-23 09:48:42'),(1176,'lazy dogThe quick brown fox jumps over the',1971,915,'2018-08-04 10:55:19'),(1177,'brown fox jumps over the lazy dogThe quick',1761,901,'2016-01-15 01:17:45'),(1178,'over the lazy dogThe quick brown fox jumps',1053,932,'2016-02-08 19:34:43'),(1179,'over the lazy dogThe quick brown fox jumps',1557,906,'2016-06-22 09:18:12'),(1180,'quick brown fox jumps over the lazy dogThe',1551,913,'2016-11-24 10:00:47'),(1181,'over the lazy dogThe quick brown fox jumps',1112,902,'2016-01-11 04:21:22'),(1182,'jumps over the lazy dogThe quick brown fox',1581,908,'2016-08-02 06:24:54'),(1183,'brown fox jumps over the lazy dogThe quick',1291,923,'2016-10-28 15:35:13'),(1184,'jumps over the lazy dogThe quick brown fox',1820,1615,'2016-11-16 23:46:51'),(1185,'the lazy dogThe quick brown fox jumps over',1276,925,'2016-03-09 16:52:05'),(1186,'quick brown fox jumps over the lazy dogThe',1629,1607,'2016-12-30 07:53:31'),(1187,'brown fox jumps over the lazy dogThe quick',1623,1613,'2019-03-27 10:47:02'),(1188,'over the lazy dogThe quick brown fox jumps',1564,1656,'2019-08-18 23:54:37'),(1189,'dogThe quick brown fox jumps over the lazy',1263,931,'2018-03-29 11:57:59'),(1190,'the lazy dogThe quick brown fox jumps over',1195,1661,'2016-04-25 12:56:53'),(1191,'the lazy dogThe quick brown fox jumps over',2000,914,'2018-05-21 15:38:44'),(1192,'over the lazy dogThe quick brown fox jumps',1418,925,'2016-03-08 00:37:44'),(1193,'quick brown fox jumps over the lazy dogThe',1834,1614,'2017-01-24 18:24:14'),(1194,'The quick brown fox jumps over the lazy dog',1357,918,'2016-04-17 04:49:10'),(1195,'brown fox jumps over the lazy dogThe quick',1801,931,'2017-08-16 22:17:54'),(1196,'over the lazy dogThe quick brown fox jumps',1700,908,'2016-05-26 14:47:01'),(1197,'dogThe quick brown fox jumps over the lazy',1333,1614,'2018-06-26 09:58:07'),(1198,'jumps over the lazy dogThe quick brown fox',1760,914,'2018-04-13 10:35:03'),(1199,'over the lazy dogThe quick brown fox jumps',1679,913,'2019-11-28 17:28:29'),(1200,'brown fox jumps over the lazy dogThe quick',1567,905,'2016-04-26 18:11:45'),(1201,'dogThe quick brown fox jumps over the lazy',1010,1601,'2018-03-18 23:45:12'),(1202,'jumps over the lazy dogThe quick brown fox',1303,925,'2019-05-01 08:36:19'),(1203,'the lazy dogThe quick brown fox jumps over',1079,1614,'2017-01-14 01:50:49'),(1204,'dogThe quick brown fox jumps over the lazy',1198,1656,'2017-02-22 03:07:25'),(1205,'gThe quick brown fox jumps over the lazy do',1460,924,'2018-03-05 14:29:13'),(1206,'the lazy dogThe quick brown fox jumps over',1092,1661,'2018-09-09 07:11:01'),(1207,'brown fox jumps over the lazy dogThe quick',1774,918,'2018-10-18 23:54:05'),(1208,'over the lazy dogThe quick brown fox jumps',1870,1656,'2017-05-12 13:04:46'),(1209,'jumps over the lazy dogThe quick brown fox',1357,1610,'2018-10-07 21:29:33'),(1210,'over the lazy dogThe quick brown fox jumps',1230,918,'2019-04-05 20:29:32'),(1211,'quick brown fox jumps over the lazy dogThe',1346,917,'2018-11-08 21:28:34'),(1212,'over the lazy dogThe quick brown fox jumps',1760,917,'2018-04-06 08:21:17'),(1213,'over the lazy dogThe quick brown fox jumps',1636,900,'2018-01-10 01:09:26'),(1214,'the lazy dogThe quick brown fox jumps over',1943,906,'2017-10-04 17:17:04'),(1215,'the lazy dogThe quick brown fox jumps over',1358,1601,'2017-08-17 08:53:38'),(1216,'the lazy dogThe quick brown fox jumps over',1076,929,'2017-01-01 03:07:52'),(1217,'brown fox jumps over the lazy dogThe quick',1838,909,'2019-10-27 11:40:16'),(1218,'over the lazy dogThe quick brown fox jumps',1784,901,'2017-11-28 15:04:05'),(1219,'gThe quick brown fox jumps over the lazy do',1883,901,'2019-09-05 05:34:44'),(1220,'the lazy dogThe quick brown fox jumps over',1662,914,'2019-06-23 07:09:23'),(1221,'brown fox jumps over the lazy dogThe quick',1355,916,'2019-06-05 20:19:34'),(1222,'the lazy dogThe quick brown fox jumps over',1139,916,'2019-02-24 19:34:53'),(1223,'brown fox jumps over the lazy dogThe quick',1705,1666,'2019-06-24 01:18:14'),(1224,'fox jumps over the lazy dogThe quick brown',1264,929,'2016-01-12 15:30:55'),(1225,'dogThe quick brown fox jumps over the lazy',1241,906,'2018-11-15 20:14:33'),(1226,'over the lazy dogThe quick brown fox jumps',1077,917,'2016-04-23 00:12:55'),(1227,'dogThe quick brown fox jumps over the lazy',1077,1613,'2016-07-20 13:39:58'),(1228,'jumps over the lazy dogThe quick brown fox',1380,1656,'2019-11-11 18:47:24'),(1229,'dogThe quick brown fox jumps over the lazy',1038,926,'2019-06-05 07:48:31'),(1230,'lazy dogThe quick brown fox jumps over the',1862,923,'2018-04-03 05:15:28'),(1231,'the lazy dogThe quick brown fox jumps over',1172,906,'2016-10-07 05:50:02'),(1232,'dogThe quick brown fox jumps over the lazy',1764,932,'2019-03-10 09:26:29'),(1233,'the lazy dogThe quick brown fox jumps over',1982,930,'2017-11-06 08:48:14'),(1234,'jumps over the lazy dogThe quick brown fox',1774,915,'2017-12-01 09:18:30'),(1235,'fox jumps over the lazy dogThe quick brown',1158,911,'2017-09-03 09:04:56'),(1236,'over the lazy dogThe quick brown fox jumps',1064,904,'2019-01-01 19:05:05'),(1237,'brown fox jumps over the lazy dogThe quick',1517,932,'2018-11-07 05:50:26'),(1238,'the lazy dogThe quick brown fox jumps over',1926,913,'2017-11-03 19:19:27'),(1239,'brown fox jumps over the lazy dogThe quick',2006,923,'2018-01-19 08:17:30'),(1240,'dogThe quick brown fox jumps over the lazy',1211,928,'2016-02-23 19:12:55'),(1241,'the lazy dogThe quick brown fox jumps over',1734,1603,'2016-11-19 21:08:27'),(1242,'over the lazy dogThe quick brown fox jumps',1440,906,'2017-02-10 11:48:58'),(1243,'fox jumps over the lazy dogThe quick brown',1222,1615,'2016-01-26 04:39:13'),(1244,'dogThe quick brown fox jumps over the lazy',1491,918,'2016-10-03 21:45:48'),(1245,'brown fox jumps over the lazy dogThe quick',1338,1607,'2019-09-08 23:39:00'),(1246,'brown fox jumps over the lazy dogThe quick',1172,1607,'2018-02-24 22:38:08'),(1247,'quick brown fox jumps over the lazy dogThe',1127,922,'2016-09-14 20:01:53'),(1248,'fox jumps over the lazy dogThe quick brown',1875,1605,'2018-09-07 02:06:18'),(1249,'the lazy dogThe quick brown fox jumps over',1165,1602,'2019-03-28 08:14:17'),(1250,'dogThe quick brown fox jumps over the lazy',1257,932,'2018-09-28 02:10:19'),(1251,'lazy dogThe quick brown fox jumps over the',1765,913,'2016-03-26 17:05:47'),(1252,'quick brown fox jumps over the lazy dogThe',1278,924,'2017-01-18 13:54:41'),(1253,'brown fox jumps over the lazy dogThe quick',1810,919,'2018-04-10 15:45:39'),(1254,'fox jumps over the lazy dogThe quick brown',1652,911,'2016-11-12 14:01:43'),(1255,'brown fox jumps over the lazy dogThe quick',1345,911,'2018-08-06 11:42:57'),(1256,'fox jumps over the lazy dogThe quick brown',1930,916,'2018-09-27 01:56:01'),(1257,'the lazy dogThe quick brown fox jumps over',1246,900,'2017-02-21 23:05:08'),(1258,'quick brown fox jumps over the lazy dogThe',1143,914,'2018-06-06 06:54:47'),(1259,'the lazy dogThe quick brown fox jumps over',1177,908,'2016-07-30 00:10:14'),(1260,'brown fox jumps over the lazy dogThe quick',1735,928,'2017-06-25 19:42:22'),(1261,'The quick brown fox jumps over the lazy dog',1242,910,'2017-06-02 07:30:29'),(1262,'lazy dogThe quick brown fox jumps over the',1409,1656,'2016-09-01 01:57:03'),(1263,'dogThe quick brown fox jumps over the lazy',1810,929,'2019-07-12 05:38:35'),(1264,'lazy dogThe quick brown fox jumps over the',1555,915,'2016-10-07 02:06:55'),(1265,'brown fox jumps over the lazy dogThe quick',1282,916,'2019-09-06 10:04:11'),(1266,'quick brown fox jumps over the lazy dogThe',1878,920,'2016-05-14 00:27:47'),(1267,'quick brown fox jumps over the lazy dogThe',1461,911,'2018-11-14 15:34:18'),(1268,'dogThe quick brown fox jumps over the lazy',1467,900,'2017-02-08 03:38:17'),(1269,'dogThe quick brown fox jumps over the lazy',1362,904,'2018-03-03 12:33:55'),(1270,'fox jumps over the lazy dogThe quick brown',1931,912,'2016-02-17 13:35:32'),(1271,'brown fox jumps over the lazy dogThe quick',1095,921,'2019-09-14 05:02:56'),(1272,'quick brown fox jumps over the lazy dogThe',1032,910,'2016-09-19 06:16:28'),(1273,'dogThe quick brown fox jumps over the lazy',1057,1614,'2016-09-08 04:15:12'),(1274,'quick brown fox jumps over the lazy dogThe',1648,919,'2019-01-14 06:48:31'),(1275,'the lazy dogThe quick brown fox jumps over',1315,1614,'2017-06-11 06:48:00'),(1276,'fox jumps over the lazy dogThe quick brown',1419,929,'2016-08-25 07:41:33'),(1277,'brown fox jumps over the lazy dogThe quick',1821,1661,'2016-08-17 14:41:11'),(1278,'brown fox jumps over the lazy dogThe quick',1914,1602,'2019-08-20 08:11:37'),(1279,'jumps over the lazy dogThe quick brown fox',1570,1605,'2018-05-05 20:15:30'),(1280,'The quick brown fox jumps over the lazy dog',1974,929,'2019-07-03 15:44:35'),(1281,'brown fox jumps over the lazy dogThe quick',1518,902,'2017-06-12 04:54:02'),(1282,'fox jumps over the lazy dogThe quick brown',1228,908,'2017-08-21 12:54:42'),(1283,'brown fox jumps over the lazy dogThe quick',1347,902,'2018-04-20 18:59:09'),(1284,'brown fox jumps over the lazy dogThe quick',1153,914,'2017-02-19 15:56:37'),(1285,'over the lazy dogThe quick brown fox jumps',1063,907,'2019-01-01 08:03:16'),(1286,'dogThe quick brown fox jumps over the lazy',1633,912,'2019-05-16 22:56:51'),(1287,'the lazy dogThe quick brown fox jumps over',1229,904,'2016-10-08 03:42:34'),(1288,'dogThe quick brown fox jumps over the lazy',1422,928,'2018-11-20 20:07:12'),(1289,'brown fox jumps over the lazy dogThe quick',1206,1610,'2018-03-22 17:23:50'),(1290,'lazy dogThe quick brown fox jumps over the',1673,1605,'2018-01-11 16:53:01'),(1291,'over the lazy dogThe quick brown fox jumps',1649,916,'2016-09-13 11:03:34'),(1292,'brown fox jumps over the lazy dogThe quick',1162,1602,'2016-12-26 15:22:23'),(1293,'fox jumps over the lazy dogThe quick brown',1229,924,'2016-09-28 05:59:30'),(1294,'over the lazy dogThe quick brown fox jumps',1230,1656,'2018-11-03 05:21:03'),(1295,'over the lazy dogThe quick brown fox jumps',1148,1661,'2016-03-07 23:07:24'),(1296,'jumps over the lazy dogThe quick brown fox',1152,926,'2017-07-11 22:12:02'),(1297,'over the lazy dogThe quick brown fox jumps',1393,925,'2016-05-28 09:53:58'),(1298,'dogThe quick brown fox jumps over the lazy',1529,929,'2016-12-04 14:11:02'),(1299,'fox jumps over the lazy dogThe quick brown',1410,905,'2019-09-11 10:59:56'),(1300,'fox jumps over the lazy dogThe quick brown',1667,903,'2018-07-11 11:36:55'),(1301,'brown fox jumps over the lazy dogThe quick',1928,909,'2019-03-17 19:09:10'),(1302,'dogThe quick brown fox jumps over the lazy',1534,909,'2017-11-01 18:11:49'),(1303,'fox jumps over the lazy dogThe quick brown',1687,918,'2016-12-12 13:24:24'),(1304,'brown fox jumps over the lazy dogThe quick',1367,1601,'2019-07-26 04:55:49'),(1305,'over the lazy dogThe quick brown fox jumps',1575,1601,'2017-11-17 12:57:54'),(1306,'quick brown fox jumps over the lazy dogThe',1137,917,'2017-09-22 07:44:13'),(1307,'dogThe quick brown fox jumps over the lazy',1598,906,'2018-05-28 19:02:31'),(1308,'jumps over the lazy dogThe quick brown fox',1413,1614,'2017-08-09 23:02:13'),(1309,'dogThe quick brown fox jumps over the lazy',1345,1666,'2018-06-02 23:59:32'),(1310,'brown fox jumps over the lazy dogThe quick',1723,928,'2018-09-24 15:41:03'),(1311,'lazy dogThe quick brown fox jumps over the',1989,929,'2019-01-14 00:59:50'),(1312,'fox jumps over the lazy dogThe quick brown',1521,913,'2018-04-06 04:14:46'),(1313,'jumps over the lazy dogThe quick brown fox',1292,923,'2018-06-27 02:20:05'),(1314,'quick brown fox jumps over the lazy dogThe',1989,904,'2019-02-04 21:37:48'),(1315,'quick brown fox jumps over the lazy dogThe',1391,900,'2019-01-27 21:42:57'),(1316,'fox jumps over the lazy dogThe quick brown',1298,916,'2019-07-27 13:56:30'),(1317,'the lazy dogThe quick brown fox jumps over',1542,922,'2018-12-12 19:41:30'),(1318,'dogThe quick brown fox jumps over the lazy',1983,1615,'2017-09-22 02:50:28'),(1319,'dogThe quick brown fox jumps over the lazy',1881,913,'2019-07-01 18:02:51'),(1320,'over the lazy dogThe quick brown fox jumps',1702,921,'2019-03-09 10:53:10'),(1321,'brown fox jumps over the lazy dogThe quick',1045,908,'2016-08-13 10:27:23'),(1322,'the lazy dogThe quick brown fox jumps over',1686,901,'2018-12-28 12:43:07'),(1323,'over the lazy dogThe quick brown fox jumps',1857,907,'2018-05-01 14:08:12'),(1324,'brown fox jumps over the lazy dogThe quick',1863,921,'2017-11-05 01:14:34'),(1325,'quick brown fox jumps over the lazy dogThe',1019,1656,'2018-07-13 03:45:00'),(1326,'fox jumps over the lazy dogThe quick brown',1592,913,'2018-05-27 21:02:53'),(1327,'brown fox jumps over the lazy dogThe quick',1703,1613,'2019-01-19 19:26:35'),(1328,'gThe quick brown fox jumps over the lazy do',1086,905,'2017-06-18 04:44:49'),(1329,'quick brown fox jumps over the lazy dogThe',1264,1601,'2016-02-28 21:49:49'),(1330,'the lazy dogThe quick brown fox jumps over',1405,909,'2016-08-21 00:05:39'),(1331,'gThe quick brown fox jumps over the lazy do',1823,1615,'2019-01-04 22:42:07'),(1332,'fox jumps over the lazy dogThe quick brown',1634,920,'2016-02-02 06:13:25'),(1333,'fox jumps over the lazy dogThe quick brown',1346,922,'2017-11-15 12:42:40'),(1334,'The quick brown fox jumps over the lazy dog',1868,1666,'2017-07-13 14:34:23'),(1335,'over the lazy dogThe quick brown fox jumps',1575,1661,'2019-02-15 18:59:26'),(1336,'over the lazy dogThe quick brown fox jumps',1397,901,'2017-11-15 15:06:14'),(1337,'lazy dogThe quick brown fox jumps over the',1135,1614,'2018-02-28 06:36:05'),(1338,'dogThe quick brown fox jumps over the lazy',1015,921,'2018-07-22 07:46:18'),(1339,'jumps over the lazy dogThe quick brown fox',1012,918,'2019-11-26 19:18:15'),(1340,'fox jumps over the lazy dogThe quick brown',1724,910,'2017-10-22 06:44:12'),(1341,'jumps over the lazy dogThe quick brown fox',1355,903,'2016-02-25 10:00:12'),(1342,'dogThe quick brown fox jumps over the lazy',1652,925,'2019-02-25 03:59:51'),(1343,'jumps over the lazy dogThe quick brown fox',1089,900,'2016-10-21 16:59:05'),(1344,'fox jumps over the lazy dogThe quick brown',1705,910,'2016-01-01 06:24:55'),(1345,'lazy dogThe quick brown fox jumps over the',1797,923,'2018-05-19 03:57:24'),(1346,'the lazy dogThe quick brown fox jumps over',1336,922,'2019-04-26 09:31:03'),(1347,'brown fox jumps over the lazy dogThe quick',1495,926,'2017-10-23 14:38:21'),(1348,'the lazy dogThe quick brown fox jumps over',1454,919,'2017-04-15 03:48:14'),(1349,'lazy dogThe quick brown fox jumps over the',1371,927,'2017-04-28 16:42:52'),(1350,'fox jumps over the lazy dogThe quick brown',1938,917,'2019-04-07 21:36:22'),(1351,'dogThe quick brown fox jumps over the lazy',1504,909,'2018-05-08 23:11:26'),(1352,'lazy dogThe quick brown fox jumps over the',1815,901,'2017-06-20 08:36:22'),(1353,'the lazy dogThe quick brown fox jumps over',1335,1610,'2019-11-20 06:25:43'),(1354,'the lazy dogThe quick brown fox jumps over',1450,901,'2016-08-02 19:23:50'),(1355,'jumps over the lazy dogThe quick brown fox',1196,1615,'2019-04-11 11:58:01'),(1356,'quick brown fox jumps over the lazy dogThe',1901,916,'2019-03-13 06:35:58'),(1357,'jumps over the lazy dogThe quick brown fox',1121,928,'2018-07-26 14:43:18'),(1358,'brown fox jumps over the lazy dogThe quick',1068,916,'2017-08-28 07:24:54'),(1359,'the lazy dogThe quick brown fox jumps over',1511,906,'2017-06-23 06:57:32'),(1360,'the lazy dogThe quick brown fox jumps over',1547,1605,'2017-07-08 23:32:26'),(1361,'jumps over the lazy dogThe quick brown fox',1035,1602,'2019-09-22 04:16:28'),(1362,'jumps over the lazy dogThe quick brown fox',1877,906,'2017-12-28 10:28:19'),(1363,'fox jumps over the lazy dogThe quick brown',1818,932,'2017-11-11 18:17:29'),(1364,'over the lazy dogThe quick brown fox jumps',1247,922,'2019-07-29 14:41:14'),(1365,'fox jumps over the lazy dogThe quick brown',1492,926,'2017-12-21 12:55:21'),(1366,'brown fox jumps over the lazy dogThe quick',1312,907,'2018-12-10 16:54:38'),(1367,'quick brown fox jumps over the lazy dogThe',1966,1613,'2019-10-12 15:15:50'),(1368,'dogThe quick brown fox jumps over the lazy',1062,1610,'2017-07-15 03:00:57'),(1369,'jumps over the lazy dogThe quick brown fox',1100,1614,'2019-11-07 23:10:00'),(1370,'over the lazy dogThe quick brown fox jumps',1086,1615,'2018-02-02 15:27:17'),(1371,'fox jumps over the lazy dogThe quick brown',1927,916,'2016-11-20 13:28:02'),(1372,'dogThe quick brown fox jumps over the lazy',1876,1615,'2016-10-20 10:43:59'),(1373,'dogThe quick brown fox jumps over the lazy',1910,1610,'2018-10-26 09:32:29'),(1374,'quick brown fox jumps over the lazy dogThe',1896,900,'2016-08-02 23:16:59'),(1375,'the lazy dogThe quick brown fox jumps over',1893,1601,'2016-11-04 11:33:02'),(1376,'dogThe quick brown fox jumps over the lazy',1744,931,'2016-02-15 14:25:57'),(1377,'lazy dogThe quick brown fox jumps over the',1483,900,'2016-09-19 16:28:29'),(1378,'gThe quick brown fox jumps over the lazy do',1498,900,'2016-05-26 05:23:09'),(1379,'lazy dogThe quick brown fox jumps over the',1597,1656,'2019-10-13 20:32:32'),(1380,'quick brown fox jumps over the lazy dogThe',1464,1666,'2018-08-13 15:16:42'),(1381,'brown fox jumps over the lazy dogThe quick',1859,1661,'2019-03-22 14:26:14'),(1382,'over the lazy dogThe quick brown fox jumps',1989,904,'2017-01-23 05:05:16'),(1383,'dogThe quick brown fox jumps over the lazy',1246,928,'2018-11-29 23:53:18'),(1384,'quick brown fox jumps over the lazy dogThe',1277,1661,'2017-03-27 09:47:44'),(1385,'the lazy dogThe quick brown fox jumps over',1415,921,'2018-01-31 15:44:55'),(1386,'ogThe quick brown fox jumps over the lazy d',1865,932,'2018-09-01 11:31:48'),(1387,'fox jumps over the lazy dogThe quick brown',1432,1602,'2016-09-23 12:26:19'),(1388,'dogThe quick brown fox jumps over the lazy',1197,1601,'2016-12-14 12:56:45'),(1389,'the lazy dogThe quick brown fox jumps over',1522,927,'2016-07-27 08:59:47'),(1390,'over the lazy dogThe quick brown fox jumps',1950,919,'2017-02-22 23:52:40'),(1391,'gThe quick brown fox jumps over the lazy do',1887,1603,'2017-09-28 05:27:33'),(1392,'lazy dogThe quick brown fox jumps over the',1009,1666,'2019-05-20 19:52:15'),(1393,'brown fox jumps over the lazy dogThe quick',1654,923,'2016-09-27 04:50:23'),(1394,'fox jumps over the lazy dogThe quick brown',1789,1656,'2016-10-14 15:46:26'),(1395,'lazy dogThe quick brown fox jumps over the',1094,1656,'2017-12-16 07:14:47'),(1396,'fox jumps over the lazy dogThe quick brown',1827,1603,'2017-03-25 06:55:30'),(1397,'jumps over the lazy dogThe quick brown fox',1578,911,'2019-09-02 16:23:27'),(1398,'quick brown fox jumps over the lazy dogThe',1832,906,'2016-07-25 04:24:11'),(1399,'the lazy dogThe quick brown fox jumps over',1085,1615,'2019-01-14 03:21:43'),(1400,'quick brown fox jumps over the lazy dogThe',1918,908,'2017-09-30 19:48:49'),(1401,'over the lazy dogThe quick brown fox jumps',1881,919,'2016-07-30 03:33:26'),(1402,'brown fox jumps over the lazy dogThe quick',1730,902,'2016-08-28 02:37:47'),(1403,'over the lazy dogThe quick brown fox jumps',1349,923,'2017-10-22 09:25:04'),(1404,'over the lazy dogThe quick brown fox jumps',1666,906,'2019-02-15 02:27:47'),(1405,'jumps over the lazy dogThe quick brown fox',1046,917,'2016-10-14 19:01:20'),(1406,'fox jumps over the lazy dogThe quick brown',1444,918,'2019-09-03 14:19:39'),(1407,'over the lazy dogThe quick brown fox jumps',1634,925,'2019-12-29 09:13:34'),(1408,'over the lazy dogThe quick brown fox jumps',1218,907,'2016-02-14 04:01:06'),(1409,'quick brown fox jumps over the lazy dogThe',1419,926,'2018-06-28 22:45:03'),(1410,'fox jumps over the lazy dogThe quick brown',1165,1613,'2018-05-19 04:29:42'),(1411,'over the lazy dogThe quick brown fox jumps',1687,903,'2016-09-14 09:52:42'),(1412,'quick brown fox jumps over the lazy dogThe',1988,927,'2017-04-06 23:01:59'),(1413,'fox jumps over the lazy dogThe quick brown',1241,919,'2018-01-07 07:10:01'),(1414,'fox jumps over the lazy dogThe quick brown',1382,900,'2016-06-14 05:01:37'),(1415,'quick brown fox jumps over the lazy dogThe',1104,906,'2018-05-24 05:25:09'),(1416,'the lazy dogThe quick brown fox jumps over',1196,1614,'2018-04-06 14:11:00'),(1417,'over the lazy dogThe quick brown fox jumps',1306,917,'2016-07-04 12:15:13'),(1418,'quick brown fox jumps over the lazy dogThe',1823,903,'2017-11-26 07:05:24'),(1419,'the lazy dogThe quick brown fox jumps over',1568,1602,'2019-06-18 12:14:27'),(1420,'fox jumps over the lazy dogThe quick brown',1629,904,'2016-08-13 07:35:57'),(1421,'fox jumps over the lazy dogThe quick brown',1506,1601,'2016-06-05 21:26:41'),(1422,'over the lazy dogThe quick brown fox jumps',1409,931,'2016-06-12 09:19:24'),(1423,'dogThe quick brown fox jumps over the lazy',1987,1661,'2017-08-26 13:18:11'),(1424,'jumps over the lazy dogThe quick brown fox',1302,1614,'2018-01-24 19:54:35'),(1425,'the lazy dogThe quick brown fox jumps over',1940,1603,'2017-07-04 23:14:36'),(1426,'over the lazy dogThe quick brown fox jumps',1969,928,'2019-11-07 17:08:37'),(1427,'dogThe quick brown fox jumps over the lazy',1990,1605,'2017-12-06 11:08:51'),(1428,'fox jumps over the lazy dogThe quick brown',1532,1607,'2017-01-24 15:09:33'),(1429,'brown fox jumps over the lazy dogThe quick',1673,916,'2017-11-20 22:08:54'),(1430,'fox jumps over the lazy dogThe quick brown',1558,931,'2017-03-22 14:38:18'),(1431,'quick brown fox jumps over the lazy dogThe',1651,915,'2018-12-20 05:47:46'),(1432,'fox jumps over the lazy dogThe quick brown',1041,929,'2016-03-12 20:06:28'),(1433,'the lazy dogThe quick brown fox jumps over',2003,925,'2016-12-04 13:11:48'),(1434,'lazy dogThe quick brown fox jumps over the',1911,1607,'2016-12-18 19:15:15'),(1435,'dogThe quick brown fox jumps over the lazy',1560,1610,'2017-10-07 15:56:10'),(1436,'ogThe quick brown fox jumps over the lazy d',1265,929,'2019-03-22 02:19:57'),(1437,'brown fox jumps over the lazy dogThe quick',1855,913,'2017-04-07 09:46:43'),(1438,'quick brown fox jumps over the lazy dogThe',1788,921,'2016-08-09 19:30:48'),(1439,'brown fox jumps over the lazy dogThe quick',1311,912,'2019-11-15 04:04:10'),(1440,'fox jumps over the lazy dogThe quick brown',1909,913,'2016-07-16 10:29:08'),(1441,'jumps over the lazy dogThe quick brown fox',1217,1605,'2017-10-03 22:32:40'),(1442,'jumps over the lazy dogThe quick brown fox',1119,905,'2016-02-20 12:36:48'),(1443,'over the lazy dogThe quick brown fox jumps',1944,917,'2017-06-19 20:42:28'),(1444,'brown fox jumps over the lazy dogThe quick',2007,905,'2018-02-27 00:01:12'),(1445,'the lazy dogThe quick brown fox jumps over',1786,917,'2018-12-20 21:29:11'),(1446,'the lazy dogThe quick brown fox jumps over',1062,1605,'2019-09-22 19:18:10'),(1447,'fox jumps over the lazy dogThe quick brown',1978,916,'2019-11-08 13:07:46'),(1448,'over the lazy dogThe quick brown fox jumps',1072,908,'2017-01-25 23:08:51'),(1449,'quick brown fox jumps over the lazy dogThe',1084,1613,'2018-11-20 05:02:44'),(1450,'dogThe quick brown fox jumps over the lazy',1793,909,'2016-01-06 13:27:58'),(1451,'over the lazy dogThe quick brown fox jumps',1320,911,'2018-11-20 12:02:56'),(1452,'the lazy dogThe quick brown fox jumps over',1553,929,'2018-06-27 15:37:29'),(1453,'the lazy dogThe quick brown fox jumps over',1174,1661,'2017-10-01 18:58:23'),(1454,'dogThe quick brown fox jumps over the lazy',1042,916,'2016-10-01 19:20:04'),(1455,'The quick brown fox jumps over the lazy dog',1032,912,'2018-05-13 20:08:23'),(1456,'quick brown fox jumps over the lazy dogThe',1092,1605,'2019-01-04 01:24:22'),(1457,'the lazy dogThe quick brown fox jumps over',1962,900,'2016-06-02 05:07:13'),(1458,'fox jumps over the lazy dogThe quick brown',1302,924,'2018-11-10 06:02:01'),(1459,'the lazy dogThe quick brown fox jumps over',1400,902,'2019-05-24 03:03:21'),(1460,'over the lazy dogThe quick brown fox jumps',1974,910,'2019-01-10 09:56:50'),(1461,'brown fox jumps over the lazy dogThe quick',1324,911,'2016-05-12 16:59:09'),(1462,'dogThe quick brown fox jumps over the lazy',1150,932,'2016-01-31 15:37:47'),(1463,'fox jumps over the lazy dogThe quick brown',1858,913,'2016-02-10 11:40:35'),(1464,'The quick brown fox jumps over the lazy dog',1411,1614,'2017-02-19 07:23:57'),(1465,'fox jumps over the lazy dogThe quick brown',1230,912,'2016-10-13 07:11:14'),(1466,'lazy dogThe quick brown fox jumps over the',1730,918,'2016-10-26 12:34:23'),(1467,'quick brown fox jumps over the lazy dogThe',1158,921,'2016-06-04 02:02:20'),(1468,'over the lazy dogThe quick brown fox jumps',1030,902,'2018-10-09 22:00:54'),(1469,'the lazy dogThe quick brown fox jumps over',1142,914,'2017-01-31 12:59:24'),(1470,'dogThe quick brown fox jumps over the lazy',1819,908,'2018-04-09 19:55:01'),(1471,'jumps over the lazy dogThe quick brown fox',1517,1603,'2017-05-30 05:00:32'),(1472,'lazy dogThe quick brown fox jumps over the',1212,913,'2018-08-11 06:02:29'),(1473,'the lazy dogThe quick brown fox jumps over',1257,901,'2018-11-08 10:08:03'),(1474,'brown fox jumps over the lazy dogThe quick',1603,1605,'2017-03-25 00:06:47'),(1475,'over the lazy dogThe quick brown fox jumps',1187,1607,'2019-11-05 10:46:20'),(1476,'lazy dogThe quick brown fox jumps over the',1660,1666,'2019-04-08 18:49:54'),(1477,'the lazy dogThe quick brown fox jumps over',1448,1603,'2016-06-09 12:00:50'),(1478,'brown fox jumps over the lazy dogThe quick',1508,930,'2017-11-22 08:26:21'),(1479,'quick brown fox jumps over the lazy dogThe',1127,932,'2017-05-01 01:43:06'),(1480,'lazy dogThe quick brown fox jumps over the',1453,930,'2017-05-16 15:36:53'),(1481,'lazy dogThe quick brown fox jumps over the',1993,1661,'2017-04-24 20:57:00'),(1482,'dogThe quick brown fox jumps over the lazy',1673,1605,'2016-10-30 06:39:13'),(1483,'over the lazy dogThe quick brown fox jumps',1109,912,'2016-01-11 05:57:14'),(1484,'fox jumps over the lazy dogThe quick brown',1932,923,'2017-04-06 08:54:55'),(1485,'The quick brown fox jumps over the lazy dog',1673,917,'2018-05-07 01:41:37'),(1486,'jumps over the lazy dogThe quick brown fox',1509,931,'2017-04-16 05:12:02'),(1487,'over the lazy dogThe quick brown fox jumps',1978,911,'2019-12-05 13:43:55'),(1488,'fox jumps over the lazy dogThe quick brown',1920,1615,'2019-04-06 13:38:21'),(1489,'quick brown fox jumps over the lazy dogThe',1028,929,'2016-11-06 20:38:25'),(1490,'brown fox jumps over the lazy dogThe quick',1870,905,'2016-12-18 06:13:04'),(1491,'over the lazy dogThe quick brown fox jumps',1631,907,'2019-12-02 15:07:40'),(1492,'over the lazy dogThe quick brown fox jumps',1371,928,'2018-08-12 19:46:27'),(1493,'jumps over the lazy dogThe quick brown fox',1759,914,'2019-07-16 21:09:16'),(1494,'over the lazy dogThe quick brown fox jumps',1605,1615,'2016-08-18 19:37:47'),(1495,'over the lazy dogThe quick brown fox jumps',1222,1602,'2018-02-26 19:29:18'),(1496,'fox jumps over the lazy dogThe quick brown',1288,906,'2018-07-18 14:53:54'),(1497,'lazy dogThe quick brown fox jumps over the',1709,1614,'2016-09-08 22:59:57'),(1498,'dogThe quick brown fox jumps over the lazy',1269,914,'2018-01-09 10:24:07'),(1499,'brown fox jumps over the lazy dogThe quick',1417,926,'2016-02-19 08:22:50'),(1500,'fox jumps over the lazy dogThe quick brown',1300,902,'2018-03-10 22:41:09'),(1501,'the lazy dogThe quick brown fox jumps over',1742,913,'2018-10-09 04:59:24'),(1502,'lazy dogThe quick brown fox jumps over the',1366,1613,'2017-03-17 02:15:10'),(1503,'brown fox jumps over the lazy dogThe quick',1579,915,'2016-04-01 14:00:28'),(1504,'jumps over the lazy dogThe quick brown fox',1067,913,'2018-07-01 00:46:11'),(1505,'fox jumps over the lazy dogThe quick brown',1014,918,'2019-12-07 01:33:32'),(1506,'quick brown fox jumps over the lazy dogThe',1645,915,'2019-01-29 08:45:45'),(1507,'ogThe quick brown fox jumps over the lazy d',1062,1615,'2016-04-24 04:38:35'),(1508,'lazy dogThe quick brown fox jumps over the',1359,905,'2017-02-28 17:42:08'),(1509,'brown fox jumps over the lazy dogThe quick',1721,1613,'2017-03-02 11:35:46'),(1510,'brown fox jumps over the lazy dogThe quick',1594,906,'2019-09-18 11:56:49'),(1511,'lazy dogThe quick brown fox jumps over the',1075,912,'2017-06-05 09:12:27'),(1512,'over the lazy dogThe quick brown fox jumps',1903,925,'2019-08-12 06:21:54'),(1513,'fox jumps over the lazy dogThe quick brown',1596,930,'2016-09-15 13:26:11'),(1514,'lazy dogThe quick brown fox jumps over the',1749,902,'2019-09-10 04:48:19'),(1515,'quick brown fox jumps over the lazy dogThe',1777,928,'2017-08-17 10:33:02'),(1516,'quick brown fox jumps over the lazy dogThe',1258,931,'2017-06-05 10:18:54'),(1517,'the lazy dogThe quick brown fox jumps over',1727,908,'2016-05-16 21:15:29'),(1518,'lazy dogThe quick brown fox jumps over the',1429,920,'2019-09-14 11:59:21'),(1519,'brown fox jumps over the lazy dogThe quick',1092,920,'2019-07-03 01:50:05'),(1520,'over the lazy dogThe quick brown fox jumps',1894,914,'2019-01-09 17:07:56'),(1521,'brown fox jumps over the lazy dogThe quick',1398,917,'2016-08-16 15:04:58'),(1522,'over the lazy dogThe quick brown fox jumps',1903,919,'2018-07-18 12:43:51'),(1523,'fox jumps over the lazy dogThe quick brown',1238,1601,'2018-03-01 22:27:29'),(1524,'The quick brown fox jumps over the lazy dog',1314,920,'2017-10-10 00:33:45'),(1525,'brown fox jumps over the lazy dogThe quick',1191,919,'2019-06-20 04:23:22'),(1526,'over the lazy dogThe quick brown fox jumps',1119,921,'2019-08-04 16:04:29'),(1527,'over the lazy dogThe quick brown fox jumps',1484,908,'2019-05-01 16:38:26'),(1528,'brown fox jumps over the lazy dogThe quick',1124,926,'2017-05-12 03:41:00'),(1529,'the lazy dogThe quick brown fox jumps over',1238,1614,'2016-06-11 16:50:42'),(1530,'quick brown fox jumps over the lazy dogThe',1822,1666,'2019-11-11 22:24:59'),(1531,'brown fox jumps over the lazy dogThe quick',1159,928,'2019-08-10 01:56:44'),(1532,'lazy dogThe quick brown fox jumps over the',1775,922,'2016-10-06 16:17:28'),(1533,'dogThe quick brown fox jumps over the lazy',1179,917,'2017-04-11 10:44:32'),(1534,'brown fox jumps over the lazy dogThe quick',1505,930,'2017-08-25 14:44:52'),(1535,'jumps over the lazy dogThe quick brown fox',1619,922,'2018-11-24 10:43:25'),(1536,'dogThe quick brown fox jumps over the lazy',1813,920,'2017-05-14 09:36:27'),(1537,'the lazy dogThe quick brown fox jumps over',1093,1615,'2016-06-18 13:04:38'),(1538,'brown fox jumps over the lazy dogThe quick',1313,930,'2016-08-21 00:06:49'),(1539,'jumps over the lazy dogThe quick brown fox',1116,917,'2017-04-15 14:16:13'),(1540,'fox jumps over the lazy dogThe quick brown',1757,907,'2019-08-30 22:41:14'),(1541,'fox jumps over the lazy dogThe quick brown',1200,1602,'2018-08-28 12:43:14'),(1542,'brown fox jumps over the lazy dogThe quick',1340,911,'2018-02-25 00:38:19'),(1543,'jumps over the lazy dogThe quick brown fox',1564,921,'2018-05-01 10:14:04'),(1544,'the lazy dogThe quick brown fox jumps over',1658,1601,'2018-05-15 01:24:14'),(1545,'over the lazy dogThe quick brown fox jumps',1554,1603,'2016-08-07 13:18:06'),(1546,'the lazy dogThe quick brown fox jumps over',1448,922,'2017-12-16 10:58:22'),(1547,'dogThe quick brown fox jumps over the lazy',1889,913,'2018-09-27 05:53:46'),(1548,'jumps over the lazy dogThe quick brown fox',1495,922,'2019-09-14 14:00:50'),(1549,'over the lazy dogThe quick brown fox jumps',1452,913,'2016-11-18 23:53:43'),(1550,'dogThe quick brown fox jumps over the lazy',1151,1656,'2016-02-02 16:35:29'),(1551,'lazy dogThe quick brown fox jumps over the',1499,1610,'2019-03-27 09:13:15'),(1552,'fox jumps over the lazy dogThe quick brown',1746,910,'2018-06-27 13:07:40'),(1553,'fox jumps over the lazy dogThe quick brown',1796,909,'2016-11-18 10:29:59'),(1554,'fox jumps over the lazy dogThe quick brown',1972,909,'2017-08-16 22:55:22'),(1555,'the lazy dogThe quick brown fox jumps over',1811,917,'2017-08-15 06:55:26'),(1556,'brown fox jumps over the lazy dogThe quick',1396,921,'2018-11-27 12:03:25'),(1557,'dogThe quick brown fox jumps over the lazy',1103,1666,'2019-04-29 13:49:47'),(1558,'brown fox jumps over the lazy dogThe quick',1160,919,'2019-02-23 21:39:35'),(1559,'gThe quick brown fox jumps over the lazy do',1287,908,'2019-04-11 05:06:03'),(1560,'quick brown fox jumps over the lazy dogThe',1058,1607,'2018-07-06 11:18:37'),(1561,'over the lazy dogThe quick brown fox jumps',1651,907,'2018-05-12 06:49:01'),(1562,'lazy dogThe quick brown fox jumps over the',1816,1614,'2017-08-02 10:10:15'),(1563,'brown fox jumps over the lazy dogThe quick',1947,1607,'2018-12-14 02:18:06'),(1564,'brown fox jumps over the lazy dogThe quick',1180,919,'2019-08-17 08:17:34'),(1565,'lazy dogThe quick brown fox jumps over the',1874,914,'2018-03-16 05:19:31'),(1566,'dogThe quick brown fox jumps over the lazy',1935,932,'2017-07-15 09:54:52'),(1567,'dogThe quick brown fox jumps over the lazy',1977,1607,'2017-09-30 13:00:24'),(1568,'the lazy dogThe quick brown fox jumps over',1504,1605,'2018-10-21 15:33:32'),(1569,'the lazy dogThe quick brown fox jumps over',1842,915,'2016-01-30 21:06:10'),(1570,'brown fox jumps over the lazy dogThe quick',1492,900,'2016-08-05 10:39:48'),(1571,'over the lazy dogThe quick brown fox jumps',1897,924,'2017-02-15 03:24:54'),(1572,'lazy dogThe quick brown fox jumps over the',1226,922,'2019-12-18 21:42:09'),(1573,'brown fox jumps over the lazy dogThe quick',1642,925,'2017-07-15 18:59:19'),(1574,'quick brown fox jumps over the lazy dogThe',1056,901,'2019-02-17 13:03:06'),(1575,'quick brown fox jumps over the lazy dogThe',1651,900,'2019-04-03 17:44:20'),(1576,'the lazy dogThe quick brown fox jumps over',1185,916,'2017-01-01 14:10:35'),(1577,'dogThe quick brown fox jumps over the lazy',1383,1605,'2017-04-28 01:55:26'),(1578,'lazy dogThe quick brown fox jumps over the',1142,917,'2016-10-25 15:29:26'),(1579,'over the lazy dogThe quick brown fox jumps',1401,1610,'2019-04-10 01:50:48'),(1580,'jumps over the lazy dogThe quick brown fox',1745,904,'2017-02-07 08:03:25'),(1581,'over the lazy dogThe quick brown fox jumps',1653,913,'2017-05-30 10:34:35'),(1582,'over the lazy dogThe quick brown fox jumps',1775,921,'2016-05-30 18:54:07'),(1583,'jumps over the lazy dogThe quick brown fox',1106,904,'2017-12-09 08:52:56'),(1584,'lazy dogThe quick brown fox jumps over the',1440,1602,'2017-11-03 11:18:23'),(1585,'fox jumps over the lazy dogThe quick brown',1585,931,'2018-10-04 23:18:54'),(1586,'dogThe quick brown fox jumps over the lazy',1457,901,'2016-01-30 22:38:49'),(1587,'fox jumps over the lazy dogThe quick brown',1905,918,'2018-11-19 17:07:16'),(1588,'jumps over the lazy dogThe quick brown fox',1343,929,'2017-05-03 05:39:38'),(1589,'brown fox jumps over the lazy dogThe quick',1883,901,'2018-03-31 12:00:57'),(1590,'quick brown fox jumps over the lazy dogThe',1611,922,'2016-02-07 18:18:33'),(1591,'lazy dogThe quick brown fox jumps over the',1940,901,'2019-12-06 13:45:23'),(1592,'quick brown fox jumps over the lazy dogThe',1472,912,'2016-01-10 08:49:34'),(1593,'lazy dogThe quick brown fox jumps over the',1465,903,'2019-01-26 13:34:05'),(1594,'brown fox jumps over the lazy dogThe quick',1175,901,'2016-11-09 10:27:28'),(1595,'brown fox jumps over the lazy dogThe quick',1024,927,'2017-01-02 05:22:24'),(1596,'lazy dogThe quick brown fox jumps over the',1335,911,'2016-12-23 23:14:03'),(1597,'fox jumps over the lazy dogThe quick brown',1798,912,'2019-11-27 19:40:35'),(1598,'jumps over the lazy dogThe quick brown fox',1173,927,'2017-03-24 18:35:25'),(1599,'jumps over the lazy dogThe quick brown fox',1218,922,'2016-02-29 06:05:12'),(1600,'the lazy dogThe quick brown fox jumps over',1662,1615,'2016-05-29 05:53:43'),(1601,'quick brown fox jumps over the lazy dogThe',1489,902,'2018-05-06 09:43:45'),(1602,'the lazy dogThe quick brown fox jumps over',1720,1601,'2016-03-23 00:41:21'),(1603,'the lazy dogThe quick brown fox jumps over',1552,1603,'2016-10-12 23:50:52'),(1604,'dogThe quick brown fox jumps over the lazy',1544,1605,'2016-04-19 17:14:45'),(1605,'lazy dogThe quick brown fox jumps over the',1738,916,'2017-09-08 01:38:07'),(1606,'quick brown fox jumps over the lazy dogThe',1168,918,'2017-11-10 02:02:36'),(1607,'jumps over the lazy dogThe quick brown fox',1110,923,'2018-12-04 12:29:13'),(1608,'quick brown fox jumps over the lazy dogThe',1954,1601,'2017-08-12 11:18:50'),(1609,'brown fox jumps over the lazy dogThe quick',1895,915,'2017-07-04 07:37:19'),(1610,'over the lazy dogThe quick brown fox jumps',1515,924,'2018-08-19 15:23:45'),(1611,'lazy dogThe quick brown fox jumps over the',1557,1661,'2016-04-18 00:19:09'),(1612,'over the lazy dogThe quick brown fox jumps',1817,928,'2017-06-16 15:32:21'),(1613,'fox jumps over the lazy dogThe quick brown',1997,1607,'2017-06-23 17:36:52'),(1614,'ogThe quick brown fox jumps over the lazy d',1624,1607,'2017-09-04 17:33:16'),(1615,'fox jumps over the lazy dogThe quick brown',1854,922,'2016-02-01 00:44:47'),(1616,'fox jumps over the lazy dogThe quick brown',1732,1661,'2017-07-14 15:34:08'),(1617,'over the lazy dogThe quick brown fox jumps',1026,921,'2019-06-03 07:05:28'),(1618,'the lazy dogThe quick brown fox jumps over',1970,1661,'2018-04-06 20:06:44'),(1619,'ogThe quick brown fox jumps over the lazy d',1860,914,'2019-11-03 10:40:29'),(1620,'quick brown fox jumps over the lazy dogThe',1783,913,'2016-08-24 02:51:22'),(1621,'brown fox jumps over the lazy dogThe quick',1495,904,'2016-03-19 11:47:36'),(1622,'dogThe quick brown fox jumps over the lazy',1701,932,'2019-11-03 20:03:36'),(1623,'the lazy dogThe quick brown fox jumps over',1119,919,'2019-10-24 13:08:32'),(1624,'dogThe quick brown fox jumps over the lazy',1656,906,'2019-03-18 00:29:31'),(1625,'gThe quick brown fox jumps over the lazy do',1459,1602,'2016-11-01 19:05:50'),(1626,'over the lazy dogThe quick brown fox jumps',1976,1607,'2016-11-01 20:06:38'),(1627,'brown fox jumps over the lazy dogThe quick',1052,924,'2018-03-30 16:42:37'),(1628,'fox jumps over the lazy dogThe quick brown',1682,932,'2019-06-14 23:52:03'),(1629,'brown fox jumps over the lazy dogThe quick',1923,1607,'2017-08-12 14:34:33'),(1630,'dogThe quick brown fox jumps over the lazy',1287,1615,'2018-02-09 23:44:21'),(1631,'over the lazy dogThe quick brown fox jumps',1722,903,'2017-09-03 04:04:36'),(1632,'over the lazy dogThe quick brown fox jumps',1572,1613,'2016-05-17 07:07:08'),(1633,'the lazy dogThe quick brown fox jumps over',1270,914,'2017-06-17 21:35:38'),(1634,'dogThe quick brown fox jumps over the lazy',1611,1603,'2018-07-08 05:12:10'),(1635,'lazy dogThe quick brown fox jumps over the',1727,917,'2018-01-07 05:58:25'),(1636,'jumps over the lazy dogThe quick brown fox',1158,913,'2019-04-20 19:23:00'),(1637,'brown fox jumps over the lazy dogThe quick',1676,1613,'2018-09-06 15:27:09'),(1638,'fox jumps over the lazy dogThe quick brown',1232,1666,'2018-03-01 03:53:42'),(1639,'dogThe quick brown fox jumps over the lazy',1729,1607,'2019-05-07 18:55:53'),(1640,'ogThe quick brown fox jumps over the lazy d',1287,916,'2019-12-05 05:41:07'),(1641,'fox jumps over the lazy dogThe quick brown',1566,914,'2018-10-08 23:03:31'),(1642,'brown fox jumps over the lazy dogThe quick',1620,904,'2018-06-11 06:54:01'),(1643,'over the lazy dogThe quick brown fox jumps',1329,1666,'2017-04-21 20:45:17'),(1644,'fox jumps over the lazy dogThe quick brown',1181,915,'2018-03-23 21:47:08'),(1645,'lazy dogThe quick brown fox jumps over the',1784,1607,'2016-05-28 04:26:24'),(1646,'dogThe quick brown fox jumps over the lazy',1047,926,'2016-08-08 06:21:58'),(1647,'lazy dogThe quick brown fox jumps over the',1514,909,'2016-10-12 21:34:03'),(1648,'the lazy dogThe quick brown fox jumps over',1506,1603,'2017-01-10 19:14:58'),(1649,'over the lazy dogThe quick brown fox jumps',1619,911,'2019-05-06 13:16:04'),(1650,'lazy dogThe quick brown fox jumps over the',1579,1666,'2019-04-10 01:41:27'),(1651,'dogThe quick brown fox jumps over the lazy',1488,1610,'2017-09-28 18:55:37'),(1652,'over the lazy dogThe quick brown fox jumps',1263,931,'2019-06-09 15:37:53'),(1653,'brown fox jumps over the lazy dogThe quick',1088,921,'2017-07-14 10:30:40'),(1654,'dogThe quick brown fox jumps over the lazy',1649,932,'2018-05-25 14:03:42'),(1655,'brown fox jumps over the lazy dogThe quick',1763,925,'2019-12-14 05:19:42'),(1656,'fox jumps over the lazy dogThe quick brown',1432,1661,'2017-09-05 09:29:18'),(1657,'fox jumps over the lazy dogThe quick brown',1511,1603,'2018-09-22 21:46:55'),(1658,'the lazy dogThe quick brown fox jumps over',1181,921,'2019-07-15 23:41:22'),(1659,'dogThe quick brown fox jumps over the lazy',1466,1601,'2017-11-07 05:56:10'),(1660,'brown fox jumps over the lazy dogThe quick',1467,923,'2016-04-14 07:30:08'),(1661,'the lazy dogThe quick brown fox jumps over',1117,908,'2017-06-03 10:10:34'),(1662,'lazy dogThe quick brown fox jumps over the',1336,922,'2016-10-03 03:54:09'),(1663,'fox jumps over the lazy dogThe quick brown',1740,924,'2018-08-17 17:11:19'),(1664,'dogThe quick brown fox jumps over the lazy',1478,932,'2016-12-20 17:54:54'),(1665,'lazy dogThe quick brown fox jumps over the',1148,1610,'2017-04-29 21:05:59'),(1666,'dogThe quick brown fox jumps over the lazy',1848,915,'2019-03-20 02:01:01'),(1667,'fox jumps over the lazy dogThe quick brown',1961,903,'2016-05-07 16:03:34'),(1668,'the lazy dogThe quick brown fox jumps over',1229,921,'2018-05-22 04:56:20'),(1669,'fox jumps over the lazy dogThe quick brown',1420,927,'2019-05-31 21:26:40'),(1670,'over the lazy dogThe quick brown fox jumps',1630,924,'2016-06-04 09:45:13'),(1671,'over the lazy dogThe quick brown fox jumps',1311,930,'2017-03-29 01:43:39'),(1672,'dogThe quick brown fox jumps over the lazy',1837,927,'2017-03-05 07:12:11'),(1673,'lazy dogThe quick brown fox jumps over the',1047,900,'2016-12-26 12:02:00'),(1674,'over the lazy dogThe quick brown fox jumps',1499,926,'2019-03-08 06:23:51'),(1675,'jumps over the lazy dogThe quick brown fox',1802,1607,'2016-02-15 17:26:06'),(1676,'brown fox jumps over the lazy dogThe quick',1872,1614,'2019-09-02 02:37:18'),(1677,'fox jumps over the lazy dogThe quick brown',1947,917,'2018-01-07 02:01:24'),(1678,'quick brown fox jumps over the lazy dogThe',1720,914,'2018-05-11 18:49:23'),(1679,'dogThe quick brown fox jumps over the lazy',1347,926,'2016-06-20 22:36:50'),(1680,'The quick brown fox jumps over the lazy dog',1597,909,'2018-11-13 01:53:42'),(1681,'dogThe quick brown fox jumps over the lazy',1824,916,'2018-03-08 13:07:16'),(1682,'lazy dogThe quick brown fox jumps over the',1809,914,'2017-07-02 02:16:26'),(1683,'brown fox jumps over the lazy dogThe quick',1513,929,'2017-11-21 15:30:11'),(1684,'lazy dogThe quick brown fox jumps over the',1979,903,'2019-04-29 06:27:32'),(1685,'lazy dogThe quick brown fox jumps over the',1697,931,'2019-09-15 15:34:57'),(1686,'fox jumps over the lazy dogThe quick brown',1988,900,'2019-06-19 23:29:04'),(1687,'quick brown fox jumps over the lazy dogThe',1284,907,'2017-03-04 00:14:09'),(1688,'The quick brown fox jumps over the lazy dog',1754,909,'2019-08-24 14:11:24'),(1689,'lazy dogThe quick brown fox jumps over the',1607,930,'2017-08-31 19:58:30'),(1690,'quick brown fox jumps over the lazy dogThe',1732,901,'2016-04-13 19:01:36'),(1691,'fox jumps over the lazy dogThe quick brown',1989,908,'2019-10-07 08:26:05'),(1692,'over the lazy dogThe quick brown fox jumps',1478,1602,'2016-06-19 08:59:14'),(1693,'fox jumps over the lazy dogThe quick brown',2001,926,'2019-05-12 05:02:10'),(1694,'The quick brown fox jumps over the lazy dog',1637,912,'2018-03-23 14:22:19'),(1695,'fox jumps over the lazy dogThe quick brown',1812,912,'2018-12-14 18:02:43'),(1696,'dogThe quick brown fox jumps over the lazy',1072,910,'2018-12-24 23:12:04'),(1697,'fox jumps over the lazy dogThe quick brown',1104,924,'2018-04-10 22:11:40'),(1698,'dogThe quick brown fox jumps over the lazy',1779,1602,'2018-09-05 08:21:43'),(1699,'brown fox jumps over the lazy dogThe quick',1402,932,'2017-09-29 13:13:35'),(1700,'jumps over the lazy dogThe quick brown fox',1563,1607,'2019-11-25 12:47:10'),(1701,'gThe quick brown fox jumps over the lazy do',1183,907,'2017-03-10 12:03:56'),(1702,'The quick brown fox jumps over the lazy dog',1716,1605,'2018-03-07 17:47:27'),(1703,'over the lazy dogThe quick brown fox jumps',1717,928,'2016-06-02 12:40:32'),(1704,'over the lazy dogThe quick brown fox jumps',1144,922,'2018-01-09 21:58:50'),(1705,'over the lazy dogThe quick brown fox jumps',1143,1661,'2016-10-24 02:12:32'),(1706,'quick brown fox jumps over the lazy dogThe',1798,920,'2019-12-08 12:54:57'),(1707,'lazy dogThe quick brown fox jumps over the',1266,925,'2016-01-05 21:39:11'),(1708,'dogThe quick brown fox jumps over the lazy',1775,1614,'2018-10-03 14:41:53'),(1709,'fox jumps over the lazy dogThe quick brown',1936,918,'2019-06-01 23:31:13'),(1710,'jumps over the lazy dogThe quick brown fox',1038,912,'2018-08-11 06:27:27'),(1711,'jumps over the lazy dogThe quick brown fox',1900,1601,'2017-10-27 08:45:26'),(1712,'dogThe quick brown fox jumps over the lazy',1931,901,'2017-02-07 09:11:46'),(1713,'The quick brown fox jumps over the lazy dog',1148,1615,'2018-05-27 06:38:51'),(1714,'brown fox jumps over the lazy dogThe quick',1270,920,'2019-05-07 23:57:19'),(1715,'dogThe quick brown fox jumps over the lazy',1122,931,'2017-08-21 10:04:31'),(1716,'over the lazy dogThe quick brown fox jumps',1632,910,'2016-07-01 09:11:39'),(1717,'jumps over the lazy dogThe quick brown fox',1998,920,'2018-05-19 09:50:12'),(1718,'brown fox jumps over the lazy dogThe quick',1306,923,'2018-08-27 08:56:02'),(1719,'the lazy dogThe quick brown fox jumps over',1247,1666,'2017-06-14 23:54:50'),(1720,'lazy dogThe quick brown fox jumps over the',1859,902,'2016-03-07 23:25:13'),(1721,'quick brown fox jumps over the lazy dogThe',1224,924,'2019-03-09 17:49:31'),(1722,'quick brown fox jumps over the lazy dogThe',1416,923,'2017-01-29 02:12:51'),(1723,'dogThe quick brown fox jumps over the lazy',1179,1605,'2017-02-20 08:55:40'),(1724,'fox jumps over the lazy dogThe quick brown',1678,928,'2017-05-11 07:54:03'),(1725,'jumps over the lazy dogThe quick brown fox',1674,1613,'2016-11-10 08:54:06'),(1726,'dogThe quick brown fox jumps over the lazy',1505,925,'2019-08-14 00:33:22'),(1727,'fox jumps over the lazy dogThe quick brown',1463,925,'2018-06-09 21:07:03'),(1728,'brown fox jumps over the lazy dogThe quick',1022,1615,'2019-03-13 22:57:04'),(1729,'over the lazy dogThe quick brown fox jumps',1550,900,'2016-08-08 15:54:07'),(1730,'ogThe quick brown fox jumps over the lazy d',1408,909,'2016-02-07 00:00:56'),(1731,'lazy dogThe quick brown fox jumps over the',1470,1601,'2017-05-06 06:59:48'),(1732,'jumps over the lazy dogThe quick brown fox',1139,904,'2019-10-22 17:59:38'),(1733,'fox jumps over the lazy dogThe quick brown',1559,925,'2019-08-28 21:20:43'),(1734,'jumps over the lazy dogThe quick brown fox',1382,909,'2019-08-22 21:34:08'),(1735,'lazy dogThe quick brown fox jumps over the',1303,1666,'2016-02-28 18:12:06'),(1736,'gThe quick brown fox jumps over the lazy do',1108,923,'2016-01-02 18:01:52'),(1737,'lazy dogThe quick brown fox jumps over the',1634,923,'2016-08-30 21:42:40'),(1738,'jumps over the lazy dogThe quick brown fox',1992,918,'2017-07-08 01:58:51'),(1739,'fox jumps over the lazy dogThe quick brown',1318,912,'2016-05-07 14:06:46'),(1740,'lazy dogThe quick brown fox jumps over the',1461,923,'2019-10-01 02:19:01'),(1741,'brown fox jumps over the lazy dogThe quick',1381,913,'2017-10-31 06:15:44'),(1742,'fox jumps over the lazy dogThe quick brown',1366,929,'2018-01-27 10:45:55'),(1743,'the lazy dogThe quick brown fox jumps over',1130,931,'2019-08-27 06:53:08'),(1744,'brown fox jumps over the lazy dogThe quick',1718,930,'2019-01-25 06:14:24'),(1745,'lazy dogThe quick brown fox jumps over the',1037,1614,'2018-01-16 13:26:33'),(1746,'ogThe quick brown fox jumps over the lazy d',1536,912,'2016-06-02 21:33:15'),(1747,'fox jumps over the lazy dogThe quick brown',1273,925,'2018-11-30 06:10:31'),(1748,'dogThe quick brown fox jumps over the lazy',1105,1603,'2016-11-13 01:30:18'),(1749,'fox jumps over the lazy dogThe quick brown',1228,912,'2019-10-02 15:01:31'),(1750,'jumps over the lazy dogThe quick brown fox',1127,1614,'2016-10-21 22:55:50'),(1751,'lazy dogThe quick brown fox jumps over the',1896,1607,'2018-06-09 22:34:39'),(1752,'lazy dogThe quick brown fox jumps over the',1047,901,'2018-10-07 10:12:23'),(1753,'jumps over the lazy dogThe quick brown fox',1126,907,'2016-12-04 09:40:35'),(1754,'jumps over the lazy dogThe quick brown fox',1629,903,'2017-06-16 03:41:13'),(1755,'dogThe quick brown fox jumps over the lazy',2007,914,'2017-02-20 03:00:56'),(1756,'the lazy dogThe quick brown fox jumps over',1351,906,'2018-02-20 16:52:03'),(1757,'jumps over the lazy dogThe quick brown fox',1516,924,'2019-12-09 21:58:44'),(1758,'gThe quick brown fox jumps over the lazy do',1474,921,'2018-06-07 20:57:53'),(1759,'dogThe quick brown fox jumps over the lazy',1201,924,'2016-09-07 13:24:03'),(1760,'brown fox jumps over the lazy dogThe quick',1956,913,'2016-03-18 16:42:06'),(1761,'over the lazy dogThe quick brown fox jumps',1370,919,'2016-05-14 22:28:40'),(1762,'over the lazy dogThe quick brown fox jumps',1388,915,'2017-04-30 06:45:33'),(1763,'the lazy dogThe quick brown fox jumps over',1961,923,'2016-08-21 04:14:40'),(1764,'dogThe quick brown fox jumps over the lazy',1754,901,'2017-10-15 20:52:06'),(1765,'jumps over the lazy dogThe quick brown fox',1803,1656,'2019-01-07 20:25:52'),(1766,'brown fox jumps over the lazy dogThe quick',1778,929,'2016-07-31 11:48:28'),(1767,'lazy dogThe quick brown fox jumps over the',1328,922,'2019-10-31 16:22:06'),(1768,'brown fox jumps over the lazy dogThe quick',1197,914,'2017-04-20 10:12:06'),(1769,'brown fox jumps over the lazy dogThe quick',1916,913,'2019-11-18 19:25:27'),(1770,'brown fox jumps over the lazy dogThe quick',1901,919,'2016-06-06 06:12:13'),(1771,'jumps over the lazy dogThe quick brown fox',1555,930,'2019-06-25 14:15:30'),(1772,'lazy dogThe quick brown fox jumps over the',1750,902,'2016-06-27 21:55:42'),(1773,'ogThe quick brown fox jumps over the lazy d',1558,919,'2017-04-16 15:02:11'),(1774,'The quick brown fox jumps over the lazy dog',1499,905,'2016-03-29 23:49:19'),(1775,'dogThe quick brown fox jumps over the lazy',1368,932,'2019-04-28 03:08:14'),(1776,'the lazy dogThe quick brown fox jumps over',1564,916,'2017-08-28 23:30:48'),(1777,'the lazy dogThe quick brown fox jumps over',1773,927,'2018-09-29 01:55:30'),(1778,'the lazy dogThe quick brown fox jumps over',1994,925,'2018-07-08 08:51:23'),(1779,'jumps over the lazy dogThe quick brown fox',1161,1601,'2019-12-22 11:22:54'),(1780,'lazy dogThe quick brown fox jumps over the',1106,925,'2018-04-22 06:59:52'),(1781,'brown fox jumps over the lazy dogThe quick',1021,1602,'2016-09-01 13:03:20'),(1782,'the lazy dogThe quick brown fox jumps over',1694,911,'2017-04-30 04:11:20'),(1783,'quick brown fox jumps over the lazy dogThe',1506,932,'2016-03-26 16:14:49'),(1784,'brown fox jumps over the lazy dogThe quick',1946,902,'2017-10-01 10:58:17'),(1785,'jumps over the lazy dogThe quick brown fox',1525,918,'2018-02-24 11:17:11'),(1786,'dogThe quick brown fox jumps over the lazy',1031,905,'2018-02-05 13:18:06'),(1787,'the lazy dogThe quick brown fox jumps over',1645,911,'2018-06-09 22:24:36'),(1788,'gThe quick brown fox jumps over the lazy do',1302,909,'2018-03-19 12:11:43'),(1789,'brown fox jumps over the lazy dogThe quick',1619,915,'2016-11-17 18:48:01'),(1790,'quick brown fox jumps over the lazy dogThe',1562,906,'2019-02-18 20:54:27'),(1791,'the lazy dogThe quick brown fox jumps over',1093,900,'2019-09-25 06:30:39'),(1792,'jumps over the lazy dogThe quick brown fox',1374,927,'2017-08-22 13:33:00'),(1793,'brown fox jumps over the lazy dogThe quick',1143,1610,'2019-06-05 02:55:15'),(1794,'jumps over the lazy dogThe quick brown fox',1353,926,'2018-09-16 09:28:05'),(1795,'over the lazy dogThe quick brown fox jumps',1231,904,'2018-04-13 13:12:28'),(1796,'The quick brown fox jumps over the lazy dog',1867,918,'2016-10-31 03:48:50'),(1797,'brown fox jumps over the lazy dogThe quick',1924,909,'2019-10-31 21:20:54'),(1798,'The quick brown fox jumps over the lazy dog',1602,1615,'2018-05-01 07:01:40'),(1799,'fox jumps over the lazy dogThe quick brown',1780,908,'2016-05-08 03:27:58'),(1800,'jumps over the lazy dogThe quick brown fox',1031,925,'2017-12-20 16:29:34'),(1801,'dogThe quick brown fox jumps over the lazy',1841,928,'2018-01-20 04:37:05'),(1802,'lazy dogThe quick brown fox jumps over the',1177,929,'2016-10-04 13:54:06'),(1803,'quick brown fox jumps over the lazy dogThe',1507,925,'2018-03-22 16:02:11'),(1804,'brown fox jumps over the lazy dogThe quick',1295,920,'2016-10-08 07:39:33'),(1805,'jumps over the lazy dogThe quick brown fox',1813,908,'2018-11-04 12:07:13'),(1806,'fox jumps over the lazy dogThe quick brown',1859,910,'2018-04-19 22:49:03'),(1807,'The quick brown fox jumps over the lazy dog',1795,910,'2016-04-16 00:25:35'),(1808,'brown fox jumps over the lazy dogThe quick',1871,929,'2019-09-02 21:39:10'),(1809,'over the lazy dogThe quick brown fox jumps',1409,921,'2016-03-02 21:00:08'),(1810,'gThe quick brown fox jumps over the lazy do',1072,1656,'2017-04-02 16:30:08'),(1811,'lazy dogThe quick brown fox jumps over the',1742,921,'2017-05-17 21:21:07'),(1812,'fox jumps over the lazy dogThe quick brown',1504,1607,'2018-04-26 03:46:07'),(1813,'ogThe quick brown fox jumps over the lazy d',1071,1613,'2016-11-27 10:19:26'),(1814,'lazy dogThe quick brown fox jumps over the',1707,908,'2016-02-28 20:37:19'),(1815,'lazy dogThe quick brown fox jumps over the',1882,909,'2016-08-14 02:56:31'),(1816,'quick brown fox jumps over the lazy dogThe',1232,1605,'2016-10-04 22:00:39'),(1817,'lazy dogThe quick brown fox jumps over the',1480,929,'2017-04-24 14:54:32'),(1818,'dogThe quick brown fox jumps over the lazy',1682,1613,'2018-12-10 09:10:33'),(1819,'brown fox jumps over the lazy dogThe quick',1417,923,'2017-08-04 10:53:28'),(1820,'fox jumps over the lazy dogThe quick brown',1750,914,'2019-08-08 02:32:10'),(1821,'jumps over the lazy dogThe quick brown fox',1420,902,'2017-08-29 07:03:52'),(1822,'the lazy dogThe quick brown fox jumps over',1149,930,'2019-10-16 17:48:52'),(1823,'lazy dogThe quick brown fox jumps over the',1816,1614,'2016-05-12 01:21:14'),(1824,'quick brown fox jumps over the lazy dogThe',1128,908,'2017-01-28 23:57:29'),(1825,'the lazy dogThe quick brown fox jumps over',1122,904,'2016-11-21 23:26:26'),(1826,'lazy dogThe quick brown fox jumps over the',1557,902,'2018-04-01 03:38:18'),(1827,'dogThe quick brown fox jumps over the lazy',1156,1605,'2018-05-20 03:56:30'),(1828,'the lazy dogThe quick brown fox jumps over',1075,930,'2018-02-13 05:43:17'),(1829,'brown fox jumps over the lazy dogThe quick',1416,1603,'2016-02-28 17:22:40'),(1830,'fox jumps over the lazy dogThe quick brown',1690,920,'2016-02-16 21:22:37'),(1831,'fox jumps over the lazy dogThe quick brown',1576,921,'2017-05-26 21:04:10'),(1832,'brown fox jumps over the lazy dogThe quick',1182,1610,'2019-03-01 12:15:03'),(1833,'lazy dogThe quick brown fox jumps over the',1964,906,'2016-11-12 14:21:14'),(1834,'quick brown fox jumps over the lazy dogThe',1720,1656,'2018-10-15 06:11:21'),(1835,'jumps over the lazy dogThe quick brown fox',1515,1661,'2017-02-24 08:02:18'),(1836,'quick brown fox jumps over the lazy dogThe',1012,915,'2017-05-28 11:03:10'),(1837,'gThe quick brown fox jumps over the lazy do',1696,1610,'2016-10-17 18:34:53'),(1838,'jumps over the lazy dogThe quick brown fox',1135,921,'2018-01-15 03:15:06'),(1839,'dogThe quick brown fox jumps over the lazy',1815,902,'2016-04-27 18:02:31'),(1840,'brown fox jumps over the lazy dogThe quick',1508,1613,'2019-01-11 06:49:37'),(1841,'ogThe quick brown fox jumps over the lazy d',1188,1614,'2017-01-31 06:34:24'),(1842,'brown fox jumps over the lazy dogThe quick',1430,916,'2016-05-06 12:57:31'),(1843,'ogThe quick brown fox jumps over the lazy d',1660,1607,'2016-05-21 16:35:48'),(1844,'lazy dogThe quick brown fox jumps over the',1862,907,'2017-05-02 13:10:13'),(1845,'dogThe quick brown fox jumps over the lazy',1590,1607,'2019-04-16 22:49:33'),(1846,'fox jumps over the lazy dogThe quick brown',1444,915,'2016-05-15 14:44:39'),(1847,'jumps over the lazy dogThe quick brown fox',1083,929,'2019-07-16 06:44:05'),(1848,'over the lazy dogThe quick brown fox jumps',1421,904,'2019-01-24 09:01:59'),(1849,'jumps over the lazy dogThe quick brown fox',1732,1610,'2017-09-08 08:48:06'),(1850,'fox jumps over the lazy dogThe quick brown',1186,914,'2018-11-07 20:03:45'),(1851,'The quick brown fox jumps over the lazy dog',1711,919,'2018-12-06 03:58:21'),(1852,'dogThe quick brown fox jumps over the lazy',1395,905,'2017-02-01 20:25:49'),(1853,'jumps over the lazy dogThe quick brown fox',1186,912,'2016-05-05 01:33:08'),(1854,'fox jumps over the lazy dogThe quick brown',1200,1614,'2017-04-04 16:49:57'),(1855,'the lazy dogThe quick brown fox jumps over',1997,901,'2018-08-11 01:17:59'),(1856,'dogThe quick brown fox jumps over the lazy',1421,924,'2017-05-30 11:16:59'),(1857,'lazy dogThe quick brown fox jumps over the',1911,1666,'2019-02-15 16:33:27'),(1858,'quick brown fox jumps over the lazy dogThe',1435,905,'2016-05-02 23:22:34'),(1859,'over the lazy dogThe quick brown fox jumps',1412,907,'2019-11-27 11:45:54'),(1860,'over the lazy dogThe quick brown fox jumps',1917,913,'2019-07-06 00:16:21'),(1861,'fox jumps over the lazy dogThe quick brown',1858,911,'2016-03-13 15:57:09'),(1862,'lazy dogThe quick brown fox jumps over the',1935,913,'2017-07-26 19:05:22'),(1863,'fox jumps over the lazy dogThe quick brown',1399,1603,'2016-11-10 22:25:28'),(1864,'The quick brown fox jumps over the lazy dog',1814,904,'2018-10-10 02:43:18'),(1865,'dogThe quick brown fox jumps over the lazy',1698,907,'2019-04-03 16:12:50'),(1866,'fox jumps over the lazy dogThe quick brown',1367,928,'2019-09-27 04:43:20'),(1867,'lazy dogThe quick brown fox jumps over the',1208,920,'2019-12-28 16:27:49'),(1868,'jumps over the lazy dogThe quick brown fox',1759,914,'2018-05-23 02:00:14'),(1869,'brown fox jumps over the lazy dogThe quick',1611,909,'2019-02-17 00:07:07'),(1870,'jumps over the lazy dogThe quick brown fox',1726,1610,'2019-12-09 04:32:22'),(1871,'gThe quick brown fox jumps over the lazy do',1639,1656,'2018-06-23 16:31:34'),(1872,'lazy dogThe quick brown fox jumps over the',1239,919,'2016-09-15 19:35:38'),(1873,'quick brown fox jumps over the lazy dogThe',1996,927,'2016-04-04 01:31:42'),(1874,'jumps over the lazy dogThe quick brown fox',1889,1605,'2019-04-14 23:35:50'),(1875,'quick brown fox jumps over the lazy dogThe',1800,913,'2017-07-10 14:30:35'),(1876,'over the lazy dogThe quick brown fox jumps',1913,902,'2018-06-17 04:06:43'),(1877,'jumps over the lazy dogThe quick brown fox',1700,1615,'2019-07-29 00:24:03'),(1878,'dogThe quick brown fox jumps over the lazy',1403,912,'2018-02-24 03:30:33'),(1879,'brown fox jumps over the lazy dogThe quick',2002,920,'2016-02-04 17:37:08'),(1880,'dogThe quick brown fox jumps over the lazy',2004,908,'2019-08-19 02:01:42'),(1881,'jumps over the lazy dogThe quick brown fox',1349,930,'2019-07-21 14:29:21'),(1882,'dogThe quick brown fox jumps over the lazy',1204,909,'2016-11-29 09:35:52'),(1883,'over the lazy dogThe quick brown fox jumps',1467,900,'2016-09-23 21:15:17'),(1884,'The quick brown fox jumps over the lazy dog',1418,915,'2016-09-04 22:47:03'),(1885,'brown fox jumps over the lazy dogThe quick',1482,918,'2016-12-11 10:02:05'),(1886,'brown fox jumps over the lazy dogThe quick',1255,1610,'2019-07-31 00:45:42'),(1887,'fox jumps over the lazy dogThe quick brown',1257,902,'2018-02-08 14:43:06'),(1888,'fox jumps over the lazy dogThe quick brown',1379,920,'2017-05-18 18:50:54'),(1889,'fox jumps over the lazy dogThe quick brown',1546,931,'2018-07-29 07:51:56'),(1890,'quick brown fox jumps over the lazy dogThe',1047,932,'2017-07-10 13:20:23'),(1891,'brown fox jumps over the lazy dogThe quick',1011,906,'2017-09-25 00:21:03'),(1892,'fox jumps over the lazy dogThe quick brown',1477,927,'2019-12-18 14:11:24'),(1893,'gThe quick brown fox jumps over the lazy do',1254,910,'2017-08-06 19:14:00'),(1894,'over the lazy dogThe quick brown fox jumps',1605,910,'2019-09-27 02:55:44'),(1895,'brown fox jumps over the lazy dogThe quick',1582,1603,'2019-12-24 08:57:42'),(1896,'fox jumps over the lazy dogThe quick brown',1834,916,'2017-09-02 19:15:03'),(1897,'lazy dogThe quick brown fox jumps over the',1631,901,'2018-03-26 02:24:40'),(1898,'fox jumps over the lazy dogThe quick brown',1320,903,'2016-06-19 05:43:06'),(1899,'brown fox jumps over the lazy dogThe quick',1916,1661,'2016-12-20 13:39:49'),(1900,'jumps over the lazy dogThe quick brown fox',1647,920,'2018-12-26 00:23:50'),(1901,'lazy dogThe quick brown fox jumps over the',1712,1603,'2017-01-09 23:55:45'),(1902,'brown fox jumps over the lazy dogThe quick',1562,905,'2018-08-24 22:17:25'),(1903,'lazy dogThe quick brown fox jumps over the',1479,928,'2018-02-07 01:39:19'),(1904,'brown fox jumps over the lazy dogThe quick',1300,900,'2018-03-03 23:03:53'),(1905,'fox jumps over the lazy dogThe quick brown',1059,927,'2016-10-16 05:22:11'),(1906,'brown fox jumps over the lazy dogThe quick',1139,1656,'2018-02-11 01:47:59'),(1907,'over the lazy dogThe quick brown fox jumps',1316,907,'2016-09-07 14:14:46'),(1908,'lazy dogThe quick brown fox jumps over the',1100,928,'2017-06-14 00:43:48'),(1909,'the lazy dogThe quick brown fox jumps over',1231,900,'2017-01-06 12:41:28'),(1910,'brown fox jumps over the lazy dogThe quick',1173,1603,'2019-12-05 05:42:45'),(1911,'gThe quick brown fox jumps over the lazy do',1594,910,'2016-07-27 14:44:24'),(1912,'over the lazy dogThe quick brown fox jumps',1531,1605,'2017-04-20 06:26:10'),(1913,'dogThe quick brown fox jumps over the lazy',1103,923,'2016-10-08 04:44:36'),(1914,'jumps over the lazy dogThe quick brown fox',1971,909,'2017-07-29 13:36:57'),(1915,'brown fox jumps over the lazy dogThe quick',1513,922,'2019-09-09 21:32:49'),(1916,'brown fox jumps over the lazy dogThe quick',1351,929,'2018-05-21 20:33:58'),(1917,'fox jumps over the lazy dogThe quick brown',1710,931,'2018-07-11 23:42:06'),(1918,'lazy dogThe quick brown fox jumps over the',1366,914,'2017-10-06 23:59:44'),(1919,'fox jumps over the lazy dogThe quick brown',1191,901,'2019-06-24 04:28:54'),(1920,'jumps over the lazy dogThe quick brown fox',1428,911,'2016-01-18 00:57:10'),(1921,'lazy dogThe quick brown fox jumps over the',1927,1614,'2019-07-01 00:29:02'),(1922,'over the lazy dogThe quick brown fox jumps',1637,913,'2019-10-16 03:46:06'),(1923,'the lazy dogThe quick brown fox jumps over',1381,904,'2016-12-05 07:07:41'),(1924,'brown fox jumps over the lazy dogThe quick',1616,921,'2019-11-03 05:33:25'),(1925,'the lazy dogThe quick brown fox jumps over',1497,900,'2016-03-11 17:40:48'),(1926,'jumps over the lazy dogThe quick brown fox',1072,931,'2017-07-18 08:47:35'),(1927,'lazy dogThe quick brown fox jumps over the',1849,1603,'2019-03-22 00:10:48'),(1928,'quick brown fox jumps over the lazy dogThe',1240,926,'2016-11-02 00:53:22'),(1929,'the lazy dogThe quick brown fox jumps over',1878,901,'2016-06-17 08:12:35'),(1930,'quick brown fox jumps over the lazy dogThe',1393,1601,'2016-10-20 11:46:27'),(1931,'fox jumps over the lazy dogThe quick brown',1221,910,'2019-08-07 09:16:38'),(1932,'dogThe quick brown fox jumps over the lazy',1693,927,'2017-01-29 13:48:14'),(1933,'quick brown fox jumps over the lazy dogThe',1925,1605,'2018-03-23 22:19:24'),(1934,'lazy dogThe quick brown fox jumps over the',1672,915,'2017-12-22 10:04:10'),(1935,'fox jumps over the lazy dogThe quick brown',1484,916,'2016-02-03 22:22:20'),(1936,'dogThe quick brown fox jumps over the lazy',1687,904,'2018-09-08 09:37:20'),(1937,'quick brown fox jumps over the lazy dogThe',1030,1610,'2018-09-22 11:25:36'),(1938,'quick brown fox jumps over the lazy dogThe',1546,906,'2016-06-01 16:34:47'),(1939,'lazy dogThe quick brown fox jumps over the',1109,911,'2017-05-30 22:01:27'),(1940,'dogThe quick brown fox jumps over the lazy',1540,903,'2016-10-20 14:27:33'),(1941,'brown fox jumps over the lazy dogThe quick',1195,1613,'2017-05-03 21:22:24'),(1942,'lazy dogThe quick brown fox jumps over the',1173,1615,'2018-12-29 01:14:23'),(1943,'over the lazy dogThe quick brown fox jumps',1944,1607,'2017-05-05 04:33:36'),(1944,'lazy dogThe quick brown fox jumps over the',1156,912,'2019-11-21 06:43:12'),(1945,'brown fox jumps over the lazy dogThe quick',1438,1603,'2016-10-23 00:06:34'),(1946,'the lazy dogThe quick brown fox jumps over',1243,929,'2017-10-13 12:49:29'),(1947,'fox jumps over the lazy dogThe quick brown',1885,919,'2019-03-06 23:38:52'),(1948,'quick brown fox jumps over the lazy dogThe',1532,1602,'2018-09-30 06:30:01'),(1949,'dogThe quick brown fox jumps over the lazy',1116,1666,'2019-08-15 04:58:31'),(1950,'over the lazy dogThe quick brown fox jumps',1448,908,'2016-07-06 02:10:02'),(1951,'quick brown fox jumps over the lazy dogThe',1292,911,'2018-08-15 03:00:49'),(1952,'quick brown fox jumps over the lazy dogThe',1366,908,'2018-02-23 21:29:05'),(1953,'brown fox jumps over the lazy dogThe quick',1593,1615,'2017-08-30 19:23:39'),(1954,'lazy dogThe quick brown fox jumps over the',1305,909,'2019-03-04 08:08:45'),(1955,'jumps over the lazy dogThe quick brown fox',1294,917,'2019-02-26 04:26:53'),(1956,'brown fox jumps over the lazy dogThe quick',1825,921,'2017-06-20 09:46:10'),(1957,'fox jumps over the lazy dogThe quick brown',1150,907,'2018-09-05 19:25:56'),(1958,'lazy dogThe quick brown fox jumps over the',1515,1603,'2019-07-02 09:48:17'),(1959,'the lazy dogThe quick brown fox jumps over',1339,913,'2016-11-27 01:05:01'),(1960,'brown fox jumps over the lazy dogThe quick',1562,920,'2016-05-13 11:28:56'),(1961,'gThe quick brown fox jumps over the lazy do',1533,1601,'2016-10-12 22:51:44'),(1962,'lazy dogThe quick brown fox jumps over the',1229,1656,'2017-11-30 12:26:37'),(1963,'dogThe quick brown fox jumps over the lazy',1021,929,'2019-03-25 15:09:29'),(1964,'over the lazy dogThe quick brown fox jumps',1823,913,'2019-08-04 20:57:45'),(1965,'brown fox jumps over the lazy dogThe quick',1365,1656,'2016-02-19 10:11:18'),(1966,'lazy dogThe quick brown fox jumps over the',1420,919,'2018-12-31 11:44:37'),(1967,'jumps over the lazy dogThe quick brown fox',1690,1614,'2017-05-29 20:04:22'),(1968,'lazy dogThe quick brown fox jumps over the',1108,914,'2016-03-08 19:10:26'),(1969,'quick brown fox jumps over the lazy dogThe',1448,1666,'2017-10-21 17:48:57'),(1970,'brown fox jumps over the lazy dogThe quick',1025,925,'2018-01-11 05:45:11'),(1971,'quick brown fox jumps over the lazy dogThe',1423,921,'2018-06-12 14:40:25'),(1972,'fox jumps over the lazy dogThe quick brown',1108,923,'2016-10-05 15:35:46'),(1973,'brown fox jumps over the lazy dogThe quick',1906,931,'2016-02-26 00:26:55'),(1974,'ogThe quick brown fox jumps over the lazy d',1728,907,'2019-03-04 22:07:34'),(1975,'dogThe quick brown fox jumps over the lazy',1463,1656,'2018-03-17 09:56:19'),(1976,'lazy dogThe quick brown fox jumps over the',1365,914,'2019-04-18 07:49:41'),(1977,'lazy dogThe quick brown fox jumps over the',1797,929,'2016-12-19 14:10:03'),(1978,'fox jumps over the lazy dogThe quick brown',1304,908,'2019-07-20 12:08:13'),(1979,'over the lazy dogThe quick brown fox jumps',1531,909,'2019-06-04 07:44:33'),(1980,'dogThe quick brown fox jumps over the lazy',1552,932,'2019-02-12 17:13:35'),(1981,'over the lazy dogThe quick brown fox jumps',1623,913,'2018-02-02 10:33:34'),(1982,'brown fox jumps over the lazy dogThe quick',1226,902,'2018-04-23 07:51:15'),(1983,'dogThe quick brown fox jumps over the lazy',1163,906,'2018-03-29 14:58:34'),(1984,'The quick brown fox jumps over the lazy dog',1235,926,'2018-03-29 00:10:17'),(1985,'dogThe quick brown fox jumps over the lazy',1853,927,'2017-02-15 08:52:54'),(1986,'jumps over the lazy dogThe quick brown fox',1560,1610,'2017-11-12 06:25:53'),(1987,'brown fox jumps over the lazy dogThe quick',1987,905,'2018-12-16 07:08:12'),(1988,'jumps over the lazy dogThe quick brown fox',1349,1661,'2018-07-26 02:02:55'),(1989,'fox jumps over the lazy dogThe quick brown',1769,914,'2019-04-16 03:11:11'),(1990,'brown fox jumps over the lazy dogThe quick',1923,1615,'2016-08-25 22:09:15'),(1991,'lazy dogThe quick brown fox jumps over the',1257,1602,'2018-05-02 02:50:51'),(1992,'fox jumps over the lazy dogThe quick brown',1622,1614,'2016-04-24 00:04:14'),(1993,'quick brown fox jumps over the lazy dogThe',1862,908,'2017-11-27 19:51:29'),(1994,'dogThe quick brown fox jumps over the lazy',1320,907,'2019-10-30 10:17:31'),(1995,'fox jumps over the lazy dogThe quick brown',1626,1613,'2019-02-01 00:50:03'),(1996,'brown fox jumps over the lazy dogThe quick',1160,903,'2019-01-27 01:18:15'),(1997,'quick brown fox jumps over the lazy dogThe',1828,932,'2019-10-09 23:34:30'),(1998,'dogThe quick brown fox jumps over the lazy',1377,901,'2016-11-26 20:33:45'),(1999,'dogThe quick brown fox jumps over the lazy',1772,909,'2017-12-28 20:30:15'),(2000,'lazy dogThe quick brown fox jumps over the',1534,931,'2018-02-17 04:52:26'),(2001,'quick brown fox jumps over the lazy dogThe',1511,904,'2018-02-12 20:43:31'),(2002,'quick brown fox jumps over the lazy dogThe',1308,913,'2016-10-08 07:42:15'),(2003,'fox jumps over the lazy dogThe quick brown',1478,1661,'2017-01-10 20:33:00'),(2004,'jumps over the lazy dogThe quick brown fox',1056,918,'2018-11-15 16:11:16'),(2005,'gThe quick brown fox jumps over the lazy do',1442,900,'2018-03-19 09:37:28'),(2006,'brown fox jumps over the lazy dogThe quick',1442,1603,'2016-06-10 18:43:52'),(2007,'over the lazy dogThe quick brown fox jumps',1572,1607,'2019-04-05 20:18:38'),(2008,'quick brown fox jumps over the lazy dogThe',1640,906,'2020-01-01 07:19:22'),(2009,'dogThe quick brown fox jumps over the lazy',1377,905,'2016-04-14 06:42:49'),(2010,'fox jumps over the lazy dogThe quick brown',1582,924,'2018-08-23 10:15:18'),(2011,'over the lazy dogThe quick brown fox jumps',1575,922,'2018-04-23 23:44:38'),(2012,'over the lazy dogThe quick brown fox jumps',1100,910,'2019-10-21 14:37:50'),(2013,'fox jumps over the lazy dogThe quick brown',1132,1661,'2016-10-22 23:04:44'),(2014,'dogThe quick brown fox jumps over the lazy',1943,903,'2018-07-06 14:59:11');
/*!40000 ALTER TABLE `comment` ENABLE KEYS */;
UNLOCK TABLES;

--
-- Table structure for table `comment_like`
--

DROP TABLE IF EXISTS `comment_like`;
/*!40101 SET @saved_cs_client     = @@character_set_client */;
/*!40101 SET character_set_client = utf8 */;
CREATE TABLE `comment_like` (
  `id` int(10) unsigned NOT NULL AUTO_INCREMENT,
  `user_id` int(10) unsigned NOT NULL,
  `comment_id` int(10) unsigned NOT NULL,
  `created_at` datetime NOT NULL DEFAULT current_timestamp(),
  PRIMARY KEY (`id`),
  UNIQUE KEY `comment_like_un` (`user_id`,`comment_id`),
  KEY `comment_like_FK` (`comment_id`),
  CONSTRAINT `comment_like_FK` FOREIGN KEY (`comment_id`) REFERENCES `comment` (`id`) ON DELETE CASCADE ON UPDATE CASCADE,
  CONSTRAINT `comment_like_FK_1` FOREIGN KEY (`user_id`) REFERENCES `user` (`id`) ON DELETE CASCADE ON UPDATE CASCADE
) ENGINE=InnoDB AUTO_INCREMENT=1975 DEFAULT CHARSET=utf8mb3;
/*!40101 SET character_set_client = @saved_cs_client */;

--
-- Dumping data for table `comment_like`
--

LOCK TABLES `comment_like` WRITE;
/*!40000 ALTER TABLE `comment_like` DISABLE KEYS */;
INSERT INTO `comment_like` VALUES (991,908,1573,'2018-03-19 01:11:41'),(992,1613,1642,'2020-07-02 06:04:20'),(993,930,1999,'2020-11-19 02:43:00'),(994,930,1823,'2020-11-23 23:53:06'),(995,930,1473,'2021-03-02 07:51:26'),(996,907,1463,'2020-02-16 10:05:13'),(997,1601,1243,'2020-04-28 22:12:51'),(998,911,1785,'2019-05-08 21:38:40'),(999,924,1325,'2019-08-30 17:20:07'),(1000,923,1848,'2019-01-28 18:49:31'),(1001,930,1913,'2019-03-18 20:39:34'),(1002,1603,1327,'2020-07-06 13:27:27'),(1003,916,1211,'2018-10-03 06:57:04'),(1004,908,1814,'2021-09-06 13:50:00'),(1005,1603,1790,'2019-08-26 01:51:06'),(1006,929,1695,'2018-08-08 20:47:30'),(1007,929,1808,'2019-06-15 13:41:49'),(1008,901,1066,'2021-01-05 06:14:53'),(1009,912,1708,'2020-07-22 15:49:20'),(1010,914,1254,'2020-10-06 22:05:32'),(1011,926,1256,'2020-09-03 02:48:33'),(1012,1602,1681,'2021-12-27 03:31:19'),(1013,921,1685,'2019-12-24 07:13:21'),(1014,918,1883,'2019-07-08 18:04:18'),(1015,918,1917,'2020-09-01 02:02:06'),(1016,917,1141,'2020-01-08 06:19:03'),(1017,924,1667,'2019-11-28 02:52:08'),(1018,906,1687,'2020-12-31 09:10:13'),(1019,1603,1223,'2021-12-18 02:23:13'),(1020,1656,1969,'2021-03-04 00:34:24'),(1021,918,1674,'2019-09-26 16:58:18'),(1022,913,1911,'2018-08-22 16:26:20'),(1023,901,1565,'2018-01-09 17:40:21'),(1024,1602,1374,'2021-11-18 18:28:32'),(1025,1607,1206,'2019-11-21 15:07:42'),(1026,1656,1127,'2021-06-20 02:00:22'),(1027,1607,1505,'2021-01-31 18:13:34'),(1028,1614,1838,'2021-08-02 23:19:58'),(1029,1602,1345,'2018-04-26 10:07:32'),(1030,909,1189,'2018-12-27 14:44:25'),(1031,918,1490,'2021-07-09 02:16:23'),(1032,1605,1140,'2018-11-22 21:58:42'),(1033,1661,1260,'2019-11-23 10:14:33'),(1034,909,1271,'2018-09-14 10:40:07'),(1035,916,1299,'2019-04-03 01:41:11'),(1036,912,1862,'2018-09-08 06:06:17'),(1037,922,1983,'2019-11-13 15:56:04'),(1038,921,1074,'2019-01-28 03:30:01'),(1039,929,1401,'2019-04-17 15:55:16'),(1040,1614,1641,'2019-07-03 21:06:09'),(1041,1656,1580,'2020-07-28 08:51:55'),(1042,900,1089,'2021-05-10 06:44:39'),(1043,910,1897,'2021-07-28 10:07:15'),(1044,924,1344,'2020-11-18 04:20:02'),(1045,900,1222,'2019-10-08 14:55:57'),(1046,922,1878,'2019-06-24 18:05:48'),(1047,915,1248,'2021-05-24 19:19:15'),(1048,1613,1672,'2021-04-16 22:24:29'),(1049,930,1119,'2019-11-08 13:40:49'),(1050,921,1936,'2019-05-15 23:25:56'),(1051,1603,1172,'2019-07-17 03:12:16'),(1052,911,1738,'2020-10-20 16:54:30'),(1053,1656,1150,'2019-03-13 10:14:13'),(1054,913,1401,'2019-10-26 06:52:23'),(1055,915,1760,'2021-10-24 23:04:11'),(1056,926,1990,'2019-06-30 03:22:37'),(1057,916,1632,'2020-11-16 07:27:04'),(1058,1601,1234,'2020-05-04 11:12:44'),(1059,929,1949,'2019-02-11 13:22:47'),(1060,917,1432,'2020-03-23 04:08:56'),(1061,921,1069,'2020-08-26 15:03:58'),(1062,918,1213,'2021-03-19 02:46:08'),(1063,910,1363,'2018-08-31 13:16:07'),(1064,1605,1466,'2019-12-07 19:32:33'),(1065,1607,1259,'2018-02-14 17:18:35'),(1066,926,1663,'2018-04-25 07:33:31'),(1067,911,1359,'2018-02-19 03:25:45'),(1068,1615,1918,'2018-08-09 20:32:01'),(1069,903,1088,'2018-04-30 03:32:37'),(1070,1615,1896,'2018-04-21 07:17:34'),(1071,906,1054,'2021-07-20 02:55:44'),(1072,904,1254,'2018-05-18 18:58:50'),(1073,1656,1144,'2018-11-15 04:16:52'),(1074,927,1040,'2020-06-05 16:18:36'),(1075,923,1976,'2018-11-09 04:39:34'),(1076,1610,1826,'2020-05-19 04:00:16'),(1077,931,1071,'2020-03-22 15:09:58'),(1078,929,1872,'2020-01-08 08:36:45'),(1079,917,1144,'2021-06-24 02:00:48'),(1080,907,1701,'2021-08-15 00:34:55'),(1081,913,1528,'2019-09-03 14:31:28'),(1082,911,1794,'2021-10-25 02:01:59'),(1083,900,1368,'2020-09-21 18:27:10'),(1084,931,1365,'2019-08-07 06:06:49'),(1085,1666,1108,'2018-08-20 05:45:55'),(1086,1601,1998,'2020-08-12 19:57:17'),(1087,910,1089,'2021-10-13 06:21:58'),(1088,918,1221,'2018-10-21 06:52:25'),(1089,932,1951,'2018-03-12 10:26:45'),(1090,906,1307,'2018-07-04 16:49:34'),(1091,1613,1087,'2020-05-07 03:17:06'),(1092,1605,1912,'2020-01-05 20:36:49'),(1093,1602,1380,'2021-09-26 17:22:26'),(1094,925,1358,'2018-08-26 09:47:51'),(1095,903,1939,'2018-11-17 03:50:45'),(1096,902,1236,'2019-10-03 11:53:35'),(1097,1607,1080,'2018-03-29 11:21:54'),(1098,902,1105,'2018-07-21 19:37:43'),(1099,924,1339,'2019-02-01 15:25:01'),(1100,930,1593,'2021-10-31 00:28:18'),(1101,1661,1452,'2020-01-19 01:29:46'),(1102,922,1187,'2018-12-21 22:23:50'),(1103,1615,1836,'2018-09-24 21:12:07'),(1104,921,1653,'2021-10-29 03:02:42'),(1105,1615,1852,'2021-11-25 23:25:09'),(1106,900,1480,'2019-05-30 18:30:40'),(1107,932,1751,'2019-05-10 02:38:37'),(1108,913,1669,'2020-04-17 03:16:16'),(1109,900,1028,'2021-08-22 04:11:05'),(1110,926,1749,'2020-06-15 01:22:53'),(1111,1601,1385,'2018-04-01 03:31:08'),(1112,1613,1450,'2018-10-11 09:32:11'),(1113,918,1435,'2018-12-14 20:02:41'),(1114,903,1994,'2019-08-22 12:42:10'),(1115,1607,1093,'2018-03-24 01:15:06'),(1116,901,1845,'2018-01-11 23:43:47'),(1117,922,1047,'2020-03-23 11:56:22'),(1118,910,1372,'2020-08-06 09:18:50'),(1119,910,1964,'2020-03-04 00:07:23'),(1120,925,1520,'2018-05-30 05:04:19'),(1121,909,1784,'2019-10-18 08:40:37'),(1122,927,1750,'2019-04-20 20:54:02'),(1123,1614,1485,'2021-08-16 08:17:51'),(1124,932,1739,'2019-07-23 18:34:31'),(1125,904,1185,'2021-07-06 14:57:28'),(1126,1607,1299,'2019-10-26 02:40:54'),(1127,917,1303,'2020-07-21 04:18:54'),(1128,1607,1200,'2018-02-26 23:30:10'),(1129,1601,1072,'2019-04-09 11:20:33'),(1130,911,1155,'2018-02-23 06:52:51'),(1131,914,1203,'2019-09-08 10:52:52'),(1132,910,1516,'2021-09-03 13:38:58'),(1133,1615,1519,'2020-01-30 17:41:38'),(1134,1613,1768,'2018-01-14 14:53:24'),(1135,932,1414,'2019-03-18 21:53:29'),(1136,925,1362,'2019-11-13 16:52:22'),(1137,920,1811,'2018-06-21 17:31:34'),(1138,922,1867,'2021-10-15 11:29:44'),(1139,926,1748,'2021-12-10 19:56:18'),(1140,916,1821,'2018-02-10 18:01:58'),(1141,914,1114,'2021-10-15 18:22:32'),(1142,919,1328,'2021-06-28 10:22:22'),(1143,931,2009,'2019-09-12 12:08:37'),(1144,906,1073,'2020-08-13 19:41:24'),(1145,919,1697,'2019-09-16 23:44:39'),(1146,921,1819,'2020-09-25 22:56:38'),(1147,910,1352,'2020-11-25 02:10:35'),(1148,910,1839,'2020-01-17 02:33:52'),(1149,903,1595,'2018-08-05 11:34:04'),(1150,901,1277,'2021-11-02 09:59:57'),(1151,1607,1415,'2018-03-30 00:25:32'),(1152,919,1907,'2021-07-31 09:25:42'),(1153,922,2006,'2019-06-27 13:29:15'),(1154,929,1311,'2020-09-10 05:30:27'),(1155,904,1865,'2021-12-19 18:37:11'),(1156,1661,1172,'2018-04-03 09:50:46'),(1157,921,1968,'2021-08-24 05:15:32'),(1158,914,1297,'2021-03-20 22:45:35'),(1159,1601,1579,'2021-04-27 19:05:56'),(1160,919,1704,'2021-12-06 02:10:58'),(1161,907,1623,'2020-02-11 16:48:44'),(1162,930,1336,'2020-06-05 10:53:33'),(1163,909,1259,'2021-02-06 10:16:27'),(1164,904,1889,'2019-08-02 14:36:32'),(1165,902,1589,'2022-01-01 02:40:10'),(1166,920,1258,'2021-04-16 17:01:15'),(1167,918,1889,'2019-10-22 20:39:15'),(1168,903,1640,'2018-05-18 11:27:20'),(1169,901,1714,'2018-03-25 11:25:53'),(1170,928,1839,'2019-01-10 11:22:00'),(1171,911,1305,'2018-06-17 22:04:32'),(1172,1614,1708,'2020-10-26 19:41:40'),(1173,924,1724,'2021-01-13 07:48:03'),(1174,911,1366,'2019-07-04 04:22:33'),(1175,925,1673,'2018-05-21 19:57:48'),(1176,1615,1287,'2020-07-23 22:17:02'),(1177,922,1537,'2018-03-04 16:27:57'),(1178,920,1497,'2020-09-25 08:26:52'),(1179,916,1942,'2020-03-15 20:28:12'),(1180,921,1566,'2020-10-14 06:19:42'),(1181,1615,1093,'2019-05-22 13:07:02'),(1182,907,1142,'2019-02-22 12:26:48'),(1183,921,1939,'2020-06-12 21:46:10'),(1184,926,1619,'2020-12-07 16:33:38'),(1185,1613,1047,'2021-10-12 03:53:33'),(1186,911,1961,'2020-10-13 06:23:40'),(1187,926,1080,'2018-11-14 04:28:45'),(1188,902,1325,'2019-01-10 15:08:02'),(1189,900,1420,'2020-02-09 23:18:17'),(1190,926,1154,'2018-03-15 02:23:52'),(1191,929,1889,'2019-06-24 05:33:02'),(1192,915,1297,'2020-08-30 07:03:01'),(1193,925,2004,'2021-08-16 22:20:38'),(1194,1614,1670,'2018-04-13 13:17:25'),(1195,1601,1711,'2018-07-04 18:37:51'),(1196,1614,1979,'2021-10-19 02:54:08'),(1197,1601,1278,'2020-01-11 04:32:38'),(1198,910,1057,'2018-04-02 22:11:18'),(1199,1605,1989,'2020-06-19 11:45:07'),(1200,909,1677,'2021-06-19 01:58:20'),(1201,922,1663,'2018-01-28 07:11:17'),(1202,925,1996,'2018-10-22 22:27:18'),(1203,922,1601,'2021-09-02 03:05:46'),(1204,904,1822,'2020-12-30 06:11:05'),(1205,1613,1282,'2020-04-25 05:24:12'),(1206,929,1328,'2021-10-15 15:25:20'),(1207,902,1744,'2019-05-15 00:17:39'),(1208,903,1574,'2021-09-15 15:20:11'),(1209,909,1480,'2019-12-16 16:51:32'),(1210,1661,1561,'2018-07-15 06:28:58'),(1211,1607,1342,'2018-01-20 22:44:42'),(1212,918,1968,'2020-06-21 03:21:02'),(1213,1601,1714,'2018-03-11 04:54:49'),(1214,1613,1231,'2021-10-01 12:46:49'),(1215,931,1338,'2019-12-18 09:40:36'),(1216,901,1133,'2019-10-08 15:48:31'),(1217,915,1292,'2020-05-07 23:01:55'),(1218,911,1727,'2020-07-06 01:09:03'),(1219,911,1850,'2019-07-28 09:54:49'),(1220,1615,1917,'2021-08-13 22:54:05'),(1221,919,1463,'2021-08-02 12:12:22'),(1222,1614,1072,'2018-01-28 06:24:13'),(1223,917,1951,'2021-12-06 00:20:11'),(1224,928,1305,'2018-04-09 08:58:58'),(1225,1605,1971,'2019-07-26 06:06:41'),(1226,1603,1146,'2021-05-06 03:14:48'),(1227,1601,1903,'2019-01-18 07:20:51'),(1228,902,1308,'2020-01-27 08:40:53'),(1229,918,1176,'2021-12-03 09:02:03'),(1230,920,1761,'2018-01-21 05:45:43'),(1231,1603,1963,'2021-12-16 05:35:57'),(1232,903,1448,'2020-05-12 10:53:14'),(1233,910,1199,'2019-05-13 20:11:20'),(1234,918,1336,'2020-08-24 11:31:49'),(1235,918,1629,'2020-07-01 06:16:34'),(1236,912,1884,'2021-08-29 22:09:09'),(1237,1666,1610,'2018-12-23 08:59:51'),(1238,1603,2007,'2019-11-08 11:34:15'),(1239,919,1296,'2020-11-16 08:51:58'),(1240,927,1947,'2019-01-17 20:17:23'),(1241,927,1972,'2018-02-18 14:13:08'),(1242,928,1423,'2018-01-12 05:35:25'),(1243,1602,1932,'2020-08-21 02:56:41'),(1244,927,1856,'2018-09-22 09:52:43'),(1245,902,1654,'2020-03-14 00:03:26'),(1246,915,1372,'2019-06-20 04:50:53'),(1247,1656,1396,'2020-11-17 03:33:17'),(1248,903,1101,'2018-12-09 00:20:28'),(1249,925,1959,'2019-09-14 14:54:48'),(1250,927,1585,'2021-10-12 18:00:35'),(1251,905,1918,'2020-07-10 22:27:12'),(1252,930,1507,'2020-06-26 20:48:52'),(1253,926,1504,'2018-07-07 00:33:12'),(1254,901,1162,'2018-07-31 09:17:58'),(1255,924,1150,'2021-02-24 22:07:31'),(1256,905,1956,'2021-07-08 23:57:58'),(1257,909,1809,'2018-01-09 20:22:33'),(1258,926,1106,'2019-06-24 11:00:28'),(1259,905,1223,'2020-06-09 18:44:28'),(1260,920,1668,'2021-11-19 09:31:03'),(1261,928,1115,'2019-07-20 06:02:11'),(1262,909,1973,'2018-10-06 21:22:43'),(1263,1607,1352,'2018-03-14 08:19:03'),(1264,928,1766,'2020-07-23 22:22:16'),(1265,916,1411,'2020-06-23 12:18:32'),(1266,903,1824,'2020-04-06 19:16:19'),(1267,1656,1286,'2019-10-26 14:32:53'),(1268,925,1419,'2020-07-12 00:27:35'),(1269,905,1928,'2018-05-15 10:44:36'),(1270,1614,1877,'2018-11-21 11:09:02'),(1271,1661,1027,'2021-05-22 10:05:36'),(1272,911,1085,'2019-07-08 09:08:24'),(1273,906,1529,'2019-03-07 03:11:59'),(1274,902,1842,'2019-07-22 09:50:32'),(1275,913,1651,'2018-03-10 22:53:58'),(1276,932,1161,'2019-05-19 04:12:19'),(1277,927,1654,'2021-01-18 09:32:07'),(1278,915,1329,'2018-11-29 11:40:08'),(1279,1615,1743,'2019-02-12 20:51:51'),(1280,924,1043,'2019-11-22 11:27:41'),(1281,926,1657,'2019-02-17 17:54:00'),(1282,907,1082,'2021-08-10 17:05:19'),(1283,914,1865,'2021-04-15 13:17:14'),(1284,914,1364,'2020-09-18 20:23:16'),(1285,920,1848,'2020-06-05 17:48:21'),(1286,920,1924,'2018-12-04 01:10:24'),(1287,917,1610,'2020-06-06 00:15:50'),(1288,914,1790,'2021-09-15 03:43:12'),(1289,921,1547,'2019-12-25 02:26:36'),(1290,921,1562,'2020-12-28 21:19:49'),(1291,924,1435,'2021-06-20 12:40:34'),(1292,1607,1792,'2018-06-03 23:23:24'),(1293,1615,1100,'2018-07-05 09:21:09'),(1294,1614,1794,'2020-02-04 03:52:11'),(1295,1601,1606,'2020-08-10 07:22:31'),(1296,1656,1444,'2019-12-26 06:01:52'),(1297,909,1904,'2021-07-27 06:33:11'),(1298,900,1466,'2021-05-16 16:23:07'),(1299,1661,1048,'2021-11-07 17:26:45'),(1300,931,1886,'2018-12-25 07:11:43'),(1301,1602,1760,'2018-02-28 14:53:10'),(1302,906,1940,'2019-08-22 22:44:38'),(1303,911,1861,'2019-02-15 08:04:04'),(1304,1605,1832,'2018-10-30 04:18:30'),(1305,914,1780,'2021-03-04 16:49:36'),(1306,929,1568,'2018-07-08 15:19:57'),(1307,923,1768,'2019-08-03 22:15:08'),(1308,902,1288,'2021-08-30 12:11:05'),(1309,1613,1333,'2019-11-13 16:00:55'),(1310,1603,1895,'2020-01-24 18:24:19'),(1311,912,1118,'2021-01-02 09:03:44'),(1312,904,1051,'2021-02-24 16:30:30'),(1313,921,1853,'2020-01-20 19:31:10'),(1314,909,1469,'2018-12-24 22:14:58'),(1315,919,1550,'2020-04-07 04:44:14'),(1316,1656,1266,'2020-12-15 00:36:39'),(1317,932,1102,'2020-12-02 12:40:01'),(1318,925,1097,'2019-12-23 05:36:36'),(1319,931,1735,'2018-05-27 13:14:29'),(1320,923,1043,'2019-02-20 10:58:03'),(1321,906,1819,'2021-11-20 10:20:48'),(1322,1613,1351,'2020-04-08 06:17:50'),(1323,1605,1030,'2020-05-18 02:23:56'),(1324,913,1931,'2021-03-16 22:47:36'),(1325,900,1135,'2019-03-04 13:26:47'),(1326,905,1940,'2021-12-15 15:21:19'),(1327,902,1818,'2020-08-11 02:19:51'),(1328,915,1822,'2018-06-05 00:03:29'),(1329,923,1600,'2021-06-12 08:09:46'),(1330,926,1081,'2021-03-30 16:38:27'),(1331,1602,1117,'2020-03-11 13:21:15'),(1332,1610,1249,'2018-05-06 07:25:28'),(1333,914,1551,'2019-11-12 22:44:01'),(1334,1602,1456,'2021-03-11 12:54:46'),(1335,1601,1418,'2020-12-17 07:40:50'),(1336,918,1239,'2020-02-22 17:08:33'),(1337,908,1751,'2020-11-17 12:37:07'),(1338,1602,1259,'2018-03-11 07:44:25'),(1339,908,1118,'2020-11-27 08:27:34'),(1340,1605,1088,'2020-12-14 16:38:00'),(1341,907,1720,'2020-06-02 22:45:18'),(1342,911,1717,'2021-06-18 09:55:38'),(1343,923,1333,'2018-03-06 07:56:41'),(1344,1607,1136,'2020-08-26 02:37:15'),(1345,901,1679,'2021-10-14 04:21:31'),(1346,910,1704,'2020-05-18 02:18:17'),(1347,1603,1337,'2020-12-19 12:02:45'),(1348,902,1411,'2019-03-27 21:40:27'),(1349,1610,1796,'2020-10-18 19:46:24'),(1350,930,1805,'2020-10-22 05:29:02'),(1351,1656,1361,'2020-08-06 02:38:13'),(1352,905,1150,'2018-12-08 14:27:29'),(1353,1610,1823,'2019-05-09 09:10:03'),(1354,918,1259,'2021-04-04 11:25:26'),(1355,927,1556,'2021-04-30 16:22:30'),(1356,904,1145,'2021-08-14 03:13:18'),(1357,1605,1247,'2019-05-11 23:28:00'),(1358,921,1910,'2021-09-08 22:19:08'),(1359,1613,1288,'2021-06-18 16:28:31'),(1360,904,1552,'2021-02-18 13:03:54'),(1361,1661,1745,'2018-03-29 18:41:00'),(1362,1661,1688,'2019-05-19 23:44:46'),(1363,915,1244,'2020-01-11 16:18:01'),(1364,1615,1337,'2019-04-17 10:18:44'),(1365,1601,1417,'2021-01-08 10:31:29'),(1366,1602,1382,'2020-09-14 19:53:50'),(1367,929,1390,'2020-02-25 05:12:53'),(1368,903,1832,'2021-02-12 12:27:57'),(1369,921,1208,'2018-05-13 07:48:20'),(1370,900,1241,'2019-07-20 11:23:25'),(1371,901,1369,'2018-10-03 16:10:21'),(1372,1656,1685,'2019-08-21 06:44:36'),(1373,902,1563,'2021-03-22 13:13:11'),(1374,928,1413,'2019-08-21 06:20:09'),(1375,900,1071,'2018-01-14 04:50:12'),(1376,918,1911,'2021-12-01 18:56:05'),(1377,920,1483,'2020-11-19 23:40:35'),(1378,1603,1174,'2020-05-24 11:18:33'),(1379,909,1951,'2021-02-02 10:26:38'),(1380,910,1866,'2021-04-11 01:09:43'),(1381,907,1782,'2020-08-27 17:31:40'),(1382,1605,1270,'2021-12-05 17:03:41'),(1383,900,1580,'2021-08-16 01:16:06'),(1384,915,1060,'2020-09-04 19:51:30'),(1385,1613,1666,'2018-01-10 14:23:43'),(1386,928,1267,'2020-06-18 11:09:28'),(1387,924,1505,'2021-12-13 00:19:34'),(1388,901,1358,'2018-04-01 10:35:37'),(1389,924,1073,'2018-09-18 08:34:28'),(1390,914,1589,'2019-04-28 13:50:28'),(1391,906,1300,'2021-01-26 02:00:18'),(1392,917,1630,'2019-06-05 05:55:57'),(1393,1603,1398,'2020-06-28 11:41:09'),(1394,1666,1981,'2019-11-03 15:03:02'),(1395,910,1710,'2018-05-09 13:51:12'),(1396,1666,1073,'2021-08-29 20:19:40'),(1397,930,1866,'2020-11-08 09:34:36'),(1398,1615,1332,'2018-01-20 15:00:45'),(1399,916,1701,'2018-07-02 22:36:14'),(1400,908,1226,'2018-03-19 05:59:29'),(1401,1666,1757,'2019-04-28 23:41:23'),(1402,925,1686,'2020-07-18 20:14:21'),(1403,931,1113,'2019-07-31 05:12:14'),(1404,919,1643,'2018-07-03 00:00:56'),(1405,914,1610,'2020-04-15 00:12:18'),(1406,1614,1612,'2018-04-27 19:43:03'),(1407,917,1550,'2020-02-03 01:38:59'),(1408,900,1035,'2019-10-10 13:14:19'),(1409,920,2012,'2021-12-11 18:13:33'),(1410,916,1444,'2018-05-16 09:34:20'),(1411,930,1378,'2019-11-09 19:32:42'),(1412,1613,1797,'2019-09-07 05:25:45'),(1413,1602,1457,'2019-03-02 01:24:14'),(1414,928,1632,'2018-03-02 15:22:20'),(1415,915,1979,'2020-01-02 14:01:10'),(1416,917,1035,'2018-01-27 16:23:36'),(1417,1613,1655,'2019-09-18 15:24:02'),(1418,932,1529,'2020-11-13 10:56:27'),(1419,912,1468,'2020-07-06 02:23:04'),(1420,1605,1602,'2021-03-07 20:28:00'),(1421,930,1571,'2020-06-23 07:23:18'),(1422,918,1659,'2021-12-31 08:00:52'),(1423,1601,1739,'2020-03-10 19:14:47'),(1424,915,1753,'2021-09-13 08:01:51'),(1425,922,1757,'2021-07-25 11:55:04'),(1426,915,1701,'2018-10-26 10:59:34'),(1427,1603,1278,'2019-07-21 11:19:28'),(1428,925,1866,'2021-07-15 19:51:27'),(1429,930,1739,'2021-06-28 12:55:56'),(1430,901,1201,'2021-08-27 19:20:23'),(1431,900,1610,'2018-10-12 22:51:24'),(1432,904,1209,'2018-10-17 11:19:29'),(1433,920,1096,'2021-03-10 05:20:54'),(1434,913,1615,'2019-04-22 20:30:06'),(1435,1605,1820,'2020-11-25 11:37:14'),(1436,914,1464,'2021-03-04 20:16:29'),(1437,928,1179,'2021-05-05 06:30:15'),(1438,900,1698,'2020-12-23 10:01:24'),(1439,926,1978,'2019-07-12 09:06:53'),(1440,908,1074,'2020-05-07 13:33:35'),(1441,918,1308,'2021-07-25 13:01:31'),(1442,902,1490,'2020-05-15 20:26:14'),(1443,910,1992,'2020-08-26 09:28:34'),(1444,1661,1044,'2021-01-01 05:11:25'),(1445,922,1089,'2021-08-19 09:29:04'),(1446,928,1789,'2018-11-02 23:49:04'),(1447,1607,1703,'2018-11-23 12:04:18'),(1448,928,1835,'2020-10-07 12:53:10'),(1449,911,1159,'2018-01-27 17:06:50'),(1450,904,1522,'2020-04-01 02:32:43'),(1451,917,1896,'2021-01-06 17:07:51'),(1452,927,1558,'2021-04-24 13:08:57'),(1453,912,1556,'2020-09-11 20:30:27'),(1454,931,1276,'2020-04-20 02:04:27'),(1455,1605,1702,'2020-11-08 07:31:37'),(1456,903,1633,'2018-12-03 21:03:14'),(1457,900,1247,'2019-10-01 08:23:10'),(1458,1610,1841,'2019-11-16 05:40:08'),(1459,926,1994,'2018-01-23 21:53:03'),(1460,1605,1981,'2020-12-16 04:13:31'),(1461,920,1154,'2021-04-04 03:18:18'),(1462,922,1438,'2021-10-20 22:33:13'),(1463,1615,1820,'2020-02-10 15:59:58'),(1464,922,1469,'2020-08-28 00:27:26'),(1465,1605,1281,'2019-08-27 00:48:40'),(1466,1615,1996,'2021-07-15 00:13:54'),(1467,913,1790,'2021-10-27 01:41:37'),(1468,1615,1328,'2020-02-24 23:39:35'),(1469,924,1997,'2021-07-27 15:24:18'),(1470,912,1553,'2019-11-15 03:42:05'),(1471,917,1480,'2020-03-21 20:19:29'),(1472,1661,1998,'2018-11-17 07:04:06'),(1473,1615,1330,'2020-05-31 23:01:35'),(1474,921,1947,'2020-03-05 14:43:12'),(1475,1666,1209,'2019-11-02 03:35:30'),(1476,927,2008,'2021-02-03 22:54:22'),(1477,1656,1398,'2021-07-08 17:05:14'),(1478,916,1707,'2019-10-01 00:40:48'),(1479,926,1079,'2020-08-18 19:51:54'),(1480,911,1506,'2020-08-13 17:11:18'),(1481,918,1865,'2020-10-06 06:07:10'),(1482,1602,1580,'2018-12-24 16:09:07'),(1483,900,1188,'2019-07-01 23:07:21'),(1484,1610,1533,'2021-11-12 12:22:23'),(1485,1602,1389,'2018-10-05 14:21:49'),(1486,907,1906,'2020-03-13 21:04:58'),(1487,907,1761,'2020-07-08 18:31:51'),(1488,905,1834,'2019-04-06 12:29:15'),(1489,1666,1939,'2020-12-21 12:07:52'),(1490,914,1837,'2021-08-30 13:17:09'),(1491,914,1778,'2021-05-23 19:25:45'),(1492,1615,1385,'2021-07-04 17:14:22'),(1493,906,1575,'2020-07-03 00:17:20'),(1494,927,1532,'2020-01-01 15:06:53'),(1495,923,1085,'2020-03-20 07:38:13'),(1496,913,1399,'2019-12-04 23:09:24'),(1497,921,1602,'2018-07-15 12:47:28'),(1498,1605,1566,'2019-02-17 11:11:22'),(1499,924,1528,'2020-03-31 21:39:32'),(1500,921,1086,'2020-02-14 08:06:21'),(1501,927,1706,'2019-07-26 22:36:03'),(1502,920,1787,'2018-10-01 23:22:57'),(1503,916,1815,'2019-10-20 07:30:51'),(1504,927,2006,'2019-07-17 15:25:44'),(1505,927,1464,'2019-03-24 00:11:16'),(1506,904,1537,'2020-02-24 13:05:49'),(1507,925,1783,'2020-10-26 12:00:39'),(1508,927,1097,'2018-01-15 00:40:08'),(1509,910,1237,'2019-12-04 17:13:33'),(1510,924,1492,'2018-12-11 15:32:35'),(1511,1610,1034,'2019-09-13 17:58:12'),(1512,931,1733,'2021-03-27 01:37:06'),(1513,1666,1522,'2018-01-05 02:17:07'),(1514,901,1837,'2018-11-21 14:30:59'),(1515,915,1879,'2020-11-23 20:32:01'),(1516,926,1586,'2019-04-30 13:45:40'),(1517,916,1307,'2018-03-31 07:22:58'),(1518,1603,1123,'2019-10-03 06:51:04'),(1519,1605,1021,'2020-02-02 15:07:07'),(1520,901,1467,'2019-12-20 03:33:43'),(1521,1613,1054,'2020-09-16 09:58:27'),(1522,916,1422,'2021-07-08 06:45:03'),(1523,915,1236,'2020-12-08 14:28:56'),(1524,912,1841,'2021-10-22 05:28:35'),(1525,1615,1998,'2019-03-19 08:13:49'),(1526,1607,1647,'2018-04-16 14:04:15'),(1527,919,1232,'2018-11-03 06:32:49'),(1528,925,1171,'2020-05-02 17:33:09'),(1529,1666,1391,'2019-05-29 22:09:15'),(1530,921,1742,'2019-12-12 03:09:27'),(1531,1666,1890,'2019-03-19 09:22:00'),(1532,912,1618,'2018-07-03 18:56:46'),(1533,931,1925,'2020-08-19 08:55:05'),(1534,907,1844,'2018-05-31 20:51:25'),(1535,910,1837,'2020-11-02 19:59:12'),(1536,913,1193,'2019-04-23 02:08:05'),(1537,930,1550,'2020-10-29 00:28:37'),(1538,920,1927,'2021-08-19 22:08:23'),(1539,929,1986,'2018-06-08 08:04:31'),(1540,903,1385,'2021-12-13 15:01:44'),(1541,1603,1864,'2018-10-26 08:42:33'),(1542,932,1292,'2021-05-24 23:20:21'),(1543,902,1289,'2019-03-13 16:41:35'),(1544,1605,1922,'2021-02-10 16:13:12'),(1545,1603,1352,'2021-02-25 04:14:00'),(1546,908,1150,'2018-02-07 11:34:20'),(1547,928,1045,'2020-12-09 16:24:23'),(1548,912,1318,'2021-07-28 19:51:43'),(1549,917,1712,'2021-01-31 15:56:01'),(1550,922,1468,'2019-05-19 00:24:58'),(1551,903,1274,'2021-01-28 23:31:34'),(1552,909,1576,'2018-03-12 17:15:54'),(1553,908,1452,'2019-08-04 05:58:13'),(1554,904,1025,'2020-09-30 22:49:05'),(1555,902,1845,'2020-05-08 13:58:54'),(1556,1613,1554,'2021-03-01 02:18:06'),(1557,901,1034,'2020-08-28 14:11:14'),(1558,910,1493,'2021-07-02 07:36:58'),(1559,908,1192,'2021-08-21 10:00:30'),(1560,905,1484,'2021-08-02 04:23:30'),(1561,925,1339,'2021-09-23 08:56:18'),(1562,1661,1545,'2021-06-17 15:56:53'),(1563,919,1888,'2019-12-23 19:39:18'),(1564,916,1586,'2018-07-12 05:49:54'),(1565,911,1928,'2018-07-04 03:09:30'),(1566,923,1245,'2018-06-05 22:52:42'),(1567,908,1681,'2021-07-30 03:05:38'),(1568,912,1312,'2021-01-15 22:30:44'),(1569,914,1305,'2020-08-31 10:45:28'),(1570,1607,1166,'2021-08-15 19:54:58'),(1571,920,1588,'2018-06-27 01:49:04'),(1572,1610,1786,'2019-06-02 17:23:59'),(1573,908,1472,'2021-10-22 16:43:56'),(1574,908,1943,'2020-12-16 12:39:40'),(1575,1610,1863,'2020-09-19 12:45:20'),(1576,1607,1304,'2020-10-10 23:25:06'),(1577,1613,1532,'2019-07-16 06:04:28'),(1578,929,1152,'2019-03-13 10:01:36'),(1579,1666,1799,'2018-11-02 22:28:39'),(1580,931,1314,'2021-05-08 12:57:43'),(1581,911,1595,'2019-03-07 18:27:59'),(1582,913,1035,'2020-02-06 23:49:18'),(1583,1614,1134,'2020-09-20 05:42:48'),(1584,1656,1049,'2019-08-08 07:22:12'),(1585,900,1930,'2019-07-04 13:35:18'),(1586,909,1617,'2020-08-04 15:05:04'),(1587,909,1192,'2019-05-20 18:38:44'),(1588,928,1727,'2020-02-28 10:36:34'),(1589,904,1481,'2020-08-10 21:07:20'),(1590,1656,1041,'2019-12-27 13:56:58'),(1591,1605,1086,'2019-12-17 10:07:25'),(1592,914,1532,'2018-03-20 04:09:07'),(1593,1661,1507,'2020-10-07 23:50:35'),(1594,915,1670,'2021-10-09 15:38:34'),(1595,1610,1444,'2020-02-09 16:17:54'),(1596,915,1150,'2018-11-28 11:47:38'),(1597,1607,1147,'2018-04-27 18:15:18'),(1598,930,1436,'2021-03-12 17:45:02'),(1599,909,1725,'2021-01-24 13:43:12'),(1600,901,1556,'2018-01-27 22:19:28'),(1601,923,1826,'2018-01-16 09:32:56'),(1602,931,1119,'2019-11-08 16:59:03'),(1603,901,1326,'2021-08-22 10:01:16'),(1604,928,1383,'2020-03-06 13:31:30'),(1605,910,1869,'2020-12-22 02:08:07'),(1606,1601,1872,'2020-06-27 05:14:02'),(1607,915,1464,'2020-02-09 07:57:23'),(1608,901,1989,'2021-07-01 19:36:41'),(1609,1613,1250,'2019-07-10 23:47:03'),(1610,917,1759,'2020-10-28 11:33:41'),(1611,900,1220,'2021-11-02 05:10:39'),(1612,1601,1275,'2019-11-23 00:25:31'),(1613,910,1228,'2020-05-15 02:04:50'),(1614,1614,1743,'2021-02-17 13:53:46'),(1615,1603,2008,'2018-10-02 18:32:47'),(1616,1603,1572,'2020-03-06 00:55:20'),(1617,920,1124,'2021-02-17 21:37:24'),(1618,902,1399,'2019-07-30 10:35:14'),(1619,1603,1857,'2019-07-05 18:54:50'),(1620,917,1527,'2018-11-16 17:06:32'),(1621,1601,1904,'2018-04-10 04:55:52'),(1622,920,1613,'2020-06-13 15:57:24'),(1623,913,1660,'2020-04-26 18:24:44'),(1624,916,1839,'2021-10-08 07:27:58'),(1625,916,1136,'2020-09-17 06:09:20'),(1626,900,1745,'2019-03-23 08:23:56'),(1627,918,1475,'2018-12-31 14:27:44'),(1628,1601,1697,'2018-02-20 23:03:26'),(1629,929,1941,'2021-07-04 04:38:51'),(1630,905,1510,'2020-10-09 17:15:35'),(1631,925,1812,'2019-03-05 06:24:26'),(1632,1607,1662,'2021-12-06 01:20:36'),(1633,907,1969,'2020-06-20 11:50:11'),(1634,914,1683,'2020-09-12 03:47:50'),(1635,1603,1339,'2018-03-25 00:13:03'),(1636,1607,1189,'2019-02-22 18:52:02'),(1637,912,1609,'2021-09-26 23:44:14'),(1638,908,1175,'2021-11-16 11:35:58'),(1639,1656,1765,'2021-07-19 09:34:05'),(1640,907,1245,'2019-02-13 05:37:15'),(1641,908,1369,'2020-12-22 15:00:26'),(1642,921,1875,'2021-06-29 10:46:48'),(1643,908,1346,'2021-06-11 01:46:04'),(1644,908,1160,'2021-08-06 10:41:51'),(1645,925,1833,'2019-12-19 04:49:16'),(1646,901,1421,'2020-08-21 13:45:35'),(1647,1610,1556,'2018-03-03 20:49:00'),(1648,1605,1754,'2019-02-13 05:36:28'),(1649,1615,1730,'2019-11-30 09:28:51'),(1650,930,1484,'2020-12-18 17:46:19'),(1651,901,1395,'2020-07-25 00:32:14'),(1652,901,1440,'2019-10-09 23:30:19'),(1653,905,1574,'2021-09-15 23:18:50'),(1654,906,1655,'2019-05-07 16:17:55'),(1655,915,1658,'2021-08-23 22:29:14'),(1656,919,1740,'2019-07-11 21:21:09'),(1657,930,1567,'2019-02-24 22:44:36'),(1658,913,1062,'2018-05-19 10:17:38'),(1659,1615,1957,'2019-01-05 15:29:06'),(1660,915,1530,'2021-01-10 08:16:05'),(1661,924,1924,'2021-01-28 19:05:26'),(1662,922,1978,'2018-06-12 07:55:12'),(1663,1601,1912,'2018-10-20 06:15:41'),(1664,1602,1438,'2018-06-06 17:48:17'),(1665,912,1818,'2019-04-11 10:24:38'),(1666,914,1661,'2020-02-02 11:51:38'),(1667,918,1126,'2020-05-28 14:38:13'),(1668,1603,1882,'2018-01-18 00:14:33'),(1669,901,1785,'2019-05-24 09:01:08'),(1670,910,1449,'2021-04-25 13:45:41'),(1671,1614,1142,'2018-05-06 05:31:00'),(1672,927,1134,'2021-05-29 00:42:37'),(1673,908,1368,'2020-12-05 13:31:50'),(1674,1656,1526,'2021-09-11 20:50:05'),(1675,930,1544,'2019-10-13 21:36:51'),(1676,1602,1528,'2018-10-08 02:22:14'),(1677,1661,1838,'2018-10-11 17:29:48'),(1678,908,1397,'2019-02-03 10:21:00'),(1679,1603,1559,'2020-09-23 01:29:26'),(1680,920,1766,'2020-10-24 03:31:03'),(1681,1613,1980,'2019-11-08 23:25:16'),(1682,1610,1273,'2018-04-06 03:43:34'),(1683,926,1317,'2019-10-02 09:48:34'),(1684,913,1428,'2019-11-27 15:02:46'),(1685,906,1506,'2021-03-14 21:03:10'),(1686,900,1431,'2021-12-08 22:06:03'),(1687,1603,1431,'2021-04-26 05:00:11'),(1688,925,1393,'2019-08-28 15:28:25'),(1689,927,1493,'2021-10-22 21:24:54'),(1690,909,1406,'2019-08-06 02:39:58'),(1691,927,1447,'2019-11-14 02:07:56'),(1692,927,1892,'2021-03-20 22:59:20'),(1693,1614,1265,'2019-12-18 17:17:47'),(1694,1613,1937,'2020-01-02 19:53:36'),(1695,921,1264,'2019-03-17 04:00:47'),(1696,924,1292,'2020-05-22 12:58:36'),(1697,923,1689,'2019-03-18 06:27:51'),(1698,909,1330,'2021-01-19 22:33:31'),(1699,1613,1809,'2020-03-25 13:18:52'),(1700,932,1093,'2020-05-11 18:58:08'),(1701,913,1384,'2018-11-22 20:50:14'),(1702,1615,1889,'2019-10-14 09:17:07'),(1703,923,1577,'2019-04-14 11:33:14'),(1704,905,1398,'2018-01-10 12:48:42'),(1705,908,1250,'2018-09-04 16:52:07'),(1706,917,1811,'2018-03-10 19:10:40'),(1707,927,1390,'2020-07-08 20:41:08'),(1708,1610,1797,'2020-08-16 10:17:15'),(1709,1610,1084,'2019-01-29 20:51:25'),(1710,925,1798,'2018-07-28 17:50:37'),(1711,916,1423,'2020-03-16 09:30:26'),(1712,1605,2006,'2018-08-15 03:55:28'),(1713,913,1485,'2019-03-06 08:56:21'),(1714,903,1508,'2019-01-03 06:34:38'),(1715,903,1812,'2020-12-17 15:26:08'),(1716,920,1657,'2019-10-06 05:11:55'),(1717,917,1107,'2018-03-15 08:11:39'),(1718,917,1101,'2019-04-09 06:33:02'),(1719,908,1276,'2021-11-09 22:56:56'),(1720,905,1417,'2020-10-18 21:53:51'),(1721,1614,1053,'2020-12-24 16:21:31'),(1722,920,1952,'2020-09-28 12:50:26'),(1723,928,1407,'2020-08-06 02:30:08'),(1724,924,1472,'2019-07-04 05:35:42'),(1725,1607,1260,'2021-09-13 21:51:14'),(1726,901,1353,'2020-06-01 09:16:44'),(1727,932,1714,'2018-09-11 09:47:19'),(1728,928,1822,'2020-03-12 13:37:00'),(1729,920,1177,'2021-03-18 04:14:54'),(1730,930,1946,'2020-08-27 07:04:53'),(1731,902,1956,'2018-02-02 11:09:18'),(1732,916,1657,'2020-09-20 19:13:47'),(1733,902,1694,'2018-05-13 21:09:32'),(1734,924,1693,'2021-07-24 08:09:38'),(1735,1614,1493,'2021-11-15 22:08:30'),(1736,929,1414,'2018-06-01 21:47:08'),(1737,922,1462,'2021-02-11 10:02:21'),(1738,1656,1513,'2019-03-18 16:11:56'),(1739,1656,1159,'2019-11-20 22:38:19'),(1740,920,1084,'2018-07-08 07:44:51'),(1741,900,1909,'2020-10-08 16:12:45'),(1742,915,1201,'2020-03-05 13:35:36'),(1743,926,1917,'2019-10-17 22:11:42'),(1744,929,1363,'2020-09-25 19:59:14'),(1745,1666,1161,'2019-07-20 17:07:06'),(1746,920,1320,'2018-02-27 16:16:54'),(1747,1603,1480,'2019-10-09 10:45:03'),(1748,928,2009,'2019-01-05 00:30:31'),(1749,929,1142,'2021-09-27 14:18:02'),(1750,903,2001,'2019-10-24 09:22:05'),(1751,907,1159,'2021-03-18 19:36:53'),(1752,905,1271,'2019-12-07 02:07:22'),(1753,903,1130,'2021-10-11 11:28:48'),(1754,908,1427,'2018-05-11 03:38:23'),(1755,932,1610,'2019-12-12 11:14:27'),(1756,925,1435,'2020-06-22 19:24:40'),(1757,1603,1698,'2021-09-16 14:38:24'),(1758,932,1376,'2018-04-09 09:23:11'),(1759,931,1091,'2020-05-04 04:16:30'),(1760,913,1839,'2018-01-13 03:22:19'),(1761,913,1071,'2021-05-28 01:17:04'),(1762,900,1175,'2021-09-14 07:21:59'),(1763,932,1818,'2020-03-12 21:31:11'),(1764,1610,1662,'2019-12-18 06:39:05'),(1765,921,1801,'2019-06-17 13:55:27'),(1766,901,1888,'2020-02-27 13:56:23'),(1767,931,1212,'2020-05-13 17:50:10'),(1768,908,1967,'2019-07-03 19:27:04'),(1769,932,1246,'2020-09-03 09:24:21'),(1770,926,1997,'2019-07-12 08:57:36'),(1771,907,1087,'2018-10-19 10:45:51'),(1772,906,1522,'2018-10-02 09:38:40'),(1773,1614,1110,'2020-10-26 04:22:19'),(1774,902,1821,'2018-08-02 06:44:51'),(1775,930,1623,'2018-11-04 00:49:12'),(1776,1666,1110,'2018-06-18 03:09:14'),(1777,922,1622,'2018-11-19 16:25:57'),(1778,908,1794,'2018-04-06 05:57:11'),(1779,912,1950,'2019-12-16 08:48:44'),(1780,924,1224,'2021-03-04 07:06:23'),(1781,918,1587,'2020-05-30 16:19:55'),(1782,906,1571,'2020-06-28 10:30:46'),(1783,913,1440,'2020-07-21 03:54:20'),(1784,930,1699,'2019-09-14 04:27:26'),(1785,908,1653,'2021-11-10 01:37:19'),(1786,922,1621,'2018-08-26 23:53:07'),(1787,922,1140,'2019-01-09 19:16:43'),(1788,903,1919,'2019-11-17 21:08:49'),(1789,922,1727,'2021-04-05 03:18:47'),(1790,926,1519,'2021-10-19 00:38:55'),(1791,914,1529,'2018-03-31 00:14:09'),(1792,903,1175,'2021-01-03 02:38:02'),(1793,923,1446,'2021-02-13 07:33:43'),(1794,912,1524,'2018-06-03 22:57:37'),(1795,911,1038,'2021-07-12 23:34:47'),(1796,1613,1026,'2021-01-29 12:05:22'),(1797,1601,1979,'2019-06-27 15:13:00'),(1798,1656,1729,'2018-06-18 04:07:32'),(1799,918,1606,'2019-06-01 18:14:51'),(1800,922,1068,'2021-10-30 05:51:01'),(1801,900,1122,'2019-11-28 00:55:38'),(1802,916,1673,'2020-10-19 10:35:29'),(1803,917,1127,'2020-04-20 18:41:00'),(1804,919,1095,'2019-11-20 22:18:53'),(1805,915,1418,'2020-09-11 04:59:38'),(1806,1656,1421,'2020-04-14 23:28:00'),(1807,904,1210,'2018-08-20 21:05:19'),(1808,903,1481,'2021-09-04 10:53:17'),(1809,904,1996,'2019-04-13 06:38:19'),(1810,1603,1029,'2021-12-27 03:35:34'),(1811,922,1759,'2020-10-07 16:04:58'),(1812,927,1146,'2019-04-28 18:22:15'),(1813,1615,1933,'2020-01-28 00:59:20'),(1814,918,1415,'2020-06-12 00:55:59'),(1815,930,1395,'2021-02-27 18:01:59'),(1816,904,1357,'2020-01-15 01:37:51'),(1817,1603,1659,'2018-10-13 14:31:39'),(1818,902,1152,'2021-09-08 14:10:32'),(1819,910,1240,'2018-03-09 14:29:58'),(1820,1656,1090,'2018-10-18 19:38:10'),(1821,1661,1292,'2020-12-29 10:56:24'),(1822,906,1498,'2021-04-17 02:09:14'),(1823,903,1550,'2019-11-20 01:29:02'),(1824,901,1699,'2021-03-19 04:28:31'),(1825,1605,1974,'2021-03-10 04:57:41'),(1826,914,1928,'2021-05-26 10:13:41'),(1827,931,1225,'2019-05-21 07:54:03'),(1828,1602,1422,'2019-11-26 16:32:46'),(1829,920,1616,'2020-01-10 11:50:22'),(1830,914,1722,'2021-04-30 03:13:42'),(1831,1605,1948,'2018-01-01 23:36:25'),(1832,931,1316,'2020-09-10 01:26:06'),(1833,910,1702,'2020-12-04 22:08:18'),(1834,920,1858,'2019-08-08 21:07:35'),(1835,916,1483,'2020-09-30 13:05:34'),(1836,921,1136,'2020-12-20 12:48:36'),(1837,906,1561,'2021-12-05 20:20:18'),(1838,928,1294,'2020-10-18 22:28:30'),(1839,930,1222,'2018-07-02 09:04:18'),(1840,903,1881,'2020-03-25 10:35:24'),(1841,926,1843,'2019-10-06 04:40:05'),(1842,925,1114,'2020-02-22 16:46:16'),(1843,918,2009,'2021-11-10 22:12:20'),(1844,928,1326,'2021-04-09 13:23:04'),(1845,924,1728,'2019-10-24 10:49:14'),(1846,911,1393,'2018-12-02 23:47:06'),(1847,911,1328,'2019-11-06 11:44:57'),(1848,919,1797,'2020-09-05 18:14:42'),(1849,1666,1936,'2020-02-18 09:45:07'),(1850,1661,1320,'2020-08-21 17:39:18'),(1851,917,1120,'2019-07-16 14:05:22'),(1852,916,1153,'2019-05-01 23:27:02'),(1853,910,1544,'2020-02-20 06:25:58'),(1854,904,1391,'2019-01-16 11:59:04'),(1855,914,1489,'2018-09-18 13:45:17'),(1856,927,1710,'2020-09-20 11:03:01'),(1857,916,1569,'2021-05-25 02:26:15'),(1858,911,2005,'2019-02-13 19:40:41'),(1859,906,1823,'2019-12-10 16:57:20'),(1860,1666,1097,'2020-04-07 02:52:25'),(1861,928,1328,'2020-02-09 14:10:39'),(1862,918,1663,'2018-10-15 05:11:21'),(1863,918,1944,'2020-10-21 17:10:14'),(1864,1656,1456,'2019-08-05 14:37:16'),(1865,912,1532,'2020-10-08 20:59:43'),(1866,932,1516,'2021-07-13 04:53:10'),(1867,906,1104,'2018-07-06 22:30:09'),(1868,926,1403,'2021-12-10 08:15:28'),(1869,1603,1919,'2021-11-22 21:47:21'),(1870,911,1024,'2020-03-22 18:17:56'),(1871,902,1992,'2020-06-30 23:52:46'),(1872,924,1931,'2021-09-22 17:29:21'),(1873,917,1763,'2019-04-20 18:19:55'),(1874,904,1589,'2020-01-10 23:42:01'),(1875,926,1109,'2020-02-04 12:44:02'),(1876,1615,1518,'2020-05-14 21:08:26'),(1877,1607,1222,'2020-10-20 17:38:59'),(1878,908,1724,'2020-11-18 07:06:21'),(1879,1614,1283,'2020-07-17 07:12:33'),(1880,917,1688,'2019-11-30 14:06:16'),(1881,921,1489,'2018-01-06 15:40:25'),(1882,926,1019,'2019-07-07 09:17:09'),(1883,920,1382,'2020-06-06 05:45:08'),(1884,1656,1129,'2018-05-26 12:27:25'),(1885,917,1731,'2019-09-01 13:34:35'),(1886,905,1131,'2019-07-11 16:07:34'),(1887,909,1994,'2019-08-08 06:39:22'),(1888,917,1848,'2021-11-23 09:30:30'),(1889,929,1103,'2020-02-25 15:44:20'),(1890,926,1209,'2021-01-17 02:49:34'),(1891,1666,1384,'2018-10-20 08:39:45'),(1892,921,1622,'2021-03-11 08:21:55'),(1893,930,1024,'2018-02-02 06:19:18'),(1894,924,1700,'2020-12-15 18:03:37'),(1895,903,1299,'2018-05-10 23:32:12'),(1896,914,1200,'2020-10-15 18:50:17'),(1897,1605,1345,'2019-12-08 10:53:37'),(1898,915,1785,'2018-06-04 15:06:28'),(1899,1610,1808,'2021-10-11 01:55:51'),(1900,907,1891,'2021-10-06 05:03:33'),(1901,904,1603,'2018-09-11 22:54:56'),(1902,912,1523,'2020-11-28 01:22:02'),(1903,1615,1999,'2018-12-11 01:39:57'),(1904,903,1922,'2020-02-10 22:07:02'),(1905,1661,1284,'2019-08-29 17:17:28'),(1906,1666,1382,'2020-08-20 03:37:35'),(1907,931,1106,'2019-04-29 21:44:48'),(1908,924,1419,'2019-10-23 14:59:23'),(1909,901,1480,'2021-06-27 05:13:53'),(1910,1613,1922,'2019-08-18 02:18:11'),(1911,904,1369,'2021-02-25 04:54:56'),(1912,904,1671,'2019-08-21 07:30:41'),(1913,924,1908,'2021-09-18 18:48:00'),(1914,910,1943,'2021-05-16 14:04:57'),(1915,1613,1226,'2021-06-18 21:23:36'),(1916,1607,1395,'2018-10-02 23:54:35'),(1917,901,1416,'2019-10-23 21:55:53'),(1918,902,1764,'2018-12-13 10:46:00'),(1919,929,1047,'2018-09-17 00:34:06'),(1920,905,1660,'2019-03-10 21:04:00'),(1921,1602,1955,'2019-08-24 19:26:53'),(1922,928,1352,'2019-04-16 05:08:44'),(1923,906,1620,'2018-03-17 06:07:27'),(1924,917,1217,'2018-11-20 12:05:12'),(1925,1661,1381,'2019-05-16 17:16:08'),(1926,1601,1241,'2020-05-30 04:13:21'),(1927,930,1510,'2019-12-17 14:57:59'),(1928,927,1877,'2018-08-04 12:14:53'),(1929,930,1236,'2020-01-23 05:45:54'),(1930,905,1209,'2019-08-28 02:22:31'),(1931,932,1241,'2020-11-09 13:10:09'),(1932,908,1836,'2020-11-09 21:21:17'),(1933,923,1339,'2018-09-28 18:58:19'),(1934,1610,1744,'2020-02-07 16:27:37'),(1935,924,1972,'2021-07-29 06:53:59'),(1936,919,1769,'2021-09-17 09:50:38'),(1937,906,1241,'2019-08-13 14:40:21'),(1938,932,1729,'2020-08-11 08:33:42'),(1939,924,1580,'2020-01-09 05:58:49'),(1940,1601,1966,'2021-11-27 13:17:46'),(1941,911,1942,'2021-07-12 05:29:35'),(1942,923,1083,'2018-06-28 05:47:36'),(1943,918,1636,'2021-04-06 08:47:01'),(1944,920,1094,'2021-11-26 02:01:54'),(1945,903,1449,'2020-02-23 18:19:50'),(1946,907,1702,'2019-04-16 15:37:24'),(1947,901,1558,'2020-07-30 05:53:23'),(1948,932,1298,'2020-03-04 20:30:36'),(1949,931,1516,'2019-02-11 21:44:51'),(1950,913,1040,'2020-08-13 03:12:25'),(1951,1656,1484,'2020-03-30 05:21:14'),(1952,920,1030,'2018-03-08 20:47:39'),(1953,912,1161,'2018-07-09 21:45:04'),(1954,902,1300,'2020-09-10 01:29:23'),(1955,912,1711,'2020-11-26 14:26:28'),(1956,930,1471,'2021-06-13 04:19:59'),(1957,912,1190,'2018-06-04 00:42:50'),(1958,923,1997,'2021-04-09 17:26:13'),(1959,917,1353,'2018-12-25 22:40:02'),(1960,902,1716,'2019-09-11 08:16:13'),(1961,908,1475,'2019-08-08 02:22:38'),(1962,929,1220,'2019-02-09 18:05:08'),(1963,914,1678,'2019-04-11 20:04:40'),(1964,901,1950,'2018-09-04 18:50:15'),(1965,928,1108,'2020-09-26 20:51:06'),(1966,919,1052,'2018-10-17 15:37:51'),(1967,919,1732,'2018-09-02 11:00:33'),(1968,931,1902,'2018-04-04 03:41:27'),(1969,1613,1962,'2020-02-10 22:24:26'),(1970,928,1246,'2018-10-06 01:55:15'),(1971,1602,1523,'2021-09-17 19:33:25'),(1972,909,1689,'2021-10-19 00:22:44'),(1973,932,1245,'2021-08-18 09:46:50'),(1974,1601,1494,'2018-11-26 08:25:13');
/*!40000 ALTER TABLE `comment_like` ENABLE KEYS */;
UNLOCK TABLES;

--
-- Table structure for table `follow`
--

DROP TABLE IF EXISTS `follow`;
/*!40101 SET @saved_cs_client     = @@character_set_client */;
/*!40101 SET character_set_client = utf8 */;
CREATE TABLE `follow` (
  `id` int(10) unsigned NOT NULL AUTO_INCREMENT,
  `follow_id` int(10) unsigned NOT NULL,
  `user_id` int(10) unsigned NOT NULL,
  `created_at` datetime NOT NULL DEFAULT current_timestamp(),
  PRIMARY KEY (`id`),
  UNIQUE KEY `follows_un` (`follow_id`,`user_id`),
  KEY `follow_FK` (`user_id`),
  CONSTRAINT `follow_FK` FOREIGN KEY (`user_id`) REFERENCES `user` (`id`) ON DELETE CASCADE ON UPDATE CASCADE,
  CONSTRAINT `follow_FK_1` FOREIGN KEY (`follow_id`) REFERENCES `user` (`id`) ON DELETE CASCADE ON UPDATE CASCADE,
  CONSTRAINT `you_cant_follow_yourself` CHECK (`user_id` <> `follow_id`)
) ENGINE=InnoDB AUTO_INCREMENT=163 DEFAULT CHARSET=utf8mb3;
/*!40101 SET character_set_client = @saved_cs_client */;

--
-- Dumping data for table `follow`
--

LOCK TABLES `follow` WRITE;
/*!40000 ALTER TABLE `follow` DISABLE KEYS */;
INSERT INTO `follow` VALUES (32,1661,1601,'2022-03-01 14:39:10'),(35,1661,1614,'2022-03-01 14:39:54'),(36,1661,1615,'2022-03-01 14:40:00'),(37,1615,1661,'2022-03-01 15:21:41'),(39,1601,1661,'2022-03-01 15:21:52'),(41,1605,1661,'2018-10-03 06:51:30'),(42,1661,916,'2014-08-16 05:23:31'),(43,921,930,'2019-09-05 09:38:41'),(44,1603,1613,'2015-12-09 19:57:44'),(45,921,909,'2018-08-29 05:10:16'),(46,912,908,'2015-12-15 09:32:11'),(47,917,919,'2016-04-23 13:08:31'),(48,1613,1661,'2014-05-24 23:07:09'),(49,929,913,'2016-07-31 13:46:13'),(50,1614,913,'2015-11-14 05:20:25'),(51,927,1602,'2012-09-18 14:34:01'),(52,932,912,'2017-10-15 21:01:58'),(53,1614,915,'2016-04-07 19:52:50'),(54,1614,917,'2019-10-29 04:26:46'),(55,910,1613,'2018-01-15 14:47:51'),(56,900,903,'2018-12-26 23:35:19'),(57,924,907,'2015-03-14 15:02:10'),(58,912,904,'2012-06-23 13:20:07'),(59,920,1656,'2017-01-25 09:37:30'),(60,1615,906,'2013-07-18 09:01:35'),(61,918,928,'2019-03-20 22:51:06'),(62,921,918,'2012-11-23 07:39:50'),(63,910,925,'2014-06-20 00:55:35'),(64,903,932,'2015-06-02 06:02:21'),(65,1601,912,'2018-06-16 13:01:19'),(66,926,916,'2014-09-28 18:41:42'),(67,922,924,'2016-08-08 23:41:07'),(68,927,920,'2014-12-28 10:16:12'),(69,917,1601,'2016-02-05 01:10:10'),(70,908,931,'2015-06-16 18:31:43'),(72,903,1661,'2022-03-06 12:04:49'),(74,914,913,'2022-03-06 12:05:20'),(75,924,913,'2022-03-06 12:05:25'),(76,908,911,'2021-04-09 01:31:48'),(77,1602,907,'2020-11-19 07:34:50'),(78,929,923,'2020-07-07 15:29:19'),(79,901,1601,'2021-07-22 17:40:15'),(80,1601,923,'2018-11-19 00:15:05'),(81,925,903,'2019-07-15 04:24:26'),(82,919,1656,'2020-07-04 06:35:34'),(83,914,1602,'2018-05-20 07:41:50'),(84,1601,932,'2018-10-02 01:42:00'),(85,1614,921,'2021-08-03 15:55:18'),(86,920,928,'2019-06-19 11:06:04'),(87,931,1603,'2019-06-09 23:02:47'),(88,906,929,'2019-03-28 16:37:51'),(89,929,1661,'2021-02-23 12:54:45'),(90,905,912,'2021-03-31 02:24:05'),(91,1607,919,'2018-02-26 12:42:23'),(92,910,917,'2021-04-03 14:59:40'),(93,1610,922,'2021-12-06 15:31:23'),(94,921,928,'2021-03-11 23:27:49'),(95,905,919,'2018-09-02 04:54:55'),(96,923,929,'2020-07-01 16:27:10'),(97,928,931,'2020-04-02 01:39:58'),(98,1607,916,'2021-06-10 23:15:21'),(99,1656,906,'2019-06-21 07:26:18'),(100,903,908,'2019-10-16 22:39:01'),(101,901,908,'2019-05-29 01:26:01'),(102,922,926,'2018-03-12 18:08:34'),(103,1661,917,'2019-01-01 05:51:43'),(104,910,922,'2021-02-27 12:58:49'),(105,902,1661,'2021-08-10 04:00:31'),(106,924,932,'2019-01-08 21:33:38'),(107,907,913,'2021-03-18 19:41:44'),(108,900,924,'2018-09-01 09:30:15'),(109,929,914,'2021-08-03 18:00:08'),(110,922,1603,'2020-05-23 23:53:37'),(111,900,913,'2018-06-23 08:26:53'),(112,916,911,'2021-10-02 14:52:07'),(113,906,913,'2020-06-14 17:16:15'),(114,900,906,'2020-03-24 10:32:26'),(115,1607,1661,'2021-10-25 06:05:07'),(116,906,905,'2021-05-06 01:34:09'),(117,1615,907,'2020-08-22 17:55:25'),(118,932,905,'2021-10-05 19:29:06'),(119,901,905,'2019-06-24 01:22:50'),(120,915,931,'2021-06-01 14:20:05'),(121,1666,912,'2021-07-25 11:14:08'),(122,1613,904,'2019-07-28 22:15:05'),(123,902,928,'2019-03-02 13:51:43'),(124,928,1614,'2020-09-14 16:12:15'),(125,917,915,'2019-08-31 01:36:17'),(126,926,908,'2020-01-29 16:04:40'),(127,913,903,'2020-08-06 13:47:40'),(128,912,913,'2020-04-30 21:52:23'),(129,917,927,'2021-05-15 06:23:47'),(130,913,907,'2019-04-08 08:19:17'),(131,930,1601,'2019-12-27 15:00:58'),(132,928,1601,'2018-03-13 23:29:00'),(133,904,1603,'2019-11-04 22:21:32'),(134,900,1661,'2018-04-14 11:42:29'),(135,919,1603,'2020-11-13 10:33:18'),(136,931,1615,'2019-03-15 04:00:14'),(137,916,1602,'2021-07-04 19:26:37'),(138,923,912,'2021-05-10 02:58:18'),(139,1605,900,'2018-05-04 00:16:41'),(140,1603,909,'2021-04-03 20:46:23'),(141,915,912,'2020-12-13 01:10:08'),(142,914,905,'2018-07-27 03:06:29'),(143,902,911,'2020-12-09 13:29:59'),(144,927,918,'2021-04-30 09:11:20'),(145,920,905,'2020-01-03 10:45:04'),(146,909,1602,'2018-10-02 15:08:26'),(147,1601,902,'2020-09-12 09:24:05'),(148,928,903,'2021-05-15 06:57:33'),(149,1661,907,'2020-02-08 08:08:04'),(150,925,926,'2021-02-24 10:38:33'),(151,904,916,'2019-02-20 20:32:40'),(152,908,901,'2018-08-05 16:43:42'),(153,919,920,'2020-07-20 21:18:23'),(154,921,916,'2018-10-04 19:48:26'),(155,1615,923,'2018-09-26 00:59:40'),(156,1666,904,'2020-05-31 22:37:30'),(157,932,1610,'2019-08-30 16:10:54'),(158,908,909,'2018-03-24 07:05:42'),(159,906,920,'2018-05-03 08:38:56'),(160,930,920,'2019-06-25 17:26:53'),(161,916,932,'2019-10-01 04:02:56'),(162,911,909,'2019-08-29 15:42:54');
/*!40000 ALTER TABLE `follow` ENABLE KEYS */;
UNLOCK TABLES;

--
-- Table structure for table `login`
--

DROP TABLE IF EXISTS `login`;
/*!40101 SET @saved_cs_client     = @@character_set_client */;
/*!40101 SET character_set_client = utf8 */;
CREATE TABLE `login` (
  `id` int(10) unsigned NOT NULL AUTO_INCREMENT,
  `login_token` varchar(100) NOT NULL,
  `user_id` int(10) unsigned NOT NULL,
  `created_at` datetime NOT NULL DEFAULT current_timestamp(),
  PRIMARY KEY (`id`),
  UNIQUE KEY `login_un` (`login_token`),
  KEY `login_FK` (`user_id`),
  CONSTRAINT `login_FK` FOREIGN KEY (`user_id`) REFERENCES `user` (`id`) ON DELETE CASCADE ON UPDATE CASCADE
) ENGINE=InnoDB AUTO_INCREMENT=55 DEFAULT CHARSET=utf8mb3;
/*!40101 SET character_set_client = @saved_cs_client */;

--
-- Dumping data for table `login`
--

LOCK TABLES `login` WRITE;
/*!40000 ALTER TABLE `login` DISABLE KEYS */;
INSERT INTO `login` VALUES (2,'Sl57g0K7TGt-1HKyQKj6t3am13H3rJzKdfWCzM7NFUJYMHdt4UkFIo_ljLONrNRk5roUaoYMgrCmt5u0HeWRaA',1610,'2022-02-21 16:07:59'),(4,'rcNwsXhGBeredzwtewFiHqrDdnG4GDsXmWeXvYTOocInGl--DHY3t523fl_JGyM8hkwohO7mWrPvDh-Yxs-aOg',1613,'2022-02-21 16:44:22'),(5,'XKTvdfRnLoXKbqQhFHGrRwY9YiD8Jy4AearAN06Pfz552Urd7dc9plvX7iMx6E5ZNixlGnmTMOz9534bgrpTmQ',1614,'2022-02-21 16:48:28'),(6,'tBlJ7h9VYzZER21UEVRSxhqLKOygLL5nd_YD8vDpXNPhgOVLhlI1GMTyKSRT8ezjoHr49KTplB8dVpvzf6-Xtg',1615,'2022-02-21 17:53:59'),(13,'UOFp7DPfck6n3p9WSW374Q_gRjypPQ4EZcRbGUjcygI1iPrjKCCsQNNvNvSK73-nCwZR-3vi3RvMWd3GXkZfzg',1656,'2022-02-22 19:38:46'),(19,'fOUgGozIbvXVEodxKHGrYD8ZvDQ6JAi1rhz7Bk6ThXQp-iyAeiZ_x-1JZo4IleLRJaX_eU2DTdUXJGwBOHu3Pg',1661,'2022-02-22 20:54:26'),(41,'ebICnrx_AXGuD6mdYrcm6W4q91RC_ScSASJSyf85zqxrOcS1RMhORyMvxZTI-MdOqOHDuBDWWgIrUJj4vCv9fA',1602,'2022-03-02 11:55:56'),(42,'JxXFn8R-A_zWFUicE5WjuJ0JcK408K3KRsHOzHqnaFgIbNUFjPbkWe5_FsXG0sk-Lb2l8YWDALvIMRsyxAH8qA',1602,'2022-03-02 11:56:56'),(43,'9BnawbWVNAGsHWh7f4ZSjTV7alwC4yRPxFwBG2QjGiN-FfAGaKo0AO2rOo8_UVA_6c3zTzHkR-6fNeKyZVJpSQ',1602,'2022-03-02 11:58:07'),(45,'6s_QNoc7h2cf8XfoyAbydlmErueBb6-DCw0dI-hlBSGuj_gB722RNUxNnqnxbOScaXaqfPkHnGt6GQ79TlBMMQ',1601,'2022-03-05 15:25:36'),(47,'ea0yrj3l2BbPlzrdO7_Z8mpL2ME3S1F_oYgJ-EFWAbhxZSGoYTaAcKkIWtP53Q9GBtBoPmK5qk5LobHYZjLlbg',1610,'2022-03-05 15:52:44'),(48,'i0Y3Y0MkUh7DXv1qmp8MlCwOw8RZQFslsx0qn2X8ytYE3opWjypRvqi7KwNO4uUu3Ov9v_zrDdXlIG1fsjSayA',913,'2022-03-06 12:03:31'),(49,'vul-cqsaC4FkDTKag_6dEb1Fj_bQkNCzW-VKQ_aGAU7azKxb9o_iNIJyTpVCfyIs4VC1XbnI9uCc49bNCX9vGg',1666,'2022-03-07 15:39:13'),(50,'gCISyuFFiAhpNVjwtJ7ddCzQPF0ocVeQqutVVu6kLw0F8SONCMfBzHiH4NBVvNO9xqb3rR9MYiVwIAVdMkLh9Q',913,'2022-03-07 16:17:32'),(53,'oKL68YSEx7etYSWx3vYR_86nMBan0_bpUUoo_8Qf8ixXJdN8Lf0-mweFmp8xI6IQF_OcmYGyliWmuEBdcwbBwQ',1601,'2022-03-08 12:04:11'),(54,'QAAKGo1FXFbaW0VEX5axJR7_hzfIiZj8siCdD4q-MIQoFZjWxdNZVc3wkut3cuPcWHwRIyInqJyBliLziYKuZg',1601,'2022-03-08 12:28:37');
/*!40000 ALTER TABLE `login` ENABLE KEYS */;
UNLOCK TABLES;

--
-- Table structure for table `tweet`
--

DROP TABLE IF EXISTS `tweet`;
/*!40101 SET @saved_cs_client     = @@character_set_client */;
/*!40101 SET character_set_client = utf8 */;
CREATE TABLE `tweet` (
  `id` int(10) unsigned NOT NULL AUTO_INCREMENT,
  `user_id` int(10) unsigned NOT NULL,
  `content` varchar(200) NOT NULL,
  `image_url` varchar(500) DEFAULT NULL,
  `created_at` datetime NOT NULL DEFAULT current_timestamp(),
  PRIMARY KEY (`id`),
  KEY `tweet_FK` (`user_id`),
  CONSTRAINT `tweet_FK` FOREIGN KEY (`user_id`) REFERENCES `user` (`id`) ON DELETE CASCADE ON UPDATE CASCADE
) ENGINE=InnoDB AUTO_INCREMENT=2011 DEFAULT CHARSET=utf8mb3;
/*!40101 SET character_set_client = @saved_cs_client */;

--
-- Dumping data for table `tweet`
--

LOCK TABLES `tweet` WRITE;
/*!40000 ALTER TABLE `tweet` DISABLE KEYS */;
INSERT INTO `tweet` VALUES (1009,900,',Lorem ipsum dolor sit amet consectetur adipisicing elit. Ma',NULL,'2017-07-24 12:48:42'),(1010,918,'Maxime mollitia,Lorem ipsum dolor sit amet consectetur adipisi',NULL,'2017-01-18 14:43:43'),(1011,918,'mollitia,Lorem ipsum dolor sit amet consectetur adipisicing elit.',NULL,'2017-06-24 20:47:02'),(1012,909,'sit amet consectetur adipisicing elit. Maxime mollitia,Lorem ipsum dolor',NULL,'2016-10-25 10:03:05'),(1013,916,'adipisicing elit. Maxime mollitia,Lorem ipsum dolor sit amet consect',NULL,'2019-08-25 01:38:41'),(1014,1603,'tia,Lorem ipsum dolor sit amet consectetur adipisici',NULL,'2020-01-01 13:33:00'),(1015,1613,'mollitia,Lorem ipsum dolor sit amet consectetur adi',NULL,'2016-01-27 08:06:11'),(1016,905,'adipisicing elit. Maxime mollitia,Lorem ipsum dolo',NULL,'2016-07-16 07:03:01'),(1017,916,'Maxime mollitia,Lorem ipsum dolor sit amet consectetur adipisi',NULL,'2018-10-03 18:22:05'),(1018,1666,'mollitia,Lorem ipsum dolor sit amet consectetur adipisicing elit. Max',NULL,'2017-05-21 20:00:04'),(1019,1601,'dolor sit amet consectetur adipisicing elit. Maxime mollitia,Lorem ip','https://images.unsplash.com/photo-1646048092547-3fff67e7adc8?ixlib=rb-1.2.1&ixid=MnwxMjA3fDB8MHxlZGl0b3JpYWwtZmVlZHwzOXx8fGVufDB8fHx8&auto=format&fit=crop&w=300&q=60','2018-02-03 17:57:24'),(1020,931,'sit amet consectetur adipisicing elit. Maxime mollitia,Lorem i',NULL,'2017-04-30 11:30:00'),(1021,901,'adipisicing elit. Maxime mollitia,Lorem ipsum dolor sit amet c',NULL,'2019-04-10 18:37:52'),(1022,1610,'consectetur adipisicing elit. Maxime mollitia,Lorem ip',NULL,'2017-03-04 01:58:52'),(1023,1605,'dolor sit amet consectetur adipisicing elit. Maxime mollit',NULL,'2016-11-22 21:43:08'),(1024,908,'Maxime mollitia,Lorem ipsum dolor sit amet consectetur adipisicing',NULL,'2015-05-22 12:08:59'),(1025,903,'ipsum dolor sit amet consectetur adipisicing elit. Maxime mollitia,Lore',NULL,'2016-12-28 05:02:32'),(1026,919,'ipsum dolor sit amet consectetur adipisicing elit. Maxime mollitia,Lore',NULL,'2018-12-19 22:42:06'),(1027,906,'Maxime mollitia,Lorem ipsum dolor sit amet consectetur adipisicing elit.',NULL,'2016-06-16 18:33:55'),(1028,909,'mollitia,Lorem ipsum dolor sit amet consectetur adipisicing elit. M',NULL,'2016-10-04 10:20:22'),(1029,912,'ollitia,Lorem ipsum dolor sit amet consectetur adipisicing elit.',NULL,'2017-05-29 04:08:46'),(1030,1602,'consectetur adipisicing elit. Maxime mollitia,Lorem ipsum dolor',NULL,'2015-11-26 19:44:32'),(1031,901,'consectetur adipisicing elit. Maxime mollitia,Lorem ipsum dolor sit a',NULL,'2019-12-09 11:42:34'),(1032,920,'adipisicing elit. Maxime mollitia,Lorem ipsum dolor si',NULL,'2017-08-03 09:07:23'),(1033,910,'adipisicing elit. Maxime mollitia,Lorem ipsum dolor sit amet consectetur',NULL,'2019-03-20 16:22:58'),(1034,907,'adipisicing elit. Maxime mollitia,Lorem ipsum dolor s',NULL,'2018-03-02 05:09:23'),(1035,914,'consectetur adipisicing elit. Maxime mollitia,Lorem ipsum dolor sit a',NULL,'2017-12-15 16:50:11'),(1036,906,'adipisicing elit. Maxime mollitia,Lorem ipsum dolor sit amet con','https://images.unsplash.com/photo-1646048092547-3fff67e7adc8?ixlib=rb-1.2.1&ixid=MnwxMjA3fDB8MHxlZGl0b3JpYWwtZmVlZHwzOXx8fGVufDB8fHx8&auto=format&fit=crop&w=300&q=60','2018-12-31 18:54:29'),(1037,1610,'adipisicing elit. Maxime mollitia,Lorem ipsum dolor sit amet c',NULL,'2018-08-29 15:37:47'),(1038,928,'consectetur adipisicing elit. Maxime mollitia,Lorem ipsum dolor sit',NULL,'2019-09-13 16:56:16'),(1039,916,'sit amet consectetur adipisicing elit. Maxime mollitia,Lo',NULL,'2018-05-21 09:24:11'),(1040,1615,'litia,Lorem ipsum dolor sit amet consectetur adipisicing elit. Ma',NULL,'2015-08-13 12:20:36'),(1041,1602,'adipisicing elit. Maxime mollitia,Lorem ipsum dolo',NULL,'2018-10-04 14:45:01'),(1042,905,'elit. Maxime mollitia,Lorem ipsum dolor sit amet consectetur adi',NULL,'2018-11-21 14:07:45'),(1043,915,'elit. Maxime mollitia,Lorem ipsum dolor sit amet consect',NULL,'2015-07-07 13:15:53'),(1044,1614,'ollitia,Lorem ipsum dolor sit amet consectetur adipisici',NULL,'2019-10-09 04:25:20'),(1045,930,'litia,Lorem ipsum dolor sit amet consectetur adipisicing elit. Maxime',NULL,'2016-07-12 06:33:58'),(1046,924,'mollitia,Lorem ipsum dolor sit amet consectetur adipisicing el',NULL,'2017-07-05 19:46:12'),(1047,1666,'Maxime mollitia,Lorem ipsum dolor sit amet consectetur ad','https://images.unsplash.com/photo-1646667687331-e06974a7fda2?ixlib=rb-1.2.1&ixid=MnwxMjA3fDB8MHxlZGl0b3JpYWwtZmVlZHwzM3x8fGVufDB8fHx8&auto=format&fit=crop&w=300&q=60','2016-11-16 21:22:52'),(1048,902,'Maxime mollitia,Lorem ipsum dolor sit amet consectetur',NULL,'2019-01-18 08:03:25'),(1049,902,'elit. Maxime mollitia,Lorem ipsum dolor sit amet conse',NULL,'2016-11-17 20:30:48'),(1050,908,'ipsum dolor sit amet consectetur adipisicing elit. Maxime mollitia,Lore',NULL,'2019-06-23 22:15:06'),(1051,1602,'ipsum dolor sit amet consectetur adipisicing elit. Maxime molli',NULL,'2019-04-15 13:20:24'),(1052,900,'itia,Lorem ipsum dolor sit amet consectetur adipis',NULL,'2017-01-07 17:46:24'),(1053,931,'elit. Maxime mollitia,Lorem ipsum dolor sit amet consectetur adip',NULL,'2019-09-05 02:06:19'),(1054,906,'dolor sit amet consectetur adipisicing elit. Maxime mollitia,Lorem',NULL,'2018-03-23 08:37:21'),(1055,918,'elit. Maxime mollitia,Lorem ipsum dolor sit amet consectetu',NULL,'2018-07-03 21:28:43'),(1056,931,'elit. Maxime mollitia,Lorem ipsum dolor sit amet consectetur adipisicin',NULL,'2015-01-03 18:18:13'),(1057,920,'Maxime mollitia,Lorem ipsum dolor sit amet consectetur adi',NULL,'2016-03-28 15:04:17'),(1058,914,'ipsum dolor sit amet consectetur adipisicing elit. M','https://images.unsplash.com/photo-1646667687331-e06974a7fda2?ixlib=rb-1.2.1&ixid=MnwxMjA3fDB8MHxlZGl0b3JpYWwtZmVlZHwzM3x8fGVufDB8fHx8&auto=format&fit=crop&w=300&q=60','2019-02-26 08:44:41'),(1059,906,'amet consectetur adipisicing elit. Maxime mollitia,Lorem ipsum dolor',NULL,'2015-06-17 11:23:05'),(1060,915,',Lorem ipsum dolor sit amet consectetur adipisicing elit. Maxime molli',NULL,'2019-07-18 14:18:10'),(1061,916,'adipisicing elit. Maxime mollitia,Lorem ipsum dolor sit amet consectetur',NULL,'2018-03-08 06:59:58'),(1062,918,'elit. Maxime mollitia,Lorem ipsum dolor sit amet consect',NULL,'2018-01-16 21:44:04'),(1063,1615,'mollitia,Lorem ipsum dolor sit amet consectetur adipisicing elit. M',NULL,'2015-12-26 18:35:20'),(1064,906,'elit. Maxime mollitia,Lorem ipsum dolor sit amet consecte',NULL,'2019-04-06 07:46:14'),(1065,904,'dolor sit amet consectetur adipisicing elit. Maxime mollit',NULL,'2017-03-14 09:01:06'),(1066,902,'elit. Maxime mollitia,Lorem ipsum dolor sit amet consectetur adipisicin',NULL,'2019-12-04 19:37:59'),(1067,1603,'amet consectetur adipisicing elit. Maxime mollitia,Lorem ipsum dolor sit',NULL,'2018-03-14 08:42:07'),(1068,932,'ollitia,Lorem ipsum dolor sit amet consectetur adipisicing elit. Maxi',NULL,'2019-06-11 10:18:54'),(1069,907,'dolor sit amet consectetur adipisicing elit. Maxime mollitia,Lorem i','https://images.unsplash.com/photo-1646048092547-3fff67e7adc8?ixlib=rb-1.2.1&ixid=MnwxMjA3fDB8MHxlZGl0b3JpYWwtZmVlZHwzOXx8fGVufDB8fHx8&auto=format&fit=crop&w=300&q=60','2016-01-27 21:11:26'),(1070,922,'mollitia,Lorem ipsum dolor sit amet consectetur adipisicing elit. Maxime',NULL,'2019-08-03 01:30:24'),(1071,915,'consectetur adipisicing elit. Maxime mollitia,Lorem ipsum dolor sit am',NULL,'2018-08-24 18:24:38'),(1072,911,'ipsum dolor sit amet consectetur adipisicing elit. Maxime molli',NULL,'2018-08-19 19:25:42'),(1073,923,'mollitia,Lorem ipsum dolor sit amet consectetur adipisicing',NULL,'2016-09-02 05:18:29'),(1074,1614,'elit. Maxime mollitia,Lorem ipsum dolor sit amet consectetur adipisicing',NULL,'2016-12-02 22:15:21'),(1075,1601,'Maxime mollitia,Lorem ipsum dolor sit amet consectetur adipisicing',NULL,'2018-11-16 06:34:20'),(1076,914,'consectetur adipisicing elit. Maxime mollitia,Lorem ipsum dolor sit amet',NULL,'2019-07-12 20:49:01'),(1077,907,'adipisicing elit. Maxime mollitia,Lorem ipsum dolor sit amet',NULL,'2017-03-14 23:11:20'),(1078,904,'ia,Lorem ipsum dolor sit amet consectetur adipisici',NULL,'2019-01-18 19:02:01'),(1079,911,'a,Lorem ipsum dolor sit amet consectetur adipisicing elit. Maxime mollit',NULL,'2015-11-15 13:42:45'),(1080,1666,'Maxime mollitia,Lorem ipsum dolor sit amet consectetur adipisicing elit.',NULL,'2019-10-25 10:57:05'),(1081,930,'Maxime mollitia,Lorem ipsum dolor sit amet consectetur ad',NULL,'2016-05-10 23:04:06'),(1082,913,'Maxime mollitia,Lorem ipsum dolor sit amet consectetur adipisicin',NULL,'2015-04-05 16:31:47'),(1083,912,'adipisicing elit. Maxime mollitia,Lorem ipsum dolor sit amet consect',NULL,'2015-12-09 17:15:08'),(1084,917,'elit. Maxime mollitia,Lorem ipsum dolor sit amet consec',NULL,'2016-04-01 21:01:09'),(1085,1607,'adipisicing elit. Maxime mollitia,Lorem ipsum dolor sit amet consec',NULL,'2016-03-13 11:01:30'),(1086,1605,'mollitia,Lorem ipsum dolor sit amet consectetur adipisicing elit','https://images.unsplash.com/photo-1646048092547-3fff67e7adc8?ixlib=rb-1.2.1&ixid=MnwxMjA3fDB8MHxlZGl0b3JpYWwtZmVlZHwzOXx8fGVufDB8fHx8&auto=format&fit=crop&w=300&q=60','2016-04-05 22:53:44'),(1087,901,'mollitia,Lorem ipsum dolor sit amet consectetur adipisicing elit. Max',NULL,'2016-05-08 19:58:13'),(1088,1615,'dolor sit amet consectetur adipisicing elit. Maxime mol',NULL,'2017-11-29 09:35:47'),(1089,912,'sit amet consectetur adipisicing elit. Maxime mollitia,L',NULL,'2017-08-19 00:04:14'),(1090,918,'mollitia,Lorem ipsum dolor sit amet consectetur adipisicing elit. Maxime',NULL,'2018-06-15 23:54:37'),(1091,914,'elit. Maxime mollitia,Lorem ipsum dolor sit amet consec','https://images.unsplash.com/photo-1646667687331-e06974a7fda2?ixlib=rb-1.2.1&ixid=MnwxMjA3fDB8MHxlZGl0b3JpYWwtZmVlZHwzM3x8fGVufDB8fHx8&auto=format&fit=crop&w=300&q=60','2019-10-14 14:38:11'),(1092,920,'elit. Maxime mollitia,Lorem ipsum dolor sit amet consectet',NULL,'2019-10-14 11:57:49'),(1093,910,'dolor sit amet consectetur adipisicing elit. Maxime mollitia,L',NULL,'2015-12-25 08:42:59'),(1094,910,'ipsum dolor sit amet consectetur adipisicing elit. Maxime ',NULL,'2017-01-13 02:17:01'),(1095,900,'dolor sit amet consectetur adipisicing elit. Maxim',NULL,'2019-04-11 15:41:04'),(1096,1602,'amet consectetur adipisicing elit. Maxime mollitia,Lorem i',NULL,'2015-04-13 12:06:52'),(1097,926,'consectetur adipisicing elit. Maxime mollitia,Lorem ip',NULL,'2015-06-26 03:35:54'),(1098,914,'elit. Maxime mollitia,Lorem ipsum dolor sit amet consectetur adipisicing',NULL,'2019-08-12 03:01:58'),(1099,905,'consectetur adipisicing elit. Maxime mollitia,Lorem ipsum dolor sit ame',NULL,'2017-01-28 13:47:45'),(1100,913,'adipisicing elit. Maxime mollitia,Lorem ipsum dolor',NULL,'2018-01-29 06:45:48'),(1101,1613,'Maxime mollitia,Lorem ipsum dolor sit amet consectetur ad',NULL,'2015-02-16 19:22:09'),(1102,917,'adipisicing elit. Maxime mollitia,Lorem ipsum dolor sit',NULL,'2015-09-04 04:23:43'),(1103,915,'Maxime mollitia,Lorem ipsum dolor sit amet consecte',NULL,'2016-04-18 23:59:06'),(1104,902,'elit. Maxime mollitia,Lorem ipsum dolor sit amet c',NULL,'2015-05-16 23:21:48'),(1105,908,'mollitia,Lorem ipsum dolor sit amet consectetur adipisicing elit. Maxi',NULL,'2019-06-20 16:50:59'),(1106,927,'mollitia,Lorem ipsum dolor sit amet consectetur adipisicing elit. Maxime',NULL,'2016-02-22 23:42:48'),(1107,924,'adipisicing elit. Maxime mollitia,Lorem ipsum dolor sit ame',NULL,'2015-03-27 08:08:38'),(1108,900,'elit. Maxime mollitia,Lorem ipsum dolor sit amet consectetur adip',NULL,'2019-11-09 16:30:50'),(1109,1601,'amet consectetur adipisicing elit. Maxime mollitia,Lorem ipsum dolor sit',NULL,'2019-08-25 17:03:24'),(1110,902,'dolor sit amet consectetur adipisicing elit. Maxime',NULL,'2017-07-17 02:06:30'),(1111,1603,'adipisicing elit. Maxime mollitia,Lorem ipsum dolor sit amet consectet','https://images.unsplash.com/photo-1646048092547-3fff67e7adc8?ixlib=rb-1.2.1&ixid=MnwxMjA3fDB8MHxlZGl0b3JpYWwtZmVlZHwzOXx8fGVufDB8fHx8&auto=format&fit=crop&w=300&q=60','2016-01-05 02:14:12'),(1112,1602,'consectetur adipisicing elit. Maxime mollitia,Lorem ipsum dolor',NULL,'2017-05-08 20:21:30'),(1113,902,'adipisicing elit. Maxime mollitia,Lorem ipsum dolor s',NULL,'2015-10-04 21:12:30'),(1114,915,'amet consectetur adipisicing elit. Maxime mollitia,Lorem i',NULL,'2018-10-12 14:27:07'),(1115,919,'ipsum dolor sit amet consectetur adipisicing elit. Maxime moll',NULL,'2019-10-02 20:25:28'),(1116,911,'ipsum dolor sit amet consectetur adipisicing elit. Ma',NULL,'2016-04-25 11:52:47'),(1117,926,'amet consectetur adipisicing elit. Maxime mollitia,Lorem ip',NULL,'2017-04-11 17:05:49'),(1118,912,'Maxime mollitia,Lorem ipsum dolor sit amet consect',NULL,'2015-02-15 12:31:54'),(1119,922,'adipisicing elit. Maxime mollitia,Lorem ipsum dolor sit amet c',NULL,'2016-10-26 14:28:40'),(1120,930,'sit amet consectetur adipisicing elit. Maxime molliti',NULL,'2015-08-04 08:18:21'),(1121,916,'elit. Maxime mollitia,Lorem ipsum dolor sit amet consect',NULL,'2019-07-19 00:02:11'),(1122,1615,'dolor sit amet consectetur adipisicing elit. Maxime mollitia,Lorem i',NULL,'2015-05-15 08:07:25'),(1123,1607,'elit. Maxime mollitia,Lorem ipsum dolor sit amet consectetur',NULL,'2016-06-09 07:49:24'),(1124,1661,'ipsum dolor sit amet consectetur adipisicing elit. Maxim',NULL,'2019-09-07 18:17:11'),(1125,1661,'elit. Maxime mollitia,Lorem ipsum dolor sit amet consectetur adipi',NULL,'2017-05-21 07:52:50'),(1126,1615,'dolor sit amet consectetur adipisicing elit. Maxime mollitia,Lor',NULL,'2015-10-21 18:37:01'),(1127,1666,'consectetur adipisicing elit. Maxime mollitia,Lorem ipsum dolor sit amet',NULL,'2018-11-28 04:35:01'),(1128,1613,'ipsum dolor sit amet consectetur adipisicing elit. Maxime mollitia,Lorem',NULL,'2016-02-05 10:33:13'),(1129,918,'itia,Lorem ipsum dolor sit amet consectetur adipisi',NULL,'2017-07-09 01:17:10'),(1130,901,'adipisicing elit. Maxime mollitia,Lorem ipsum dolor sit amet consectetur','https://images.unsplash.com/photo-1646667687331-e06974a7fda2?ixlib=rb-1.2.1&ixid=MnwxMjA3fDB8MHxlZGl0b3JpYWwtZmVlZHwzM3x8fGVufDB8fHx8&auto=format&fit=crop&w=300&q=60','2019-08-16 11:50:38'),(1131,1601,'sit amet consectetur adipisicing elit. Maxime molli',NULL,'2017-06-07 18:15:05'),(1132,932,'sit amet consectetur adipisicing elit. Maxime mollitia,Lo',NULL,'2015-12-12 23:39:43'),(1133,919,'mollitia,Lorem ipsum dolor sit amet consectetur adipisicing',NULL,'2018-09-27 04:24:07'),(1134,903,'sit amet consectetur adipisicing elit. Maxime molli',NULL,'2016-02-17 09:36:57'),(1135,926,'mollitia,Lorem ipsum dolor sit amet consectetur adipisicing elit. Maxime',NULL,'2017-02-17 19:48:30'),(1136,901,'ipsum dolor sit amet consectetur adipisicing elit. Maxime mollitia',NULL,'2017-11-22 15:36:16'),(1137,1601,'litia,Lorem ipsum dolor sit amet consectetur adipis',NULL,'2016-07-28 19:21:47'),(1138,1614,'Maxime mollitia,Lorem ipsum dolor sit amet consectetur adipisicing elit.',NULL,'2018-04-06 02:00:32'),(1139,907,'elit. Maxime mollitia,Lorem ipsum dolor sit amet consec',NULL,'2019-12-26 06:14:49'),(1140,1601,'adipisicing elit. Maxime mollitia,Lorem ipsum dolor',NULL,'2019-09-27 07:53:04'),(1141,905,'elit. Maxime mollitia,Lorem ipsum dolor sit amet consectetur',NULL,'2019-09-28 17:53:44'),(1142,927,'mollitia,Lorem ipsum dolor sit amet consectetur adipis',NULL,'2019-11-12 03:55:32'),(1143,1603,'ia,Lorem ipsum dolor sit amet consectetur adipisicing elit.',NULL,'2016-08-22 10:22:56'),(1144,903,'elit. Maxime mollitia,Lorem ipsum dolor sit amet consectetur','https://images.unsplash.com/photo-1640622842936-b81247a2d4a9?ixlib=rb-1.2.1&ixid=MnwxMjA3fDF8MHxlZGl0b3JpYWwtZmVlZHw0MHx8fGVufDB8fHx8&auto=format&fit=crop&w=300&q=60','2015-09-27 12:17:42'),(1145,920,'dolor sit amet consectetur adipisicing elit. Maxime mollitia,Lorem i',NULL,'2017-10-30 13:42:23'),(1146,911,'sit amet consectetur adipisicing elit. Maxime mollitia,Lorem ipsu',NULL,'2019-10-09 20:26:16'),(1147,926,'litia,Lorem ipsum dolor sit amet consectetur adipisicing elit. Maxi',NULL,'2017-04-30 18:11:48'),(1148,1614,'adipisicing elit. Maxime mollitia,Lorem ipsum dolor',NULL,'2015-04-29 00:54:18'),(1149,926,'consectetur adipisicing elit. Maxime mollitia,Lorem ipsum dolor sit amet',NULL,'2018-04-21 17:59:24'),(1150,932,'mollitia,Lorem ipsum dolor sit amet consectetur adipisicing eli',NULL,'2016-10-07 03:08:40'),(1151,916,'elit. Maxime mollitia,Lorem ipsum dolor sit amet consectetur adipisicin',NULL,'2016-01-19 21:39:34'),(1152,927,'Maxime mollitia,Lorem ipsum dolor sit amet consectetur',NULL,'2015-12-05 09:37:46'),(1153,900,'adipisicing elit. Maxime mollitia,Lorem ipsum dolor sit amet conse',NULL,'2019-08-22 02:17:36'),(1154,1661,'elit. Maxime mollitia,Lorem ipsum dolor sit amet consectetur adipisicin',NULL,'2018-02-12 08:17:19'),(1155,923,'amet consectetur adipisicing elit. Maxime mollitia,Lor',NULL,'2015-10-03 11:11:36'),(1156,927,'consectetur adipisicing elit. Maxime mollitia,Lorem ip',NULL,'2017-02-14 08:43:50'),(1157,932,',Lorem ipsum dolor sit amet consectetur adipisicing elit. Max',NULL,'2018-12-04 07:22:21'),(1158,903,'adipisicing elit. Maxime mollitia,Lorem ipsum dolor sit a',NULL,'2016-09-02 22:36:58'),(1159,1656,'elit. Maxime mollitia,Lorem ipsum dolor sit amet consectetur adipisicin',NULL,'2019-04-26 22:00:11'),(1160,913,'adipisicing elit. Maxime mollitia,Lorem ipsum dolor sit ame','https://images.unsplash.com/photo-1646667687331-e06974a7fda2?ixlib=rb-1.2.1&ixid=MnwxMjA3fDB8MHxlZGl0b3JpYWwtZmVlZHwzM3x8fGVufDB8fHx8&auto=format&fit=crop&w=300&q=60','2016-07-09 14:56:03'),(1161,909,'llitia,Lorem ipsum dolor sit amet consectetur adipi',NULL,'2015-06-10 03:48:36'),(1162,906,'dolor sit amet consectetur adipisicing elit. Maxime moll',NULL,'2017-10-09 16:12:22'),(1163,900,'consectetur adipisicing elit. Maxime mollitia,Lorem',NULL,'2015-10-12 02:43:21'),(1164,900,'adipisicing elit. Maxime mollitia,Lorem ipsum dolor sit amet consectetur',NULL,'2015-10-06 19:55:41'),(1165,928,'adipisicing elit. Maxime mollitia,Lorem ipsum dolor sit amet consecte',NULL,'2018-04-28 15:23:55'),(1166,1603,'elit. Maxime mollitia,Lorem ipsum dolor sit amet consectetur adipi',NULL,'2018-02-03 08:39:40'),(1167,912,'ipsum dolor sit amet consectetur adipisicing elit. Maxime moll',NULL,'2016-04-09 20:07:47'),(1168,1613,'consectetur adipisicing elit. Maxime mollitia,Lorem ipsum dolor sit amet',NULL,'2015-06-21 14:06:29'),(1169,904,'Maxime mollitia,Lorem ipsum dolor sit amet consectetur adipisicing',NULL,'2016-05-27 21:52:57'),(1170,914,'consectetur adipisicing elit. Maxime mollitia,Lorem ip',NULL,'2018-08-08 10:20:03'),(1171,926,'adipisicing elit. Maxime mollitia,Lorem ipsum dolor sit amet c',NULL,'2016-06-23 00:50:24'),(1172,922,'amet consectetur adipisicing elit. Maxime mollitia,Lor',NULL,'2016-08-07 20:11:46'),(1173,924,'mollitia,Lorem ipsum dolor sit amet consectetur adipisicing elit. Maxim',NULL,'2016-05-30 06:07:21'),(1174,1601,'adipisicing elit. Maxime mollitia,Lorem ipsum dolor sit amet consect',NULL,'2016-10-21 16:58:38'),(1175,1656,'ipsum dolor sit amet consectetur adipisicing elit. Maxime mollitia,',NULL,'2017-04-18 17:37:42'),(1176,923,'dolor sit amet consectetur adipisicing elit. Maxime mollitia,L',NULL,'2016-06-11 19:10:33'),(1177,1656,'amet consectetur adipisicing elit. Maxime mollitia,Lorem ips','https://images.unsplash.com/photo-1640622842936-b81247a2d4a9?ixlib=rb-1.2.1&ixid=MnwxMjA3fDF8MHxlZGl0b3JpYWwtZmVlZHw0MHx8fGVufDB8fHx8&auto=format&fit=crop&w=300&q=60','2017-06-02 22:07:39'),(1178,1601,'ipsum dolor sit amet consectetur adipisicing elit. Maxime mollitia,Lorem',NULL,'2015-11-16 18:16:17'),(1179,922,'ia,Lorem ipsum dolor sit amet consectetur adipisicing elit. M',NULL,'2017-11-07 00:44:14'),(1180,922,'sit amet consectetur adipisicing elit. Maxime mollitia,Lorem ipsum do',NULL,'2018-08-30 05:21:06'),(1181,911,'consectetur adipisicing elit. Maxime mollitia,Lorem i',NULL,'2018-08-07 14:29:56'),(1182,924,'elit. Maxime mollitia,Lorem ipsum dolor sit amet consectetur adipisicin',NULL,'2016-04-10 19:56:36'),(1183,1605,'sit amet consectetur adipisicing elit. Maxime mollitia,Lo',NULL,'2019-07-01 16:10:17'),(1184,1656,'consectetur adipisicing elit. Maxime mollitia,Lorem ips',NULL,'2018-11-22 04:01:44'),(1185,1615,'adipisicing elit. Maxime mollitia,Lorem ipsum dolor si',NULL,'2018-07-13 21:35:46'),(1186,1605,'amet consectetur adipisicing elit. Maxime mollitia,Lorem ipsum d',NULL,'2016-04-05 17:52:35'),(1187,926,'consectetur adipisicing elit. Maxime mollitia,Lorem ipsum do',NULL,'2018-09-27 21:43:31'),(1188,931,'mollitia,Lorem ipsum dolor sit amet consectetur adipis',NULL,'2018-08-01 21:57:16'),(1189,907,'ia,Lorem ipsum dolor sit amet consectetur adipisicing elit. Maxime mol',NULL,'2018-03-30 23:08:34'),(1190,920,'adipisicing elit. Maxime mollitia,Lorem ipsum dolor',NULL,'2015-05-16 05:56:16'),(1191,905,'itia,Lorem ipsum dolor sit amet consectetur adipisicing elit.',NULL,'2016-06-01 04:12:14'),(1192,901,'adipisicing elit. Maxime mollitia,Lorem ipsum dolor sit amet consec',NULL,'2015-09-29 12:10:53'),(1193,931,'a,Lorem ipsum dolor sit amet consectetur adipisicing elit. Maxime mo','https://images.unsplash.com/photo-1646667687331-e06974a7fda2?ixlib=rb-1.2.1&ixid=MnwxMjA3fDB8MHxlZGl0b3JpYWwtZmVlZHwzM3x8fGVufDB8fHx8&auto=format&fit=crop&w=300&q=60','2019-10-08 23:32:06'),(1194,919,'dolor sit amet consectetur adipisicing elit. Maxime mollitia,Lo',NULL,'2015-09-10 18:18:02'),(1195,914,'sit amet consectetur adipisicing elit. Maxime mollitia,',NULL,'2016-11-02 06:56:18'),(1196,1601,'mollitia,Lorem ipsum dolor sit amet consectetur adipisicin',NULL,'2015-03-12 01:32:52'),(1197,916,'Maxime mollitia,Lorem ipsum dolor sit amet consectetur adipisicing el',NULL,'2015-01-01 14:33:52'),(1198,1607,'elit. Maxime mollitia,Lorem ipsum dolor sit amet consectetur adipisi',NULL,'2016-05-12 20:59:49'),(1199,1613,'adipisicing elit. Maxime mollitia,Lorem ipsum dolor',NULL,'2015-04-25 20:41:00'),(1200,915,'litia,Lorem ipsum dolor sit amet consectetur adipisicing e',NULL,'2017-10-23 14:46:18'),(1201,927,'tia,Lorem ipsum dolor sit amet consectetur adipisicing elit',NULL,'2017-02-06 03:44:06'),(1202,930,'consectetur adipisicing elit. Maxime mollitia,Lorem',NULL,'2017-04-19 01:52:42'),(1203,1666,'tia,Lorem ipsum dolor sit amet consectetur adipisi',NULL,'2016-10-02 09:27:48'),(1204,923,'consectetur adipisicing elit. Maxime mollitia,Lore',NULL,'2019-08-17 19:59:36'),(1205,1607,'dolor sit amet consectetur adipisicing elit. Maxime mo',NULL,'2018-08-11 05:05:07'),(1206,906,'adipisicing elit. Maxime mollitia,Lorem ipsum dolor sit amet consectet','https://images.unsplash.com/photo-1640622842936-b81247a2d4a9?ixlib=rb-1.2.1&ixid=MnwxMjA3fDF8MHxlZGl0b3JpYWwtZmVlZHw0MHx8fGVufDB8fHx8&auto=format&fit=crop&w=300&q=60','2018-04-01 09:15:41'),(1207,916,'sit amet consectetur adipisicing elit. Maxime mollitia,Lor',NULL,'2019-12-16 01:48:41'),(1208,904,'adipisicing elit. Maxime mollitia,Lorem ipsum dolor s',NULL,'2017-08-11 20:48:05'),(1209,904,'elit. Maxime mollitia,Lorem ipsum dolor sit amet consectetur ad',NULL,'2018-06-23 20:47:57'),(1210,1605,'sit amet consectetur adipisicing elit. Maxime mollitia,Lorem i',NULL,'2015-11-16 01:47:06'),(1211,907,'dolor sit amet consectetur adipisicing elit. Maxime molliti',NULL,'2018-06-09 19:46:39'),(1212,905,'mollitia,Lorem ipsum dolor sit amet consectetur adipis',NULL,'2019-08-03 08:53:37'),(1213,910,'sit amet consectetur adipisicing elit. Maxime mollitia,Lorem ips',NULL,'2018-05-31 00:01:42'),(1214,925,'adipisicing elit. Maxime mollitia,Lorem ipsum dolor sit ame',NULL,'2019-08-31 03:36:49'),(1215,924,'Maxime mollitia,Lorem ipsum dolor sit amet consectetur adip',NULL,'2018-02-15 18:13:45'),(1216,917,'consectetur adipisicing elit. Maxime mollitia,Lorem ipsum do',NULL,'2015-10-05 23:12:25'),(1217,1614,'ipsum dolor sit amet consectetur adipisicing elit. Maxime mol',NULL,'2016-07-27 07:16:46'),(1218,911,'ollitia,Lorem ipsum dolor sit amet consectetur adipisicing elit.',NULL,'2015-12-06 00:16:23'),(1219,907,'mollitia,Lorem ipsum dolor sit amet consectetur adipisicing elit. Maxi',NULL,'2016-02-23 13:08:42'),(1220,902,'sit amet consectetur adipisicing elit. Maxime mollitia,',NULL,'2015-04-30 07:56:44'),(1221,927,'adipisicing elit. Maxime mollitia,Lorem ipsum dolor sit amet consecte',NULL,'2016-06-02 18:40:42'),(1222,1661,',Lorem ipsum dolor sit amet consectetur adipisicing elit. Maxime mol',NULL,'2015-01-06 21:01:14'),(1223,1607,'elit. Maxime mollitia,Lorem ipsum dolor sit amet con',NULL,'2018-05-25 18:02:48'),(1224,905,'amet consectetur adipisicing elit. Maxime mollitia,Lorem ipsum d',NULL,'2019-03-03 20:22:56'),(1225,931,'Maxime mollitia,Lorem ipsum dolor sit amet consectetur adipisici',NULL,'2018-06-14 10:15:48'),(1226,928,'adipisicing elit. Maxime mollitia,Lorem ipsum dolor',NULL,'2016-11-06 12:54:40'),(1227,1666,'adipisicing elit. Maxime mollitia,Lorem ipsum dolor sit','https://images.unsplash.com/photo-1646667687331-e06974a7fda2?ixlib=rb-1.2.1&ixid=MnwxMjA3fDB8MHxlZGl0b3JpYWwtZmVlZHwzM3x8fGVufDB8fHx8&auto=format&fit=crop&w=300&q=60','2019-12-01 21:19:09'),(1228,916,'ipsum dolor sit amet consectetur adipisicing elit. Maxime mollitia,Lo',NULL,'2015-06-06 23:52:16'),(1229,924,'adipisicing elit. Maxime mollitia,Lorem ipsum dolor sit amet conse',NULL,'2016-04-22 20:31:08'),(1230,1610,'amet consectetur adipisicing elit. Maxime mollitia,Lorem ipsum dolor sit',NULL,'2019-07-06 21:06:59'),(1231,900,'consectetur adipisicing elit. Maxime mollitia,Lorem ipsum',NULL,'2015-01-09 10:21:23'),(1232,926,'elit. Maxime mollitia,Lorem ipsum dolor sit amet consectetur adipi',NULL,'2018-04-07 03:38:18'),(1233,905,'adipisicing elit. Maxime mollitia,Lorem ipsum dolor si',NULL,'2017-04-07 07:07:14'),(1234,907,'adipisicing elit. Maxime mollitia,Lorem ipsum dolor sit',NULL,'2019-11-08 01:12:39'),(1235,924,'elit. Maxime mollitia,Lorem ipsum dolor sit amet consectet',NULL,'2017-12-03 07:41:49'),(1236,914,'litia,Lorem ipsum dolor sit amet consectetur adipisicing elit. Maxime mo',NULL,'2018-07-26 03:26:05'),(1237,1666,'consectetur adipisicing elit. Maxime mollitia,Lorem','https://images.unsplash.com/photo-1640622842936-b81247a2d4a9?ixlib=rb-1.2.1&ixid=MnwxMjA3fDF8MHxlZGl0b3JpYWwtZmVlZHw0MHx8fGVufDB8fHx8&auto=format&fit=crop&w=300&q=60','2018-02-08 00:36:23'),(1238,1661,'adipisicing elit. Maxime mollitia,Lorem ipsum dolo',NULL,'2019-08-09 19:40:19'),(1239,928,'dolor sit amet consectetur adipisicing elit. Maxime moll',NULL,'2015-12-17 15:32:21'),(1240,925,'elit. Maxime mollitia,Lorem ipsum dolor sit amet consectetur adipisicing',NULL,'2019-06-13 00:58:38'),(1241,930,'adipisicing elit. Maxime mollitia,Lorem ipsum dolor',NULL,'2015-06-29 16:05:09'),(1242,1602,'elit. Maxime mollitia,Lorem ipsum dolor sit amet consectetur',NULL,'2019-10-14 08:59:46'),(1243,1615,'dolor sit amet consectetur adipisicing elit. Maxime mollitia,Lorem ip',NULL,'2019-03-04 21:04:26'),(1244,914,'dolor sit amet consectetur adipisicing elit. Maxime mollitia,Lore',NULL,'2019-11-28 13:55:17'),(1245,900,'adipisicing elit. Maxime mollitia,Lorem ipsum dolor sit amet consectetur','https://images.unsplash.com/photo-1646649421173-7e24e66613de?ixlib=rb-1.2.1&ixid=MnwxMjA3fDB8MHxlZGl0b3JpYWwtZmVlZHwzMnx8fGVufDB8fHx8&auto=format&fit=crop&w=300&q=60','2018-04-27 07:11:56'),(1246,901,'mollitia,Lorem ipsum dolor sit amet consectetur adipisicing elit. Maxime',NULL,'2015-10-04 06:46:14'),(1247,921,'mollitia,Lorem ipsum dolor sit amet consectetur adipi',NULL,'2017-02-14 22:33:13'),(1248,910,'mollitia,Lorem ipsum dolor sit amet consectetur adipis',NULL,'2016-06-05 07:37:56'),(1249,906,'a,Lorem ipsum dolor sit amet consectetur adipisicing elit. Ma',NULL,'2019-12-12 14:04:41'),(1250,929,'dolor sit amet consectetur adipisicing elit. Maxime mollitia,Lorem ipsum',NULL,'2016-12-31 14:06:55'),(1251,929,'elit. Maxime mollitia,Lorem ipsum dolor sit amet con',NULL,'2015-10-24 11:35:56'),(1252,928,'adipisicing elit. Maxime mollitia,Lorem ipsum dolor sit amet consectetur',NULL,'2019-12-30 14:24:21'),(1253,922,'mollitia,Lorem ipsum dolor sit amet consectetur adipisici',NULL,'2019-01-29 11:07:56'),(1254,906,'dolor sit amet consectetur adipisicing elit. Maxime mo',NULL,'2015-11-17 23:46:55'),(1255,1607,'adipisicing elit. Maxime mollitia,Lorem ipsum dolor',NULL,'2016-02-19 07:01:45'),(1256,926,'Maxime mollitia,Lorem ipsum dolor sit amet consectetur adip',NULL,'2015-08-29 21:48:57'),(1257,916,'consectetur adipisicing elit. Maxime mollitia,Lorem ipsum dolor sit am',NULL,'2018-04-20 11:48:36'),(1258,1610,'mollitia,Lorem ipsum dolor sit amet consectetur adipisicing elit.',NULL,'2019-10-02 11:04:19'),(1259,914,'dolor sit amet consectetur adipisicing elit. Maxime molliti',NULL,'2018-01-02 02:23:17'),(1260,901,'adipisicing elit. Maxime mollitia,Lorem ipsum dolor sit amet con',NULL,'2015-05-17 12:27:20'),(1261,1610,'consectetur adipisicing elit. Maxime mollitia,Lorem ipsum dolor sit a',NULL,'2016-10-15 16:19:11'),(1262,1661,'elit. Maxime mollitia,Lorem ipsum dolor sit amet consectetur adi',NULL,'2015-01-07 13:09:19'),(1263,1661,'dolor sit amet consectetur adipisicing elit. Maxime mollitia,Lorem ipsum',NULL,'2017-02-23 23:29:54'),(1264,928,'elit. Maxime mollitia,Lorem ipsum dolor sit amet conse','https://images.unsplash.com/photo-1643040829889-9edfa7c2aca4?ixlib=rb-1.2.1&ixid=MnwxMjA3fDB8MHxlZGl0b3JpYWwtZmVlZHw0Nnx8fGVufDB8fHx8&auto=format&fit=crop&w=300&q=60','2016-10-29 07:50:55'),(1265,919,'consectetur adipisicing elit. Maxime mollitia,Lorem',NULL,'2017-09-12 06:13:02'),(1266,1661,'consectetur adipisicing elit. Maxime mollitia,Lorem',NULL,'2016-02-18 02:24:56'),(1267,932,'elit. Maxime mollitia,Lorem ipsum dolor sit amet consec',NULL,'2015-11-08 10:56:24'),(1268,911,'Lorem ipsum dolor sit amet consectetur adipisicing elit. Maxime mollit',NULL,'2016-08-07 01:33:41'),(1269,1615,'llitia,Lorem ipsum dolor sit amet consectetur adipisicin',NULL,'2015-08-31 23:06:13'),(1270,918,'litia,Lorem ipsum dolor sit amet consectetur adipisicing e',NULL,'2017-06-02 23:15:01'),(1271,912,'elit. Maxime mollitia,Lorem ipsum dolor sit amet consectetur ad',NULL,'2018-11-30 19:04:12'),(1272,902,'consectetur adipisicing elit. Maxime mollitia,Lorem ipsum',NULL,'2018-05-28 22:19:06'),(1273,932,'sit amet consectetur adipisicing elit. Maxime mollitia,Lore',NULL,'2015-08-23 13:28:28'),(1274,926,'elit. Maxime mollitia,Lorem ipsum dolor sit amet consectetur adi',NULL,'2018-01-01 00:09:32'),(1275,913,'ipsum dolor sit amet consectetur adipisicing elit. Maxime mollitia,L',NULL,'2017-05-30 07:08:27'),(1276,912,'Maxime mollitia,Lorem ipsum dolor sit amet consectetur adipisicing el',NULL,'2017-03-12 22:22:12'),(1277,1613,'consectetur adipisicing elit. Maxime mollitia,Lorem ip',NULL,'2019-09-30 16:05:42'),(1278,1605,'elit. Maxime mollitia,Lorem ipsum dolor sit amet consectetur adipis',NULL,'2016-07-26 16:00:06'),(1279,903,'ollitia,Lorem ipsum dolor sit amet consectetur adipisicing elit. Maxime',NULL,'2018-11-07 08:09:10'),(1280,914,'adipisicing elit. Maxime mollitia,Lorem ipsum dolor si',NULL,'2016-05-04 16:23:07'),(1281,900,'tia,Lorem ipsum dolor sit amet consectetur adipisicing elit. Ma',NULL,'2017-09-10 01:12:32'),(1282,931,'dolor sit amet consectetur adipisicing elit. Maxime mollitia,Lorem ipsum',NULL,'2019-05-16 21:51:42'),(1283,1656,'amet consectetur adipisicing elit. Maxime mollitia,Lor',NULL,'2015-07-21 01:16:55'),(1284,1656,'dolor sit amet consectetur adipisicing elit. Maxime mollitia',NULL,'2016-04-20 10:30:46'),(1285,932,'dolor sit amet consectetur adipisicing elit. Maxime m',NULL,'2018-04-24 11:12:03'),(1286,909,'sit amet consectetur adipisicing elit. Maxime molli',NULL,'2019-08-20 16:50:19'),(1287,929,'elit. Maxime mollitia,Lorem ipsum dolor sit amet consectet',NULL,'2018-02-28 01:00:12'),(1288,922,'mollitia,Lorem ipsum dolor sit amet consectetur adipisicing elit.',NULL,'2019-07-21 14:36:36'),(1289,931,'ipsum dolor sit amet consectetur adipisicing elit. Maxime mollitia,Lor',NULL,'2015-03-02 09:26:57'),(1290,1615,'Lorem ipsum dolor sit amet consectetur adipisicing elit. Maxime molli','https://images.unsplash.com/photo-1646649421173-7e24e66613de?ixlib=rb-1.2.1&ixid=MnwxMjA3fDB8MHxlZGl0b3JpYWwtZmVlZHwzMnx8fGVufDB8fHx8&auto=format&fit=crop&w=300&q=60','2018-10-01 07:41:49'),(1291,1610,'consectetur adipisicing elit. Maxime mollitia,Lorem',NULL,'2015-03-13 23:17:31'),(1292,925,'mollitia,Lorem ipsum dolor sit amet consectetur adip',NULL,'2019-08-17 06:55:13'),(1293,1656,'adipisicing elit. Maxime mollitia,Lorem ipsum dolor sit amet consectetu',NULL,'2019-09-20 02:19:25'),(1294,913,'elit. Maxime mollitia,Lorem ipsum dolor sit amet co',NULL,'2018-08-12 23:04:57'),(1295,1614,'elit. Maxime mollitia,Lorem ipsum dolor sit amet consectetur adipisici',NULL,'2019-08-14 20:36:18'),(1296,929,'Maxime mollitia,Lorem ipsum dolor sit amet consectetur adipisici',NULL,'2016-04-10 19:41:34'),(1297,1607,'mollitia,Lorem ipsum dolor sit amet consectetur adipisicing elit. Ma','https://images.unsplash.com/photo-1643040829889-9edfa7c2aca4?ixlib=rb-1.2.1&ixid=MnwxMjA3fDB8MHxlZGl0b3JpYWwtZmVlZHw0Nnx8fGVufDB8fHx8&auto=format&fit=crop&w=300&q=60','2018-09-16 13:32:47'),(1298,920,'mollitia,Lorem ipsum dolor sit amet consectetur adipis',NULL,'2018-07-16 08:34:53'),(1299,1661,'mollitia,Lorem ipsum dolor sit amet consectetur adipisicing eli',NULL,'2018-03-15 02:58:21'),(1300,930,'adipisicing elit. Maxime mollitia,Lorem ipsum dolor sit amet c',NULL,'2015-04-28 01:54:01'),(1301,907,'elit. Maxime mollitia,Lorem ipsum dolor sit amet consectet',NULL,'2019-06-12 05:54:52'),(1302,924,'ia,Lorem ipsum dolor sit amet consectetur adipisicing elit. M',NULL,'2018-12-20 16:20:40'),(1303,1601,'litia,Lorem ipsum dolor sit amet consectetur adipisici',NULL,'2018-06-24 23:33:25'),(1304,920,'ipsum dolor sit amet consectetur adipisicing elit. Maxime mollit',NULL,'2017-04-10 01:54:09'),(1305,1603,'sit amet consectetur adipisicing elit. Maxime mollit',NULL,'2018-09-22 23:55:05'),(1306,929,'elit. Maxime mollitia,Lorem ipsum dolor sit amet consectetur adipisi',NULL,'2016-11-26 21:19:52'),(1307,905,'adipisicing elit. Maxime mollitia,Lorem ipsum dolor si',NULL,'2018-10-17 16:56:37'),(1308,921,'ipsum dolor sit amet consectetur adipisicing elit. Maxime ',NULL,'2019-01-07 07:45:14'),(1309,1610,'consectetur adipisicing elit. Maxime mollitia,Lorem',NULL,'2018-03-03 14:47:46'),(1310,1610,'adipisicing elit. Maxime mollitia,Lorem ipsum dolor sit amet co',NULL,'2018-10-23 22:00:02'),(1311,1607,'consectetur adipisicing elit. Maxime mollitia,Lorem ipsum dolor s',NULL,'2016-03-01 15:38:58'),(1312,1603,'ipsum dolor sit amet consectetur adipisicing elit.',NULL,'2016-12-26 13:06:17'),(1313,1605,'elit. Maxime mollitia,Lorem ipsum dolor sit amet consectetur',NULL,'2019-08-01 18:29:24'),(1314,906,'Maxime mollitia,Lorem ipsum dolor sit amet consectetur adipisicing elit',NULL,'2017-04-11 13:29:39'),(1315,920,'ia,Lorem ipsum dolor sit amet consectetur adipisicing elit. Maxime mo',NULL,'2018-09-26 09:35:12'),(1316,902,'elit. Maxime mollitia,Lorem ipsum dolor sit amet consectetur adi',NULL,'2016-01-22 07:23:02'),(1317,925,'ipsum dolor sit amet consectetur adipisicing elit. Max',NULL,'2018-03-24 10:51:25'),(1318,1601,'adipisicing elit. Maxime mollitia,Lorem ipsum dolor sit amet consec',NULL,'2018-11-05 00:27:38'),(1319,903,'tia,Lorem ipsum dolor sit amet consectetur adipisicing el',NULL,'2016-05-30 02:07:37'),(1320,912,'ipsum dolor sit amet consectetur adipisicing elit. Maxime mollitia,Lore',NULL,'2017-05-27 19:47:43'),(1321,906,'mollitia,Lorem ipsum dolor sit amet consectetur adipisicing elit. Maxime',NULL,'2016-07-10 03:59:38'),(1322,922,'elit. Maxime mollitia,Lorem ipsum dolor sit amet consectetur adipisicing',NULL,'2018-01-25 11:49:10'),(1323,1613,'amet consectetur adipisicing elit. Maxime mollitia,Lorem',NULL,'2018-02-08 00:36:02'),(1324,1602,'adipisicing elit. Maxime mollitia,Lorem ipsum dolor sit am',NULL,'2017-01-17 04:11:09'),(1325,1607,'sit amet consectetur adipisicing elit. Maxime mollitia,Lorem ip',NULL,'2017-10-14 03:45:19'),(1326,1610,'consectetur adipisicing elit. Maxime mollitia,Lore',NULL,'2018-12-24 14:04:47'),(1327,925,'elit. Maxime mollitia,Lorem ipsum dolor sit amet consectetur adipisi',NULL,'2015-09-07 19:37:40'),(1328,1605,'consectetur adipisicing elit. Maxime mollitia,Lorem ips',NULL,'2016-03-21 02:44:41'),(1329,926,'elit. Maxime mollitia,Lorem ipsum dolor sit amet consectetur',NULL,'2015-01-08 23:29:29'),(1330,910,'ipsum dolor sit amet consectetur adipisicing elit. Maxim',NULL,'2019-07-20 10:22:37'),(1331,912,',Lorem ipsum dolor sit amet consectetur adipisicing elit. Maxime mo',NULL,'2016-12-11 22:01:29'),(1332,907,'dolor sit amet consectetur adipisicing elit. Maxime mollitia,Lorem ipsu',NULL,'2016-11-17 06:31:31'),(1333,909,'consectetur adipisicing elit. Maxime mollitia,Lorem','https://images.unsplash.com/photo-1643040829889-9edfa7c2aca4?ixlib=rb-1.2.1&ixid=MnwxMjA3fDB8MHxlZGl0b3JpYWwtZmVlZHw0Nnx8fGVufDB8fHx8&auto=format&fit=crop&w=300&q=60','2019-06-10 13:31:52'),(1334,1603,'dolor sit amet consectetur adipisicing elit. Maxime',NULL,'2019-05-30 18:00:56'),(1335,913,',Lorem ipsum dolor sit amet consectetur adipisicing el',NULL,'2018-02-10 09:54:26'),(1336,914,'ipsum dolor sit amet consectetur adipisicing elit. Maxime mollitia,',NULL,'2018-05-25 07:03:55'),(1337,930,'ipsum dolor sit amet consectetur adipisicing elit. Maxime molli',NULL,'2015-06-20 22:11:50'),(1338,1602,'Lorem ipsum dolor sit amet consectetur adipisicing elit. Maxime mollit',NULL,'2015-05-30 17:13:08'),(1339,912,'Maxime mollitia,Lorem ipsum dolor sit amet consectetur adipi',NULL,'2017-05-05 13:06:19'),(1340,907,'sit amet consectetur adipisicing elit. Maxime mollitia,L',NULL,'2019-09-30 16:19:14'),(1341,1615,'amet consectetur adipisicing elit. Maxime mollitia,Lor','https://images.unsplash.com/photo-1646649421173-7e24e66613de?ixlib=rb-1.2.1&ixid=MnwxMjA3fDB8MHxlZGl0b3JpYWwtZmVlZHwzMnx8fGVufDB8fHx8&auto=format&fit=crop&w=300&q=60','2015-07-18 23:31:23'),(1342,915,'amet consectetur adipisicing elit. Maxime mollitia,Lorem ipsum',NULL,'2016-01-01 10:00:14'),(1343,931,'amet consectetur adipisicing elit. Maxime mollitia,Lorem ipsum dolo',NULL,'2016-01-14 05:31:10'),(1344,901,'sit amet consectetur adipisicing elit. Maxime mollitia,Lorem ipsum d',NULL,'2017-04-21 09:21:21'),(1345,918,'adipisicing elit. Maxime mollitia,Lorem ipsum dolor sit amet consec',NULL,'2018-05-10 21:02:05'),(1346,909,'ipsum dolor sit amet consectetur adipisicing elit. Maxime mo',NULL,'2015-03-22 21:02:45'),(1347,928,'elit. Maxime mollitia,Lorem ipsum dolor sit amet consectetur ad',NULL,'2016-03-26 21:04:27'),(1348,902,'adipisicing elit. Maxime mollitia,Lorem ipsum dolor sit amet c',NULL,'2018-11-07 05:08:55'),(1349,908,'sit amet consectetur adipisicing elit. Maxime mollitia,Lorem',NULL,'2018-07-19 12:44:40'),(1350,907,'ipsum dolor sit amet consectetur adipisicing elit. Maxime molli',NULL,'2017-11-23 08:27:09'),(1351,901,'elit. Maxime mollitia,Lorem ipsum dolor sit amet consectetur adi',NULL,'2017-03-15 02:24:02'),(1352,1666,'adipisicing elit. Maxime mollitia,Lorem ipsum dolor sit amet consectetur',NULL,'2015-03-12 02:12:09'),(1353,919,'mollitia,Lorem ipsum dolor sit amet consectetur adipisicing e',NULL,'2016-10-19 05:11:22'),(1354,1603,'elit. Maxime mollitia,Lorem ipsum dolor sit amet consectetur adipi',NULL,'2015-06-07 11:04:28'),(1355,926,'Lorem ipsum dolor sit amet consectetur adipisicing elit. Maxime ',NULL,'2017-10-08 08:59:34'),(1356,919,'Maxime mollitia,Lorem ipsum dolor sit amet consectetur adipisicing elit.',NULL,'2019-06-12 06:18:52'),(1357,901,'amet consectetur adipisicing elit. Maxime mollitia,Lo',NULL,'2016-06-04 14:28:06'),(1358,1607,'Maxime mollitia,Lorem ipsum dolor sit amet consecte',NULL,'2015-12-05 10:50:50'),(1359,1615,'sit amet consectetur adipisicing elit. Maxime mollitia,Lorem ipsum',NULL,'2017-12-16 15:31:39'),(1360,902,'adipisicing elit. Maxime mollitia,Lorem ipsum dolor',NULL,'2018-05-06 13:48:42'),(1361,929,'elit. Maxime mollitia,Lorem ipsum dolor sit amet consectetur adipisicing',NULL,'2018-03-17 13:16:42'),(1362,1666,'itia,Lorem ipsum dolor sit amet consectetur adipisicing e',NULL,'2016-10-05 12:27:21'),(1363,924,'ipsum dolor sit amet consectetur adipisicing elit. Maxime mo',NULL,'2015-08-06 01:05:41'),(1364,1602,'ia,Lorem ipsum dolor sit amet consectetur adipisicing elit. Maxim',NULL,'2016-06-14 05:25:12'),(1365,904,'dolor sit amet consectetur adipisicing elit. Maxime mollitia,Lore',NULL,'2019-11-19 03:24:12'),(1366,911,'elit. Maxime mollitia,Lorem ipsum dolor sit amet consectetur adipisi','https://images.unsplash.com/photo-1643040829889-9edfa7c2aca4?ixlib=rb-1.2.1&ixid=MnwxMjA3fDB8MHxlZGl0b3JpYWwtZmVlZHw0Nnx8fGVufDB8fHx8&auto=format&fit=crop&w=300&q=60','2017-09-11 13:47:33'),(1367,1602,'mollitia,Lorem ipsum dolor sit amet consectetur adipisicing e',NULL,'2016-12-22 00:07:15'),(1368,920,'elit. Maxime mollitia,Lorem ipsum dolor sit amet con',NULL,'2015-02-18 00:35:43'),(1369,902,'elit. Maxime mollitia,Lorem ipsum dolor sit amet consectetur adipisic',NULL,'2017-07-18 16:18:41'),(1370,930,'adipisicing elit. Maxime mollitia,Lorem ipsum dolor sit',NULL,'2015-03-05 01:46:01'),(1371,904,'mollitia,Lorem ipsum dolor sit amet consectetur adipisi',NULL,'2019-06-05 15:36:34'),(1372,923,'Maxime mollitia,Lorem ipsum dolor sit amet consectetur adipisic',NULL,'2019-04-04 20:14:54'),(1373,1601,'adipisicing elit. Maxime mollitia,Lorem ipsum dolor sit amet co',NULL,'2019-12-22 06:46:19'),(1374,931,'consectetur adipisicing elit. Maxime mollitia,Lorem ipsum dolor si',NULL,'2017-04-09 10:05:26'),(1375,930,'ia,Lorem ipsum dolor sit amet consectetur adipisicing',NULL,'2019-07-12 21:04:05'),(1376,927,'elit. Maxime mollitia,Lorem ipsum dolor sit amet consectet',NULL,'2018-10-24 15:06:39'),(1377,926,'dolor sit amet consectetur adipisicing elit. Maxime ',NULL,'2017-07-16 11:48:18'),(1378,922,'ipsum dolor sit amet consectetur adipisicing elit. Maxime mollitia,Lorem',NULL,'2017-10-08 19:50:32'),(1379,911,'amet consectetur adipisicing elit. Maxime mollitia,Lor',NULL,'2016-03-20 05:22:59'),(1380,905,'amet consectetur adipisicing elit. Maxime mollitia,Lorem ips','https://images.unsplash.com/photo-1646649421173-7e24e66613de?ixlib=rb-1.2.1&ixid=MnwxMjA3fDB8MHxlZGl0b3JpYWwtZmVlZHwzMnx8fGVufDB8fHx8&auto=format&fit=crop&w=300&q=60','2019-04-20 10:54:31'),(1381,1614,'ia,Lorem ipsum dolor sit amet consectetur adipisicing elit. Maxime',NULL,'2018-09-20 11:47:15'),(1382,918,'amet consectetur adipisicing elit. Maxime mollitia,Lorem ipsu',NULL,'2018-07-04 18:26:46'),(1383,931,'adipisicing elit. Maxime mollitia,Lorem ipsum dolor sit amet con',NULL,'2015-03-01 22:13:31'),(1384,905,'Maxime mollitia,Lorem ipsum dolor sit amet consectetur adipisicing elit.',NULL,'2018-11-03 23:32:47'),(1385,907,'sit amet consectetur adipisicing elit. Maxime mollitia,Lorem ipsum',NULL,'2018-07-16 14:56:04'),(1386,914,'itia,Lorem ipsum dolor sit amet consectetur adipisicing elit. Maxim',NULL,'2019-02-08 11:20:14'),(1387,927,'sit amet consectetur adipisicing elit. Maxime mollitia,Lorem ipsum do',NULL,'2017-06-24 10:06:16'),(1388,1601,'adipisicing elit. Maxime mollitia,Lorem ipsum dolor sit amet consectetur',NULL,'2018-07-02 07:43:48'),(1389,1603,'litia,Lorem ipsum dolor sit amet consectetur adipisicing elit. Ma',NULL,'2015-03-12 11:48:26'),(1390,930,'Maxime mollitia,Lorem ipsum dolor sit amet consectetur adipisic',NULL,'2018-06-02 19:54:13'),(1391,913,'dolor sit amet consectetur adipisicing elit. Maxime mollitia,Lorem ipsum','https://images.unsplash.com/photo-1646641382381-0955ec94a97a?ixlib=rb-1.2.1&ixid=MnwxMjA3fDB8MHxlZGl0b3JpYWwtZmVlZHw0OHx8fGVufDB8fHx8&auto=format&fit=crop&w=300&q=60','2018-06-28 02:02:08'),(1392,917,'dolor sit amet consectetur adipisicing elit. Maxime mollitia,Lorem i',NULL,'2019-12-17 21:47:10'),(1393,907,'Maxime mollitia,Lorem ipsum dolor sit amet consectetur adipisicing elit',NULL,'2019-01-30 18:55:20'),(1394,916,'ipsum dolor sit amet consectetur adipisicing elit. Maxime mollitia,Lorem',NULL,'2018-10-27 00:53:56'),(1395,911,'elit. Maxime mollitia,Lorem ipsum dolor sit amet consectetur adipisicing',NULL,'2019-10-07 08:28:27'),(1396,923,'dolor sit amet consectetur adipisicing elit. Maxime ',NULL,'2019-08-16 23:31:39'),(1397,916,'consectetur adipisicing elit. Maxime mollitia,Lorem ipsum dolor sit am',NULL,'2019-05-10 16:10:09'),(1398,928,'elit. Maxime mollitia,Lorem ipsum dolor sit amet consectetur adipisicing',NULL,'2019-04-15 21:03:15'),(1399,917,'amet consectetur adipisicing elit. Maxime mollitia,L',NULL,'2018-10-24 13:43:41'),(1400,906,'elit. Maxime mollitia,Lorem ipsum dolor sit amet consecte',NULL,'2016-02-27 10:22:44'),(1401,913,'elit. Maxime mollitia,Lorem ipsum dolor sit amet consectetur',NULL,'2018-05-03 23:06:10'),(1402,905,'sit amet consectetur adipisicing elit. Maxime mollitia,Lorem ipsum dolor',NULL,'2018-09-24 05:08:09'),(1403,911,'elit. Maxime mollitia,Lorem ipsum dolor sit amet conse',NULL,'2018-04-07 20:44:42'),(1404,1614,'amet consectetur adipisicing elit. Maxime mollitia,Lorem ipsum d',NULL,'2019-04-29 05:29:59'),(1405,1605,'ipsum dolor sit amet consectetur adipisicing elit. Max',NULL,'2016-01-13 12:37:44'),(1406,913,'elit. Maxime mollitia,Lorem ipsum dolor sit amet consect',NULL,'2015-02-22 15:55:13'),(1407,902,'dolor sit amet consectetur adipisicing elit. Maxime mollitia,Lorem ipsum',NULL,'2019-05-14 13:59:51'),(1408,901,'Maxime mollitia,Lorem ipsum dolor sit amet consectetur',NULL,'2016-04-26 18:09:49'),(1409,930,'ipsum dolor sit amet consectetur adipisicing elit. Maxime molli','https://images.unsplash.com/photo-1646641382381-0955ec94a97a?ixlib=rb-1.2.1&ixid=MnwxMjA3fDB8MHxlZGl0b3JpYWwtZmVlZHw0OHx8fGVufDB8fHx8&auto=format&fit=crop&w=300&q=60','2017-09-14 22:31:21'),(1410,901,'sit amet consectetur adipisicing elit. Maxime mollitia,Lorem',NULL,'2015-07-16 12:49:58'),(1411,1601,'adipisicing elit. Maxime mollitia,Lorem ipsum dolor sit a',NULL,'2018-06-20 06:19:59'),(1412,922,'elit. Maxime mollitia,Lorem ipsum dolor sit amet consectetur adipisi',NULL,'2019-05-24 04:57:56'),(1413,1607,'dolor sit amet consectetur adipisicing elit. Maxime mo',NULL,'2018-09-16 19:10:34'),(1414,912,'amet consectetur adipisicing elit. Maxime mollitia,Lorem ipsum',NULL,'2015-10-11 08:01:12'),(1415,1610,'Maxime mollitia,Lorem ipsum dolor sit amet consectetur',NULL,'2018-11-24 17:32:37'),(1416,1601,'ipsum dolor sit amet consectetur adipisicing elit. Maxime mo',NULL,'2017-07-24 19:37:57'),(1417,1605,'elit. Maxime mollitia,Lorem ipsum dolor sit amet consectetur adipisi',NULL,'2015-12-19 03:19:24'),(1418,907,'ipsum dolor sit amet consectetur adipisicing elit. M',NULL,'2015-02-06 14:36:19'),(1419,907,'ipsum dolor sit amet consectetur adipisicing elit. Maxime mollitia,Lor',NULL,'2019-08-09 08:14:57'),(1420,912,'sit amet consectetur adipisicing elit. Maxime mollitia,Lo',NULL,'2018-11-17 01:42:51'),(1421,1607,'dolor sit amet consectetur adipisicing elit. Maxime molliti',NULL,'2015-04-16 15:33:43'),(1422,903,'dolor sit amet consectetur adipisicing elit. Maxime mollitia,Lorem ipsu',NULL,'2019-08-15 01:36:17'),(1423,913,'ipsum dolor sit amet consectetur adipisicing elit. Maxime molli',NULL,'2016-03-28 07:12:09'),(1424,928,'elit. Maxime mollitia,Lorem ipsum dolor sit amet consectetu','https://images.unsplash.com/photo-1646649421173-7e24e66613de?ixlib=rb-1.2.1&ixid=MnwxMjA3fDB8MHxlZGl0b3JpYWwtZmVlZHwzMnx8fGVufDB8fHx8&auto=format&fit=crop&w=300&q=60','2016-10-19 18:31:46'),(1425,1605,'elit. Maxime mollitia,Lorem ipsum dolor sit amet consectetur adipisicin',NULL,'2018-06-28 16:33:17'),(1426,926,'litia,Lorem ipsum dolor sit amet consectetur adipisicing elit. Maxime mo',NULL,'2018-11-14 08:42:52'),(1427,902,'elit. Maxime mollitia,Lorem ipsum dolor sit amet consecte',NULL,'2019-11-13 15:36:49'),(1428,1601,'elit. Maxime mollitia,Lorem ipsum dolor sit amet consectetur adi',NULL,'2015-10-29 07:04:27'),(1429,930,'Maxime mollitia,Lorem ipsum dolor sit amet consectetur adipisici',NULL,'2015-08-14 20:07:09'),(1430,901,'Lorem ipsum dolor sit amet consectetur adipisicing elit. Maxime',NULL,'2019-08-08 16:21:14'),(1431,932,'adipisicing elit. Maxime mollitia,Lorem ipsum dolor sit amet consect',NULL,'2019-04-27 11:29:00'),(1432,922,'sit amet consectetur adipisicing elit. Maxime mollit',NULL,'2019-04-25 14:37:34'),(1433,926,'sit amet consectetur adipisicing elit. Maxime mollitia,Lorem ipsum dol',NULL,'2019-10-24 11:09:12'),(1434,1610,'dolor sit amet consectetur adipisicing elit. Maxime mollitia,Lorem ipsum',NULL,'2016-04-01 23:38:18'),(1435,922,'consectetur adipisicing elit. Maxime mollitia,Lorem ipsum dolor s',NULL,'2015-07-16 09:13:40'),(1436,901,'ipsum dolor sit amet consectetur adipisicing elit. Maxime mollitia,Lorem',NULL,'2016-10-02 13:18:31'),(1437,912,'a,Lorem ipsum dolor sit amet consectetur adipisicin',NULL,'2017-05-05 09:10:18'),(1438,927,'Maxime mollitia,Lorem ipsum dolor sit amet consectetur adipisicin',NULL,'2016-03-23 19:21:40'),(1439,908,'dolor sit amet consectetur adipisicing elit. Maxim',NULL,'2016-10-07 12:32:03'),(1440,907,'consectetur adipisicing elit. Maxime mollitia,Lorem ips',NULL,'2016-04-04 17:47:31'),(1441,1661,'sit amet consectetur adipisicing elit. Maxime mollitia,Lorem ipsum d',NULL,'2015-12-03 11:15:46'),(1442,1615,'adipisicing elit. Maxime mollitia,Lorem ipsum dolor sit',NULL,'2017-11-23 06:01:58'),(1443,902,'elit. Maxime mollitia,Lorem ipsum dolor sit amet consectetur ad',NULL,'2015-06-10 07:05:07'),(1444,932,'adipisicing elit. Maxime mollitia,Lorem ipsum dolor s',NULL,'2015-11-11 11:08:21'),(1445,920,'Maxime mollitia,Lorem ipsum dolor sit amet consectetur adipisicing elit.','https://images.unsplash.com/photo-1646641382381-0955ec94a97a?ixlib=rb-1.2.1&ixid=MnwxMjA3fDB8MHxlZGl0b3JpYWwtZmVlZHw0OHx8fGVufDB8fHx8&auto=format&fit=crop&w=300&q=60','2019-01-10 02:50:59'),(1446,910,'mollitia,Lorem ipsum dolor sit amet consectetur adip',NULL,'2017-08-11 16:52:10'),(1447,919,'ollitia,Lorem ipsum dolor sit amet consectetur adipisicing elit',NULL,'2018-12-02 23:48:10'),(1448,908,'ia,Lorem ipsum dolor sit amet consectetur adipisicing elit. M',NULL,'2018-06-06 21:16:02'),(1449,931,'ipsum dolor sit amet consectetur adipisicing elit. Max',NULL,'2017-10-19 09:39:31'),(1450,915,'sit amet consectetur adipisicing elit. Maxime mollitia,Lore',NULL,'2016-08-06 04:20:04'),(1451,908,'adipisicing elit. Maxime mollitia,Lorem ipsum dolor sit am',NULL,'2016-04-18 02:16:41'),(1452,903,'sit amet consectetur adipisicing elit. Maxime mollitia,Lorem ipsum',NULL,'2019-10-21 12:42:27'),(1453,1603,'Lorem ipsum dolor sit amet consectetur adipisicing ',NULL,'2015-03-29 00:31:50'),(1454,1605,'elit. Maxime mollitia,Lorem ipsum dolor sit amet c',NULL,'2016-10-12 18:15:10'),(1455,915,'adipisicing elit. Maxime mollitia,Lorem ipsum dolor sit amet c',NULL,'2019-12-27 14:09:45'),(1456,913,'sit amet consectetur adipisicing elit. Maxime mollitia',NULL,'2015-08-03 22:12:03'),(1457,1614,'dolor sit amet consectetur adipisicing elit. Maxime mollitia,Lore',NULL,'2018-03-18 13:50:08'),(1458,915,'llitia,Lorem ipsum dolor sit amet consectetur adipisicing elit. Maxime',NULL,'2018-12-05 18:07:59'),(1459,914,'elit. Maxime mollitia,Lorem ipsum dolor sit amet consectetur a','https://images.unsplash.com/photo-1646589393427-be0c729dde07?ixlib=rb-1.2.1&ixid=MnwxMjA3fDB8MHxlZGl0b3JpYWwtZmVlZHw1M3x8fGVufDB8fHx8&auto=format&fit=crop&w=300&q=60','2018-06-10 17:32:34'),(1460,909,'ipsum dolor sit amet consectetur adipisicing elit. Maxime mollitia,Lor',NULL,'2017-05-13 04:19:01'),(1461,914,'consectetur adipisicing elit. Maxime mollitia,Lorem ipsum dolor sit amet',NULL,'2019-12-04 01:14:59'),(1462,1615,'dolor sit amet consectetur adipisicing elit. Maxime mollitia,Lorem',NULL,'2017-01-11 04:07:57'),(1463,907,'elit. Maxime mollitia,Lorem ipsum dolor sit amet consectetur adipisi',NULL,'2015-02-18 01:29:04'),(1464,919,'sit amet consectetur adipisicing elit. Maxime mollitia,Lore',NULL,'2017-03-10 11:21:49'),(1465,1610,'ipsum dolor sit amet consectetur adipisicing elit. Maxime mollitia',NULL,'2019-06-09 14:46:40'),(1466,911,'mollitia,Lorem ipsum dolor sit amet consectetur adipisicing elit',NULL,'2016-01-23 18:19:45'),(1467,915,'elit. Maxime mollitia,Lorem ipsum dolor sit amet consectetur adipisicin','https://images.unsplash.com/photo-1638913661377-abd9e8cf1998?ixlib=rb-1.2.1&ixid=MnwxMjA3fDF8MHxlZGl0b3JpYWwtZmVlZHwzMXx8fGVufDB8fHx8&auto=format&fit=crop&w=300&q=60','2016-07-27 09:23:42'),(1468,1661,'Maxime mollitia,Lorem ipsum dolor sit amet consectet',NULL,'2019-10-09 21:44:45'),(1469,900,'amet consectetur adipisicing elit. Maxime mollitia,Lor',NULL,'2018-03-09 18:03:30'),(1470,930,'sit amet consectetur adipisicing elit. Maxime mollitia,Lorem ipsum do',NULL,'2017-05-31 01:04:40'),(1471,920,',Lorem ipsum dolor sit amet consectetur adipisicing elit. Max',NULL,'2016-10-30 16:43:14'),(1472,904,',Lorem ipsum dolor sit amet consectetur adipisicing elit. Max',NULL,'2017-10-15 10:43:08'),(1473,913,'adipisicing elit. Maxime mollitia,Lorem ipsum dolor sit amet consec',NULL,'2015-11-02 23:21:33'),(1474,932,'adipisicing elit. Maxime mollitia,Lorem ipsum dolor sit amet cons',NULL,'2019-09-09 01:55:32'),(1475,914,'sit amet consectetur adipisicing elit. Maxime mollitia,Lorem ipsum',NULL,'2018-05-12 05:55:47'),(1476,916,'consectetur adipisicing elit. Maxime mollitia,Lorem ips',NULL,'2016-09-08 06:20:55'),(1477,929,'itia,Lorem ipsum dolor sit amet consectetur adipisicing','https://images.unsplash.com/photo-1646589393427-be0c729dde07?ixlib=rb-1.2.1&ixid=MnwxMjA3fDB8MHxlZGl0b3JpYWwtZmVlZHw1M3x8fGVufDB8fHx8&auto=format&fit=crop&w=300&q=60','2016-01-31 14:16:24'),(1478,928,'ipsum dolor sit amet consectetur adipisicing elit. Maxime mo',NULL,'2018-05-04 17:00:42'),(1479,913,'Maxime mollitia,Lorem ipsum dolor sit amet consectetur',NULL,'2018-07-14 02:20:09'),(1480,926,'Maxime mollitia,Lorem ipsum dolor sit amet consectetur adip',NULL,'2018-01-22 05:22:17'),(1481,1614,'Lorem ipsum dolor sit amet consectetur adipisicing elit. Maxime mol',NULL,'2017-06-29 06:21:11'),(1482,1614,'dolor sit amet consectetur adipisicing elit. Maxim',NULL,'2018-06-02 15:39:02'),(1483,919,'ipsum dolor sit amet consectetur adipisicing elit. M',NULL,'2018-05-12 09:11:10'),(1484,900,'a,Lorem ipsum dolor sit amet consectetur adipisicing elit. Maxi',NULL,'2015-03-15 19:52:27'),(1485,911,'mollitia,Lorem ipsum dolor sit amet consectetur adipisici',NULL,'2017-07-26 08:44:52'),(1486,901,'adipisicing elit. Maxime mollitia,Lorem ipsum dolor sit amet co',NULL,'2015-12-27 05:58:47'),(1487,918,'adipisicing elit. Maxime mollitia,Lorem ipsum dolor sit amet consecte',NULL,'2019-11-07 09:36:49'),(1488,1603,'dolor sit amet consectetur adipisicing elit. Maxime mol',NULL,'2016-04-29 07:42:24'),(1489,1613,'amet consectetur adipisicing elit. Maxime mollitia,Lorem ipsum',NULL,'2016-01-24 17:12:01'),(1490,1615,'adipisicing elit. Maxime mollitia,Lorem ipsum dolor sit amet',NULL,'2019-02-11 17:55:58'),(1491,913,'Maxime mollitia,Lorem ipsum dolor sit amet consectetur',NULL,'2015-03-12 05:31:01'),(1492,924,',Lorem ipsum dolor sit amet consectetur adipisicing',NULL,'2017-05-03 13:15:04'),(1493,1602,'mollitia,Lorem ipsum dolor sit amet consectetur adipisicing elit. Maxime',NULL,'2015-02-11 20:37:53'),(1494,932,'adipisicing elit. Maxime mollitia,Lorem ipsum dolor sit',NULL,'2017-08-31 17:00:51'),(1495,913,'litia,Lorem ipsum dolor sit amet consectetur adipisicing eli',NULL,'2015-06-03 18:17:32'),(1496,921,'litia,Lorem ipsum dolor sit amet consectetur adipisicing',NULL,'2017-08-19 11:42:11'),(1497,916,'dolor sit amet consectetur adipisicing elit. Maxime mollitia,Lor',NULL,'2018-02-21 15:07:22'),(1498,920,'dolor sit amet consectetur adipisicing elit. Maxime mollitia,L','https://images.unsplash.com/photo-1646589393427-be0c729dde07?ixlib=rb-1.2.1&ixid=MnwxMjA3fDB8MHxlZGl0b3JpYWwtZmVlZHw1M3x8fGVufDB8fHx8&auto=format&fit=crop&w=300&q=60','2019-01-18 06:21:18'),(1499,1614,'consectetur adipisicing elit. Maxime mollitia,Lorem ipsum d',NULL,'2015-10-14 23:23:07'),(1500,911,'a,Lorem ipsum dolor sit amet consectetur adipisicing elit. Maxim',NULL,'2017-09-13 10:41:50'),(1501,1602,'adipisicing elit. Maxime mollitia,Lorem ipsum dolor sit amet con',NULL,'2015-04-02 21:05:04'),(1502,915,'adipisicing elit. Maxime mollitia,Lorem ipsum dolor s',NULL,'2017-05-29 11:02:11'),(1503,931,'elit. Maxime mollitia,Lorem ipsum dolor sit amet consectetur adi',NULL,'2015-11-22 01:17:56'),(1504,912,'ipsum dolor sit amet consectetur adipisicing elit. Maxime mollit',NULL,'2016-08-26 20:36:37'),(1505,922,'Maxime mollitia,Lorem ipsum dolor sit amet consectetur adipis',NULL,'2018-05-24 09:58:10'),(1506,922,'consectetur adipisicing elit. Maxime mollitia,Lorem ipsum dolor si',NULL,'2015-02-20 09:13:35'),(1507,909,'ipsum dolor sit amet consectetur adipisicing elit. Maxime mollitia,Lorem',NULL,'2015-03-19 09:45:26'),(1508,904,'Lorem ipsum dolor sit amet consectetur adipisicing',NULL,'2017-12-02 08:27:22'),(1509,1601,'adipisicing elit. Maxime mollitia,Lorem ipsum dolor sit amet consectet',NULL,'2017-02-15 19:45:06'),(1510,928,'ipsum dolor sit amet consectetur adipisicing elit. Maxi',NULL,'2016-01-23 15:44:15'),(1511,1613,'amet consectetur adipisicing elit. Maxime mollitia,Lorem ipsum',NULL,'2019-04-03 06:50:23'),(1512,920,'ia,Lorem ipsum dolor sit amet consectetur adipisicing e',NULL,'2019-07-27 20:02:13'),(1513,1607,'sit amet consectetur adipisicing elit. Maxime mollitia,Lorem ipsum',NULL,'2019-04-03 03:59:17'),(1514,919,'sit amet consectetur adipisicing elit. Maxime mollitia,Lorem ips',NULL,'2017-01-13 12:54:57'),(1515,1607,'sit amet consectetur adipisicing elit. Maxime mollitia,Lorem ipsum dolor',NULL,'2015-07-10 18:35:10'),(1516,914,'sit amet consectetur adipisicing elit. Maxime molli',NULL,'2018-03-05 09:13:49'),(1517,922,'Maxime mollitia,Lorem ipsum dolor sit amet consectetur adipisicing eli',NULL,'2019-05-16 12:45:03'),(1518,928,'sit amet consectetur adipisicing elit. Maxime mollitia,Lorem ipsum dolor',NULL,'2016-05-17 16:15:22'),(1519,901,'Maxime mollitia,Lorem ipsum dolor sit amet consectetur adipi',NULL,'2016-03-29 19:04:36'),(1520,912,'mollitia,Lorem ipsum dolor sit amet consectetur adipisicing',NULL,'2017-06-14 23:07:53'),(1521,906,'adipisicing elit. Maxime mollitia,Lorem ipsum dolor sit amet','https://images.unsplash.com/photo-1638913661377-abd9e8cf1998?ixlib=rb-1.2.1&ixid=MnwxMjA3fDF8MHxlZGl0b3JpYWwtZmVlZHwzMXx8fGVufDB8fHx8&auto=format&fit=crop&w=300&q=60','2019-06-08 01:10:49'),(1522,926,'elit. Maxime mollitia,Lorem ipsum dolor sit amet consect',NULL,'2019-06-08 23:07:12'),(1523,930,'elit. Maxime mollitia,Lorem ipsum dolor sit amet cons',NULL,'2018-03-27 21:07:24'),(1524,1666,'dolor sit amet consectetur adipisicing elit. Maxime mollitia',NULL,'2016-01-05 02:15:44'),(1525,927,'sit amet consectetur adipisicing elit. Maxime molliti',NULL,'2015-10-16 05:14:39'),(1526,931,'sit amet consectetur adipisicing elit. Maxime mollitia,Lorem ipsum dolor',NULL,'2016-05-16 16:46:28'),(1527,923,'dolor sit amet consectetur adipisicing elit. Maxime mollitia',NULL,'2017-03-25 10:04:34'),(1528,908,'dolor sit amet consectetur adipisicing elit. Maxime mollitia,Lorem',NULL,'2017-12-31 14:41:55'),(1529,923,'sit amet consectetur adipisicing elit. Maxime mollitia,Lorem ipsum dolor',NULL,'2017-10-21 21:10:41'),(1530,1601,'elit. Maxime mollitia,Lorem ipsum dolor sit amet consectetu',NULL,'2019-02-07 06:18:38'),(1531,902,'mollitia,Lorem ipsum dolor sit amet consectetur ad',NULL,'2019-05-27 03:10:22'),(1532,917,'amet consectetur adipisicing elit. Maxime mollitia,Lorem ips',NULL,'2015-11-30 10:20:29'),(1533,926,'Maxime mollitia,Lorem ipsum dolor sit amet consectetur adipisic',NULL,'2017-04-30 19:09:00'),(1534,903,'adipisicing elit. Maxime mollitia,Lorem ipsum dolor sit',NULL,'2019-12-01 09:56:52'),(1535,906,'amet consectetur adipisicing elit. Maxime mollitia,Lorem ipsum dolo',NULL,'2018-04-22 01:52:36'),(1536,920,'elit. Maxime mollitia,Lorem ipsum dolor sit amet consectetur adipisicing',NULL,'2017-05-05 20:25:07'),(1537,1602,'adipisicing elit. Maxime mollitia,Lorem ipsum dolor sit amet con',NULL,'2018-03-01 15:50:55'),(1538,918,'elit. Maxime mollitia,Lorem ipsum dolor sit amet consectetur adipi',NULL,'2019-07-09 21:45:15'),(1539,904,'elit. Maxime mollitia,Lorem ipsum dolor sit amet cons',NULL,'2017-12-25 07:36:02'),(1540,909,'Maxime mollitia,Lorem ipsum dolor sit amet consectetur',NULL,'2015-06-15 02:17:32'),(1541,1613,'ipsum dolor sit amet consectetur adipisicing elit. Maxime ',NULL,'2018-10-02 04:20:13'),(1542,1603,'Maxime mollitia,Lorem ipsum dolor sit amet consectetur adipisicing eli',NULL,'2017-05-11 17:44:47'),(1543,1656,'Lorem ipsum dolor sit amet consectetur adipisicing elit. Maxime molliti','https://images.unsplash.com/photo-1646589393427-be0c729dde07?ixlib=rb-1.2.1&ixid=MnwxMjA3fDB8MHxlZGl0b3JpYWwtZmVlZHw1M3x8fGVufDB8fHx8&auto=format&fit=crop&w=300&q=60','2016-12-09 19:56:06'),(1544,1614,'adipisicing elit. Maxime mollitia,Lorem ipsum dolor sit amet co',NULL,'2016-07-04 01:09:52'),(1545,905,'mollitia,Lorem ipsum dolor sit amet consectetur adipisicing',NULL,'2019-03-29 13:43:30'),(1546,1614,'mollitia,Lorem ipsum dolor sit amet consectetur adipisicing elit. Max',NULL,'2015-07-03 20:34:21'),(1547,911,'adipisicing elit. Maxime mollitia,Lorem ipsum dolo',NULL,'2017-01-19 06:24:12'),(1548,920,'mollitia,Lorem ipsum dolor sit amet consectetur adipisicing elit. Maxime',NULL,'2017-03-26 14:19:42'),(1549,921,'ipsum dolor sit amet consectetur adipisicing elit. Maxim',NULL,'2019-11-13 15:50:16'),(1550,903,'mollitia,Lorem ipsum dolor sit amet consectetur adipisicing','https://images.unsplash.com/photo-1646617747561-661b38709abc?ixlib=rb-1.2.1&ixid=MnwxMjA3fDB8MHxlZGl0b3JpYWwtZmVlZHw1OHx8fGVufDB8fHx8&auto=format&fit=crop&w=300&q=60','2017-11-07 08:08:49'),(1551,1610,'elit. Maxime mollitia,Lorem ipsum dolor sit amet co',NULL,'2015-02-04 13:30:47'),(1552,1656,'consectetur adipisicing elit. Maxime mollitia,Lorem ipsum dolor',NULL,'2016-09-16 17:51:25'),(1553,1613,'ipsum dolor sit amet consectetur adipisicing elit. Maxime mollitia,Lo',NULL,'2019-07-11 20:57:53'),(1554,921,'consectetur adipisicing elit. Maxime mollitia,Lorem ipsum dolor sit',NULL,'2017-04-30 03:36:47'),(1555,913,'ipsum dolor sit amet consectetur adipisicing elit. Maxime mollitia,Lor',NULL,'2016-09-24 18:23:03'),(1556,908,'sit amet consectetur adipisicing elit. Maxime mollitia,Lorem ipsum d',NULL,'2015-10-11 14:26:16'),(1557,910,'adipisicing elit. Maxime mollitia,Lorem ipsum dolor sit',NULL,'2017-10-07 20:29:40'),(1558,1603,'adipisicing elit. Maxime mollitia,Lorem ipsum dolor sit amet consect',NULL,'2016-08-18 02:31:00'),(1559,905,'mollitia,Lorem ipsum dolor sit amet consectetur adipisicing elit. Ma',NULL,'2016-05-14 01:40:09'),(1560,1614,'dolor sit amet consectetur adipisicing elit. Maxime mollitia,Lore',NULL,'2016-03-06 05:59:09'),(1561,905,'ia,Lorem ipsum dolor sit amet consectetur adipisicing elit',NULL,'2018-12-12 23:40:46'),(1562,912,'ipsum dolor sit amet consectetur adipisicing elit. Maxime mollit',NULL,'2019-05-28 04:54:16'),(1563,921,'mollitia,Lorem ipsum dolor sit amet consectetur adipisicing e',NULL,'2016-11-15 09:05:10'),(1564,924,'elit. Maxime mollitia,Lorem ipsum dolor sit amet c',NULL,'2018-01-31 12:42:59'),(1565,922,'consectetur adipisicing elit. Maxime mollitia,Lorem ipsum dolor sit a',NULL,'2019-01-28 01:38:25'),(1566,914,'Maxime mollitia,Lorem ipsum dolor sit amet consectetur adipisicing el',NULL,'2015-05-30 04:23:35'),(1567,907,'mollitia,Lorem ipsum dolor sit amet consectetur adipisicing el',NULL,'2017-11-15 16:35:09'),(1568,910,'mollitia,Lorem ipsum dolor sit amet consectetur adipis',NULL,'2016-07-20 00:49:59'),(1569,906,'consectetur adipisicing elit. Maxime mollitia,Lorem ipsum dolo',NULL,'2016-07-13 22:20:45'),(1570,921,'sit amet consectetur adipisicing elit. Maxime mollitia,Lo',NULL,'2016-05-26 12:26:24'),(1571,1613,'adipisicing elit. Maxime mollitia,Lorem ipsum dolor sit amet',NULL,'2016-02-10 01:46:46'),(1572,929,'adipisicing elit. Maxime mollitia,Lorem ipsum dolor','https://images.unsplash.com/photo-1638913661377-abd9e8cf1998?ixlib=rb-1.2.1&ixid=MnwxMjA3fDF8MHxlZGl0b3JpYWwtZmVlZHwzMXx8fGVufDB8fHx8&auto=format&fit=crop&w=300&q=60','2015-02-05 15:18:49'),(1573,929,'adipisicing elit. Maxime mollitia,Lorem ipsum dolor sit amet consect',NULL,'2019-09-22 07:44:06'),(1574,912,'amet consectetur adipisicing elit. Maxime mollitia,Lorem ipsum',NULL,'2018-07-30 06:29:48'),(1575,907,'ipsum dolor sit amet consectetur adipisicing elit. Maxime mollitia,Lore',NULL,'2019-09-23 04:09:33'),(1576,1602,'consectetur adipisicing elit. Maxime mollitia,Lorem ipsum dolor sit a',NULL,'2018-04-14 11:37:15'),(1577,924,'ollitia,Lorem ipsum dolor sit amet consectetur adipisic',NULL,'2018-07-14 17:39:14'),(1578,919,'mollitia,Lorem ipsum dolor sit amet consectetur adipisicing elit. Maxime',NULL,'2018-09-23 08:16:52'),(1579,909,'Maxime mollitia,Lorem ipsum dolor sit amet consectetur adipisicing elit',NULL,'2019-11-29 08:28:47'),(1580,903,'mollitia,Lorem ipsum dolor sit amet consectetur adipisi',NULL,'2017-05-16 00:00:11'),(1581,911,'elit. Maxime mollitia,Lorem ipsum dolor sit amet consectetur adipisicing',NULL,'2016-06-01 05:26:00'),(1582,929,'ipsum dolor sit amet consectetur adipisicing elit. Maxime mo',NULL,'2016-04-10 11:05:09'),(1583,928,'ipsum dolor sit amet consectetur adipisicing elit.',NULL,'2018-06-10 13:57:42'),(1584,908,'elit. Maxime mollitia,Lorem ipsum dolor sit amet consectetur adipisicin',NULL,'2015-04-16 22:07:42'),(1585,1602,'mollitia,Lorem ipsum dolor sit amet consectetur adipisicing elit. Maxime',NULL,'2015-02-02 07:01:47'),(1586,925,'Maxime mollitia,Lorem ipsum dolor sit amet consectetur adipisic',NULL,'2019-12-29 07:02:56'),(1587,923,'adipisicing elit. Maxime mollitia,Lorem ipsum dolor sit amet consec',NULL,'2015-03-04 21:26:37'),(1588,927,'mollitia,Lorem ipsum dolor sit amet consectetur adipisicing elit. Maxi',NULL,'2019-05-04 03:14:22'),(1589,925,'sit amet consectetur adipisicing elit. Maxime mollitia,Lorem ipsu',NULL,'2015-01-21 05:41:22'),(1590,1656,'mollitia,Lorem ipsum dolor sit amet consectetur adipisicing elit. M','https://images.unsplash.com/photo-1646617747561-661b38709abc?ixlib=rb-1.2.1&ixid=MnwxMjA3fDB8MHxlZGl0b3JpYWwtZmVlZHw1OHx8fGVufDB8fHx8&auto=format&fit=crop&w=300&q=60','2016-07-27 19:41:08'),(1591,901,'sit amet consectetur adipisicing elit. Maxime mollit',NULL,'2017-09-01 06:36:51'),(1592,913,'adipisicing elit. Maxime mollitia,Lorem ipsum dolor sit amet consecte',NULL,'2019-10-12 14:14:45'),(1593,917,'ipsum dolor sit amet consectetur adipisicing elit. Maxime moll',NULL,'2018-01-13 07:20:59'),(1594,929,'adipisicing elit. Maxime mollitia,Lorem ipsum dolor',NULL,'2019-09-23 06:18:25'),(1595,922,'elit. Maxime mollitia,Lorem ipsum dolor sit amet consectetur adipisic',NULL,'2017-09-09 08:10:42'),(1596,1601,'Lorem ipsum dolor sit amet consectetur adipisicing elit. Maxime mollitia,',NULL,'2019-02-20 10:25:32'),(1597,903,'a,Lorem ipsum dolor sit amet consectetur adipisicing elit. Maxime molliti',NULL,'2016-11-04 01:01:16'),(1598,930,'llitia,Lorem ipsum dolor sit amet consectetur adipisicing eli',NULL,'2018-08-28 11:27:06'),(1599,913,'mollitia,Lorem ipsum dolor sit amet consectetur adipisici',NULL,'2016-10-28 01:59:44'),(1600,926,'mollitia,Lorem ipsum dolor sit amet consectetur adipisicing elit. Maxime',NULL,'2019-11-08 16:08:22'),(1601,911,'adipisicing elit. Maxime mollitia,Lorem ipsum dolor sit amet consectet',NULL,'2016-10-15 16:24:10'),(1602,929,'adipisicing elit. Maxime mollitia,Lorem ipsum dolor sit',NULL,'2018-10-15 21:02:34'),(1603,909,'amet consectetur adipisicing elit. Maxime mollitia,Lorem ipsum d',NULL,'2015-08-04 04:01:05'),(1604,918,'amet consectetur adipisicing elit. Maxime mollitia,Lorem ipsum do',NULL,'2015-04-07 11:13:41'),(1605,1613,'ipsum dolor sit amet consectetur adipisicing elit. Maxime mo',NULL,'2016-04-07 02:55:57'),(1606,908,'adipisicing elit. Maxime mollitia,Lorem ipsum dolor sit amet consect',NULL,'2018-07-04 11:26:03'),(1607,1614,'amet consectetur adipisicing elit. Maxime mollitia,Lorem ipsum dolor si',NULL,'2019-12-02 13:06:56'),(1608,1601,'sit amet consectetur adipisicing elit. Maxime mollitia,L',NULL,'2017-04-17 02:31:13'),(1609,917,'dolor sit amet consectetur adipisicing elit. Maxime ',NULL,'2017-08-04 21:20:29'),(1610,1666,'amet consectetur adipisicing elit. Maxime mollitia,Lorem ips',NULL,'2019-03-13 02:03:03'),(1611,916,'adipisicing elit. Maxime mollitia,Lorem ipsum dolor sit amet consectetur',NULL,'2017-07-18 03:45:58'),(1612,906,'a,Lorem ipsum dolor sit amet consectetur adipisicing e',NULL,'2016-10-05 22:39:47'),(1613,909,'adipisicing elit. Maxime mollitia,Lorem ipsum dolor sit amet consectetur',NULL,'2015-12-14 21:55:36'),(1614,925,'amet consectetur adipisicing elit. Maxime mollitia,Lorem ipsum dolor s',NULL,'2015-10-11 04:30:39'),(1615,929,'elit. Maxime mollitia,Lorem ipsum dolor sit amet consecte',NULL,'2019-02-23 11:19:14'),(1616,922,'amet consectetur adipisicing elit. Maxime mollitia,L',NULL,'2015-01-25 14:30:31'),(1617,914,'consectetur adipisicing elit. Maxime mollitia,Lorem ipsum dolor sit a','https://images.unsplash.com/photo-1638913661377-abd9e8cf1998?ixlib=rb-1.2.1&ixid=MnwxMjA3fDF8MHxlZGl0b3JpYWwtZmVlZHwzMXx8fGVufDB8fHx8&auto=format&fit=crop&w=300&q=60','2016-04-09 00:01:22'),(1618,920,'consectetur adipisicing elit. Maxime mollitia,Lorem ipsum dolor s',NULL,'2019-03-23 19:55:25'),(1619,918,'dolor sit amet consectetur adipisicing elit. Maxime mollitia,Lorem ip',NULL,'2016-03-30 13:06:42'),(1620,902,'adipisicing elit. Maxime mollitia,Lorem ipsum dolor sit amet consectetur',NULL,'2018-09-17 00:59:33'),(1621,919,'elit. Maxime mollitia,Lorem ipsum dolor sit amet consectetur adip',NULL,'2017-01-08 00:26:53'),(1622,901,'elit. Maxime mollitia,Lorem ipsum dolor sit amet consectetur',NULL,'2017-06-05 04:23:07'),(1623,1603,'adipisicing elit. Maxime mollitia,Lorem ipsum dolor sit amet consect',NULL,'2019-01-14 04:37:14'),(1624,931,'Maxime mollitia,Lorem ipsum dolor sit amet consectetur',NULL,'2016-01-24 12:45:28'),(1625,920,'elit. Maxime mollitia,Lorem ipsum dolor sit amet con',NULL,'2015-07-08 19:10:42'),(1626,911,'dolor sit amet consectetur adipisicing elit. Maxime mollitia,Lorem ips',NULL,'2016-07-11 15:54:26'),(1627,919,'consectetur adipisicing elit. Maxime mollitia,Lorem ipsu',NULL,'2018-03-26 22:00:32'),(1628,906,'elit. Maxime mollitia,Lorem ipsum dolor sit amet c',NULL,'2015-06-29 08:36:32'),(1629,913,'adipisicing elit. Maxime mollitia,Lorem ipsum dolor sit ame',NULL,'2017-09-09 20:45:08'),(1630,901,'adipisicing elit. Maxime mollitia,Lorem ipsum dolor sit amet cons',NULL,'2019-05-26 14:53:02'),(1631,1601,'a,Lorem ipsum dolor sit amet consectetur adipisicing',NULL,'2019-10-31 12:01:31'),(1632,910,'adipisicing elit. Maxime mollitia,Lorem ipsum dolor sit amet con',NULL,'2017-07-29 11:47:36'),(1633,1661,'consectetur adipisicing elit. Maxime mollitia,Lorem ipsum dolor',NULL,'2016-05-28 21:15:14'),(1634,1603,'elit. Maxime mollitia,Lorem ipsum dolor sit amet cons',NULL,'2019-04-19 18:23:05'),(1635,1607,'adipisicing elit. Maxime mollitia,Lorem ipsum dolor sit',NULL,'2018-03-27 10:04:48'),(1636,1615,'elit. Maxime mollitia,Lorem ipsum dolor sit amet consectetur adipisicing',NULL,'2018-09-06 15:40:36'),(1637,929,'Maxime mollitia,Lorem ipsum dolor sit amet consectetur adip',NULL,'2019-10-25 16:39:39'),(1638,905,'adipisicing elit. Maxime mollitia,Lorem ipsum dolor sit amet consec',NULL,'2015-12-17 10:52:00'),(1639,932,'ipsum dolor sit amet consectetur adipisicing elit. Maxime molli',NULL,'2018-05-06 07:05:57'),(1640,902,'adipisicing elit. Maxime mollitia,Lorem ipsum dolor sit',NULL,'2015-10-16 09:52:24'),(1641,1656,'Maxime mollitia,Lorem ipsum dolor sit amet consectetur adip','https://images.unsplash.com/photo-1646617747561-661b38709abc?ixlib=rb-1.2.1&ixid=MnwxMjA3fDB8MHxlZGl0b3JpYWwtZmVlZHw1OHx8fGVufDB8fHx8&auto=format&fit=crop&w=300&q=60','2019-12-29 10:23:10'),(1642,921,'sit amet consectetur adipisicing elit. Maxime mollitia,Lorem ipsum dol',NULL,'2017-03-23 23:44:43'),(1643,1601,'itia,Lorem ipsum dolor sit amet consectetur adipisicing elit. M',NULL,'2016-03-05 15:55:32'),(1644,913,'amet consectetur adipisicing elit. Maxime mollitia,Lorem ipsum dolor si',NULL,'2019-05-30 02:42:07'),(1645,904,'adipisicing elit. Maxime mollitia,Lorem ipsum dolor sit amet consecte',NULL,'2019-03-20 10:02:41'),(1646,930,'elit. Maxime mollitia,Lorem ipsum dolor sit amet consectetur adipis',NULL,'2018-04-24 06:12:59'),(1647,907,'adipisicing elit. Maxime mollitia,Lorem ipsum dolor sit amet consectetur',NULL,'2017-05-11 08:46:15'),(1648,1615,'dolor sit amet consectetur adipisicing elit. Maxime mollitia,Lorem ips',NULL,'2018-07-23 08:50:49'),(1649,914,'mollitia,Lorem ipsum dolor sit amet consectetur adip',NULL,'2016-07-19 20:46:15'),(1650,918,'mollitia,Lorem ipsum dolor sit amet consectetur adipisicin',NULL,'2015-02-18 17:17:58'),(1651,926,'ipsum dolor sit amet consectetur adipisicing elit. ',NULL,'2017-05-06 01:33:55'),(1652,929,'elit. Maxime mollitia,Lorem ipsum dolor sit amet consectetur adipisic',NULL,'2018-06-20 22:04:18'),(1653,932,'Maxime mollitia,Lorem ipsum dolor sit amet consectetur adipisi',NULL,'2017-10-25 11:25:40'),(1654,913,'elit. Maxime mollitia,Lorem ipsum dolor sit amet consectet',NULL,'2018-03-12 20:52:53'),(1655,912,'ollitia,Lorem ipsum dolor sit amet consectetur adipis',NULL,'2019-01-28 18:10:00'),(1656,1656,'ia,Lorem ipsum dolor sit amet consectetur adipisicing elit. Maxime mo','https://images.unsplash.com/photo-1646590639664-dbf735c4c2fe?ixlib=rb-1.2.1&ixid=MnwxMjA3fDB8MHxlZGl0b3JpYWwtZmVlZHw2Mnx8fGVufDB8fHx8&auto=format&fit=crop&w=300&q=60','2019-02-05 10:05:30'),(1657,908,'litia,Lorem ipsum dolor sit amet consectetur adipisicing elit. Maxime',NULL,'2016-04-12 17:01:05'),(1658,1610,'adipisicing elit. Maxime mollitia,Lorem ipsum dolor sit amet con',NULL,'2017-03-09 16:57:41'),(1659,931,'dolor sit amet consectetur adipisicing elit. Maxime mollitia,Lorem ipsum',NULL,'2018-05-20 20:14:53'),(1660,926,'a,Lorem ipsum dolor sit amet consectetur adipisicin',NULL,'2017-06-26 08:48:36'),(1661,924,'sit amet consectetur adipisicing elit. Maxime mollitia,Lorem ipsum',NULL,'2018-08-29 04:02:26'),(1662,924,'ia,Lorem ipsum dolor sit amet consectetur adipisicing elit. Maxi',NULL,'2017-05-30 18:37:25'),(1663,907,'mollitia,Lorem ipsum dolor sit amet consectetur adipisicing elit',NULL,'2015-09-13 01:37:03'),(1664,930,'dolor sit amet consectetur adipisicing elit. Maxime mollitia',NULL,'2019-09-09 21:23:33'),(1665,916,'consectetur adipisicing elit. Maxime mollitia,Lorem ipsum do',NULL,'2018-07-15 04:40:44'),(1666,909,'elit. Maxime mollitia,Lorem ipsum dolor sit amet c',NULL,'2016-11-15 04:34:29'),(1667,927,'ollitia,Lorem ipsum dolor sit amet consectetur adipisicing',NULL,'2017-10-24 00:04:41'),(1668,1666,'dolor sit amet consectetur adipisicing elit. Maxime mollit',NULL,'2019-10-15 12:19:03'),(1669,928,'sit amet consectetur adipisicing elit. Maxime mollitia,',NULL,'2016-06-27 05:22:11'),(1670,919,'consectetur adipisicing elit. Maxime mollitia,Lorem ipsum dolo',NULL,'2017-06-11 05:52:08'),(1671,903,'tia,Lorem ipsum dolor sit amet consectetur adipisicing e',NULL,'2016-07-09 21:33:59'),(1672,929,'amet consectetur adipisicing elit. Maxime mollitia,Lorem ipsum dolor','https://images.unsplash.com/photo-1646617747561-661b38709abc?ixlib=rb-1.2.1&ixid=MnwxMjA3fDB8MHxlZGl0b3JpYWwtZmVlZHw1OHx8fGVufDB8fHx8&auto=format&fit=crop&w=300&q=60','2016-11-09 03:35:10'),(1673,916,'litia,Lorem ipsum dolor sit amet consectetur adipisicing elit',NULL,'2015-11-25 20:32:17'),(1674,927,'tia,Lorem ipsum dolor sit amet consectetur adipisicing elit. Maxime moll',NULL,'2017-03-06 04:43:29'),(1675,912,'ollitia,Lorem ipsum dolor sit amet consectetur adipisici',NULL,'2017-11-14 05:23:27'),(1676,1602,'consectetur adipisicing elit. Maxime mollitia,Lorem ipsum dolor sit amet',NULL,'2016-10-20 02:41:55'),(1677,932,'adipisicing elit. Maxime mollitia,Lorem ipsum dolor sit',NULL,'2019-10-05 23:43:47'),(1678,923,'mollitia,Lorem ipsum dolor sit amet consectetur adip','https://images.unsplash.com/photo-1638913661377-abd9e8cf1998?ixlib=rb-1.2.1&ixid=MnwxMjA3fDF8MHxlZGl0b3JpYWwtZmVlZHwzMXx8fGVufDB8fHx8&auto=format&fit=crop&w=300&q=60','2019-08-10 22:58:04'),(1679,1661,'elit. Maxime mollitia,Lorem ipsum dolor sit amet consectetur adipisicing',NULL,'2017-02-28 17:21:02'),(1680,932,'amet consectetur adipisicing elit. Maxime mollitia,Lor',NULL,'2015-05-21 10:33:37'),(1681,915,'ia,Lorem ipsum dolor sit amet consectetur adipisicing elit. Maxime mo',NULL,'2019-11-14 07:43:17'),(1682,915,'amet consectetur adipisicing elit. Maxime mollitia,Lorem i',NULL,'2016-04-02 01:28:18'),(1683,929,'sit amet consectetur adipisicing elit. Maxime mollit',NULL,'2018-10-17 11:02:02'),(1684,914,'adipisicing elit. Maxime mollitia,Lorem ipsum dolor sit amet conse',NULL,'2019-11-24 14:49:25'),(1685,1607,'elit. Maxime mollitia,Lorem ipsum dolor sit amet consectetur adipi',NULL,'2018-03-15 11:45:02'),(1686,1615,'ipsum dolor sit amet consectetur adipisicing elit. Maxime m',NULL,'2018-05-26 17:35:34'),(1687,904,'dolor sit amet consectetur adipisicing elit. Maxime mollitia,Lorem ip',NULL,'2015-06-01 11:23:05'),(1688,918,'mollitia,Lorem ipsum dolor sit amet consectetur adipisicing elit. Maxime',NULL,'2019-07-24 08:03:04'),(1689,1615,'dolor sit amet consectetur adipisicing elit. Maxime mollitia,Lor',NULL,'2015-02-06 15:52:38'),(1690,912,'elit. Maxime mollitia,Lorem ipsum dolor sit amet consecte',NULL,'2015-09-21 20:42:28'),(1691,914,'sit amet consectetur adipisicing elit. Maxime mollitia,Lorem',NULL,'2017-08-30 01:59:46'),(1692,915,'sit amet consectetur adipisicing elit. Maxime mollitia',NULL,'2017-08-26 10:03:09'),(1693,911,'adipisicing elit. Maxime mollitia,Lorem ipsum dolor sit amet consectetur',NULL,'2019-12-15 00:38:34'),(1694,914,'adipisicing elit. Maxime mollitia,Lorem ipsum dolor sit am',NULL,'2016-07-11 08:45:16'),(1695,903,'dolor sit amet consectetur adipisicing elit. Maxime ',NULL,'2019-07-18 11:00:51'),(1696,930,'elit. Maxime mollitia,Lorem ipsum dolor sit amet conse','https://images.unsplash.com/photo-1646590639664-dbf735c4c2fe?ixlib=rb-1.2.1&ixid=MnwxMjA3fDB8MHxlZGl0b3JpYWwtZmVlZHw2Mnx8fGVufDB8fHx8&auto=format&fit=crop&w=300&q=60','2015-08-08 14:18:43'),(1697,902,'elit. Maxime mollitia,Lorem ipsum dolor sit amet consectet',NULL,'2015-09-21 02:58:22'),(1698,1607,'dolor sit amet consectetur adipisicing elit. Maxime mo',NULL,'2017-09-14 08:40:24'),(1699,912,'dolor sit amet consectetur adipisicing elit. Maxime',NULL,'2018-02-17 13:45:18'),(1700,915,'dolor sit amet consectetur adipisicing elit. Maxime mollitia,Lorem',NULL,'2019-07-20 15:37:55'),(1701,902,'adipisicing elit. Maxime mollitia,Lorem ipsum dolor sit am',NULL,'2019-06-04 21:17:26'),(1702,1666,'adipisicing elit. Maxime mollitia,Lorem ipsum dolor sit amet',NULL,'2015-08-05 01:48:10'),(1703,1603,',Lorem ipsum dolor sit amet consectetur adipisicing elit. Maxime molliti',NULL,'2019-10-05 12:52:15'),(1704,913,'elit. Maxime mollitia,Lorem ipsum dolor sit amet consec',NULL,'2018-03-18 05:41:31'),(1705,905,'Maxime mollitia,Lorem ipsum dolor sit amet consectetur ad',NULL,'2015-12-06 09:31:55'),(1706,931,'sit amet consectetur adipisicing elit. Maxime mollitia,Lorem ips',NULL,'2017-03-07 04:32:52'),(1707,1610,'adipisicing elit. Maxime mollitia,Lorem ipsum dolor sit amet consectet',NULL,'2017-11-28 10:32:20'),(1708,1615,'ollitia,Lorem ipsum dolor sit amet consectetur adipi',NULL,'2017-03-03 07:04:00'),(1709,1613,'adipisicing elit. Maxime mollitia,Lorem ipsum dolor sit amet consectetur',NULL,'2017-10-30 13:30:38'),(1710,918,'dolor sit amet consectetur adipisicing elit. Maxime mollitia,Lor',NULL,'2018-11-23 22:21:45'),(1711,1614,'sit amet consectetur adipisicing elit. Maxime mollitia,L',NULL,'2017-04-08 09:55:44'),(1712,912,'elit. Maxime mollitia,Lorem ipsum dolor sit amet consectetur adipi',NULL,'2016-10-13 12:47:00'),(1713,907,'itia,Lorem ipsum dolor sit amet consectetur adipisicing elit. Maxime mol','https://images.unsplash.com/photo-1646639138820-54404ddb351b?ixlib=rb-1.2.1&ixid=MnwxMjA3fDB8MHxlZGl0b3JpYWwtZmVlZHwzMHx8fGVufDB8fHx8&auto=format&fit=crop&w=300&q=60','2016-12-06 06:22:06'),(1714,915,'mollitia,Lorem ipsum dolor sit amet consectetur adipisicing elit. Maxime',NULL,'2015-06-29 07:59:36'),(1715,914,'Maxime mollitia,Lorem ipsum dolor sit amet consect',NULL,'2018-03-30 15:48:12'),(1716,930,'adipisicing elit. Maxime mollitia,Lorem ipsum dolor sit amet cons',NULL,'2015-06-02 11:02:44'),(1717,907,'dolor sit amet consectetur adipisicing elit. Maxime mollitia,Lorem',NULL,'2016-09-13 10:06:31'),(1718,1607,'Maxime mollitia,Lorem ipsum dolor sit amet consectetur adipisi',NULL,'2018-03-16 09:31:45'),(1719,900,'consectetur adipisicing elit. Maxime mollitia,Lorem ipsum dolo',NULL,'2018-11-10 23:28:58'),(1720,926,'elit. Maxime mollitia,Lorem ipsum dolor sit amet consectetur adipi',NULL,'2019-11-25 05:31:39'),(1721,920,'consectetur adipisicing elit. Maxime mollitia,Lorem ipsum do',NULL,'2015-12-28 00:57:07'),(1722,932,'adipisicing elit. Maxime mollitia,Lorem ipsum dolor sit a',NULL,'2017-06-03 11:41:17'),(1723,1656,'a,Lorem ipsum dolor sit amet consectetur adipisicing elit. Maxime mo',NULL,'2018-02-07 19:43:48'),(1724,920,'elit. Maxime mollitia,Lorem ipsum dolor sit amet consecte',NULL,'2015-12-26 00:17:46'),(1725,910,'ia,Lorem ipsum dolor sit amet consectetur adipisicing',NULL,'2018-07-17 22:58:26'),(1726,1666,'elit. Maxime mollitia,Lorem ipsum dolor sit amet consectetur adipisicing',NULL,'2015-02-14 11:17:23'),(1727,929,'elit. Maxime mollitia,Lorem ipsum dolor sit amet consectetur adi',NULL,'2017-09-30 12:53:03'),(1728,918,'elit. Maxime mollitia,Lorem ipsum dolor sit amet consectetur',NULL,'2017-08-22 04:27:19'),(1729,922,'adipisicing elit. Maxime mollitia,Lorem ipsum dolo',NULL,'2019-07-10 12:40:07'),(1730,1602,'consectetur adipisicing elit. Maxime mollitia,Lorem ipsum dolor sit amet',NULL,'2016-03-22 21:42:39'),(1731,1615,'dolor sit amet consectetur adipisicing elit. Maxime mollitia,Lorem ipsu',NULL,'2015-09-14 23:57:42'),(1732,913,'amet consectetur adipisicing elit. Maxime mollitia,Lor',NULL,'2016-10-16 04:00:58'),(1733,916,'ipsum dolor sit amet consectetur adipisicing elit. Maxime mollitia,',NULL,'2017-05-30 17:52:00'),(1734,904,'sit amet consectetur adipisicing elit. Maxime mollitia,Lorem',NULL,'2019-09-14 10:11:47'),(1735,1615,'amet consectetur adipisicing elit. Maxime mollitia,Lorem ipsum do','https://images.unsplash.com/photo-1646590639664-dbf735c4c2fe?ixlib=rb-1.2.1&ixid=MnwxMjA3fDB8MHxlZGl0b3JpYWwtZmVlZHw2Mnx8fGVufDB8fHx8&auto=format&fit=crop&w=300&q=60','2015-05-04 01:59:51'),(1736,903,'amet consectetur adipisicing elit. Maxime mollitia,Lorem ipsum',NULL,'2017-08-24 23:15:19'),(1737,924,'adipisicing elit. Maxime mollitia,Lorem ipsum dolor si',NULL,'2016-08-20 09:38:15'),(1738,924,'elit. Maxime mollitia,Lorem ipsum dolor sit amet consectetur adi',NULL,'2018-03-16 20:19:12'),(1739,1602,'sit amet consectetur adipisicing elit. Maxime mollitia,L',NULL,'2019-08-26 03:06:23'),(1740,1607,'elit. Maxime mollitia,Lorem ipsum dolor sit amet consectetur adipisicing',NULL,'2018-08-16 20:21:06'),(1741,1605,'Maxime mollitia,Lorem ipsum dolor sit amet consectetur ad',NULL,'2018-04-24 00:25:50'),(1742,930,'Lorem ipsum dolor sit amet consectetur adipisicing elit. Maxime mollit',NULL,'2018-03-02 12:53:03'),(1743,923,'elit. Maxime mollitia,Lorem ipsum dolor sit amet consec','https://images.unsplash.com/photo-1646639138820-54404ddb351b?ixlib=rb-1.2.1&ixid=MnwxMjA3fDB8MHxlZGl0b3JpYWwtZmVlZHwzMHx8fGVufDB8fHx8&auto=format&fit=crop&w=300&q=60','2017-05-21 22:44:23'),(1744,1614,'adipisicing elit. Maxime mollitia,Lorem ipsum dolor sit amet consect',NULL,'2018-08-11 08:15:27'),(1745,1615,'consectetur adipisicing elit. Maxime mollitia,Lorem i',NULL,'2015-08-20 18:09:24'),(1746,916,'Maxime mollitia,Lorem ipsum dolor sit amet consectetur adipisicing elit.',NULL,'2015-01-24 18:38:42'),(1747,917,'elit. Maxime mollitia,Lorem ipsum dolor sit amet consectetur adipisi',NULL,'2017-06-05 18:27:55'),(1748,921,'adipisicing elit. Maxime mollitia,Lorem ipsum dolor sit amet con',NULL,'2017-03-27 07:39:17'),(1749,909,'amet consectetur adipisicing elit. Maxime mollitia,',NULL,'2015-05-08 16:42:41'),(1750,1610,'dolor sit amet consectetur adipisicing elit. Maxime m',NULL,'2016-08-13 05:42:54'),(1751,914,'ia,Lorem ipsum dolor sit amet consectetur adipisicing elit. Max',NULL,'2017-01-22 00:52:09'),(1752,915,'mollitia,Lorem ipsum dolor sit amet consectetur adipisicing eli',NULL,'2016-12-07 22:48:10'),(1753,1603,'consectetur adipisicing elit. Maxime mollitia,Lorem ipsum d',NULL,'2015-11-10 22:59:00'),(1754,1601,'consectetur adipisicing elit. Maxime mollitia,Lorem ipsum dolor',NULL,'2019-05-09 19:59:26'),(1755,915,'elit. Maxime mollitia,Lorem ipsum dolor sit amet consectetur adi',NULL,'2019-06-18 14:42:06'),(1756,909,'mollitia,Lorem ipsum dolor sit amet consectetur adipisicing elit. Maxi','https://images.unsplash.com/photo-1646590639664-dbf735c4c2fe?ixlib=rb-1.2.1&ixid=MnwxMjA3fDB8MHxlZGl0b3JpYWwtZmVlZHw2Mnx8fGVufDB8fHx8&auto=format&fit=crop&w=300&q=60','2016-04-26 09:14:35'),(1757,908,'consectetur adipisicing elit. Maxime mollitia,Lorem ips',NULL,'2016-05-10 08:27:46'),(1758,905,'tia,Lorem ipsum dolor sit amet consectetur adipisicing elit. Maxime moll',NULL,'2016-01-22 03:02:52'),(1759,1656,'dolor sit amet consectetur adipisicing elit. Maxime',NULL,'2019-07-10 02:33:37'),(1760,900,'a,Lorem ipsum dolor sit amet consectetur adipisicing elit. Maxime molliti',NULL,'2019-10-29 11:48:18'),(1761,903,'consectetur adipisicing elit. Maxime mollitia,Lorem i',NULL,'2019-12-25 18:30:53'),(1762,913,'sit amet consectetur adipisicing elit. Maxime mollitia,Lor',NULL,'2019-11-14 22:48:55'),(1763,923,'dolor sit amet consectetur adipisicing elit. Maxime mol',NULL,'2018-08-12 23:45:39'),(1764,911,'adipisicing elit. Maxime mollitia,Lorem ipsum dolor sit amet conse',NULL,'2017-09-14 11:09:29'),(1765,1602,'adipisicing elit. Maxime mollitia,Lorem ipsum dolo',NULL,'2017-07-12 07:39:06'),(1766,1661,'ipsum dolor sit amet consectetur adipisicing elit. Maxime',NULL,'2016-07-22 06:18:32'),(1767,928,'Maxime mollitia,Lorem ipsum dolor sit amet consect',NULL,'2019-01-29 23:43:34'),(1768,932,'adipisicing elit. Maxime mollitia,Lorem ipsum dolor sit am',NULL,'2018-03-13 06:34:13'),(1769,915,'adipisicing elit. Maxime mollitia,Lorem ipsum dolor si',NULL,'2019-09-11 20:03:03'),(1770,1615,'ipsum dolor sit amet consectetur adipisicing elit. Maxi',NULL,'2015-07-27 19:18:10'),(1771,925,'elit. Maxime mollitia,Lorem ipsum dolor sit amet consectetur adipisici','https://images.unsplash.com/photo-1646639138820-54404ddb351b?ixlib=rb-1.2.1&ixid=MnwxMjA3fDB8MHxlZGl0b3JpYWwtZmVlZHwzMHx8fGVufDB8fHx8&auto=format&fit=crop&w=300&q=60','2015-12-13 05:53:52'),(1772,926,'elit. Maxime mollitia,Lorem ipsum dolor sit amet consectetur adipisici',NULL,'2018-03-02 14:23:24'),(1773,922,'consectetur adipisicing elit. Maxime mollitia,Lorem ipsum dolor sit am',NULL,'2019-08-21 06:59:59'),(1774,929,'ipsum dolor sit amet consectetur adipisicing elit. Maxim',NULL,'2016-02-09 03:32:23'),(1775,1613,'adipisicing elit. Maxime mollitia,Lorem ipsum dolor sit amet consectetu',NULL,'2019-09-03 18:39:28'),(1776,922,'mollitia,Lorem ipsum dolor sit amet consectetur ad',NULL,'2017-07-24 18:39:00'),(1777,905,'consectetur adipisicing elit. Maxime mollitia,Lorem ipsum dolor sit a',NULL,'2016-08-14 14:06:01'),(1778,928,'Maxime mollitia,Lorem ipsum dolor sit amet consectetu',NULL,'2017-02-02 23:12:43'),(1779,924,'dolor sit amet consectetur adipisicing elit. Maxime molliti',NULL,'2017-06-13 23:50:15'),(1780,912,'elit. Maxime mollitia,Lorem ipsum dolor sit amet consectetur adip',NULL,'2018-09-01 10:15:27'),(1781,929,'sit amet consectetur adipisicing elit. Maxime mollitia,Lorem ipsum dolor',NULL,'2016-08-28 11:19:33'),(1782,921,'adipisicing elit. Maxime mollitia,Lorem ipsum dolor sit amet consectet',NULL,'2017-12-20 00:34:57'),(1783,906,'adipisicing elit. Maxime mollitia,Lorem ipsum dolor sit',NULL,'2016-05-17 09:20:28'),(1784,928,'elit. Maxime mollitia,Lorem ipsum dolor sit amet c',NULL,'2016-09-18 00:06:53'),(1785,909,'ollitia,Lorem ipsum dolor sit amet consectetur adipisicing e',NULL,'2018-11-20 14:42:10'),(1786,921,'elit. Maxime mollitia,Lorem ipsum dolor sit amet consectetur adipisicin',NULL,'2016-10-14 18:19:34'),(1787,919,'ipsum dolor sit amet consectetur adipisicing elit. Maxime mollit',NULL,'2015-09-30 14:19:51'),(1788,905,'elit. Maxime mollitia,Lorem ipsum dolor sit amet con',NULL,'2016-11-13 15:48:49'),(1789,905,'Maxime mollitia,Lorem ipsum dolor sit amet consectetur adipisicing elit.',NULL,'2016-10-30 06:31:13'),(1790,1602,'consectetur adipisicing elit. Maxime mollitia,Lorem ipsum dolor sit',NULL,'2015-11-13 04:16:40'),(1791,1610,'elit. Maxime mollitia,Lorem ipsum dolor sit amet consectetur ad',NULL,'2016-12-26 12:30:49'),(1792,917,'elit. Maxime mollitia,Lorem ipsum dolor sit amet consectetur adipis',NULL,'2019-03-11 05:29:17'),(1793,1603,'adipisicing elit. Maxime mollitia,Lorem ipsum dolor sit amet consectetur',NULL,'2017-02-19 04:40:03'),(1794,1607,'adipisicing elit. Maxime mollitia,Lorem ipsum dolor sit amet consect',NULL,'2015-06-21 20:50:47'),(1795,1661,'adipisicing elit. Maxime mollitia,Lorem ipsum dolor sit ame','https://images.unsplash.com/photo-1646614871839-881108ea8407?ixlib=rb-1.2.1&ixid=MnwxMjA3fDB8MHxlZGl0b3JpYWwtZmVlZHw2OHx8fGVufDB8fHx8&auto=format&fit=crop&w=300&q=60','2015-05-18 01:05:13'),(1796,1607,'Maxime mollitia,Lorem ipsum dolor sit amet consectetur adipisic',NULL,'2016-03-22 19:31:26'),(1797,1661,'sit amet consectetur adipisicing elit. Maxime mollitia,Lorem ip',NULL,'2017-04-29 20:07:11'),(1798,913,'elit. Maxime mollitia,Lorem ipsum dolor sit amet consectetur adipisicing',NULL,'2018-09-13 18:30:32'),(1799,900,'litia,Lorem ipsum dolor sit amet consectetur adipis',NULL,'2019-03-10 14:52:30'),(1800,909,'adipisicing elit. Maxime mollitia,Lorem ipsum dolor',NULL,'2015-04-20 19:52:09'),(1801,921,'ia,Lorem ipsum dolor sit amet consectetur adipisicing eli',NULL,'2015-05-02 13:40:31'),(1802,932,'ipsum dolor sit amet consectetur adipisicing elit. Maxime mol',NULL,'2017-05-21 19:01:20'),(1803,909,'dolor sit amet consectetur adipisicing elit. Maxime mollitia,Lorem ipsum',NULL,'2017-08-31 17:56:06'),(1804,911,'sit amet consectetur adipisicing elit. Maxime mollit',NULL,'2018-01-22 15:27:58'),(1805,913,'Maxime mollitia,Lorem ipsum dolor sit amet consectetur adipisicing',NULL,'2017-03-31 05:32:02'),(1806,926,'ollitia,Lorem ipsum dolor sit amet consectetur adipis',NULL,'2018-09-25 17:51:31'),(1807,920,'mollitia,Lorem ipsum dolor sit amet consectetur adipisicing eli',NULL,'2016-03-23 02:02:28'),(1808,924,'dolor sit amet consectetur adipisicing elit. Maxime mo',NULL,'2019-12-25 11:25:57'),(1809,901,'adipisicing elit. Maxime mollitia,Lorem ipsum dolor si',NULL,'2016-08-28 05:40:35'),(1810,913,'amet consectetur adipisicing elit. Maxime mollitia,Lorem i',NULL,'2016-02-03 23:45:50'),(1811,901,'tia,Lorem ipsum dolor sit amet consectetur adipisicing elit.',NULL,'2017-08-15 13:04:53'),(1812,1603,'adipisicing elit. Maxime mollitia,Lorem ipsum dolor sit amet conse',NULL,'2017-06-14 16:33:48'),(1813,1615,'adipisicing elit. Maxime mollitia,Lorem ipsum dolor sit amet consecte',NULL,'2019-05-13 05:03:51'),(1814,906,'amet consectetur adipisicing elit. Maxime mollitia,Lorem ipsum dolo',NULL,'2019-12-07 05:59:17'),(1815,1666,'elit. Maxime mollitia,Lorem ipsum dolor sit amet consectetur adipisicing',NULL,'2018-02-18 10:12:20'),(1816,923,'Maxime mollitia,Lorem ipsum dolor sit amet consectetur adip',NULL,'2019-06-05 23:24:29'),(1817,916,'dolor sit amet consectetur adipisicing elit. Maxime mollitia,Lo',NULL,'2016-07-07 13:14:08'),(1818,904,'amet consectetur adipisicing elit. Maxime mollitia,L','https://images.unsplash.com/photo-1646639138820-54404ddb351b?ixlib=rb-1.2.1&ixid=MnwxMjA3fDB8MHxlZGl0b3JpYWwtZmVlZHwzMHx8fGVufDB8fHx8&auto=format&fit=crop&w=300&q=60','2015-09-25 13:53:25'),(1819,931,'adipisicing elit. Maxime mollitia,Lorem ipsum dolor sit amet',NULL,'2019-07-09 07:50:02'),(1820,928,'Maxime mollitia,Lorem ipsum dolor sit amet consectetur adipisicing',NULL,'2019-01-03 20:07:31'),(1821,1656,'adipisicing elit. Maxime mollitia,Lorem ipsum dolor sit',NULL,'2018-08-25 10:20:31'),(1822,1614,'mollitia,Lorem ipsum dolor sit amet consectetur adipisicing elit.',NULL,'2015-10-20 07:05:41'),(1823,901,'mollitia,Lorem ipsum dolor sit amet consectetur adipisicing elit. M',NULL,'2015-11-26 23:58:58'),(1824,1613,'mollitia,Lorem ipsum dolor sit amet consectetur adipisicing elit. Maxime','https://images.unsplash.com/photo-1646659107256-71bfb64bd3fe?ixlib=rb-1.2.1&ixid=MnwxMjA3fDB8MHxlZGl0b3JpYWwtZmVlZHwyOXx8fGVufDB8fHx8&auto=format&fit=crop&w=300&q=60','2018-02-05 11:25:17'),(1825,903,'litia,Lorem ipsum dolor sit amet consectetur adipisicing elit. Maxime mo',NULL,'2015-06-03 21:59:55'),(1826,1607,'ipsum dolor sit amet consectetur adipisicing elit. Maxime mo',NULL,'2019-12-15 10:12:10'),(1827,1661,'Maxime mollitia,Lorem ipsum dolor sit amet consectet',NULL,'2018-10-06 03:05:02'),(1828,931,'elit. Maxime mollitia,Lorem ipsum dolor sit amet consectetur adipisici',NULL,'2018-10-08 12:29:08'),(1829,1614,'dolor sit amet consectetur adipisicing elit. Maxime mollitia,Lorem',NULL,'2016-04-28 18:07:26'),(1830,911,'mollitia,Lorem ipsum dolor sit amet consectetur adipisicing',NULL,'2019-05-26 09:18:10'),(1831,900,'ipsum dolor sit amet consectetur adipisicing elit. Maxime mo',NULL,'2015-10-16 23:22:15'),(1832,906,'ia,Lorem ipsum dolor sit amet consectetur adipisicing elit. Maxime',NULL,'2018-10-24 02:57:51'),(1833,904,'elit. Maxime mollitia,Lorem ipsum dolor sit amet cons',NULL,'2017-04-03 04:20:23'),(1834,907,'elit. Maxime mollitia,Lorem ipsum dolor sit amet c','https://images.unsplash.com/photo-1646614871839-881108ea8407?ixlib=rb-1.2.1&ixid=MnwxMjA3fDB8MHxlZGl0b3JpYWwtZmVlZHw2OHx8fGVufDB8fHx8&auto=format&fit=crop&w=300&q=60','2017-04-10 23:00:32'),(1835,922,'a,Lorem ipsum dolor sit amet consectetur adipisicing elit. Maxime molli',NULL,'2018-08-14 18:55:42'),(1836,901,'adipisicing elit. Maxime mollitia,Lorem ipsum dolor sit amet',NULL,'2019-05-20 02:41:46'),(1837,931,'Lorem ipsum dolor sit amet consectetur adipisicing elit. Ma',NULL,'2015-02-27 22:10:03'),(1838,902,'tia,Lorem ipsum dolor sit amet consectetur adipisicing',NULL,'2018-09-01 07:58:59'),(1839,903,'elit. Maxime mollitia,Lorem ipsum dolor sit amet consectetur adipisicing',NULL,'2017-02-13 02:51:59'),(1840,920,'Maxime mollitia,Lorem ipsum dolor sit amet consectetur adipisicing elit',NULL,'2018-01-13 23:39:07'),(1841,914,'elit. Maxime mollitia,Lorem ipsum dolor sit amet consectet',NULL,'2016-02-24 19:44:35'),(1842,1656,'Maxime mollitia,Lorem ipsum dolor sit amet consectetur adipisicing eli',NULL,'2016-04-30 07:25:10'),(1843,918,'ollitia,Lorem ipsum dolor sit amet consectetur adipisicing elit. Ma',NULL,'2016-08-27 12:28:39'),(1844,1610,'Maxime mollitia,Lorem ipsum dolor sit amet consectetu',NULL,'2016-10-11 16:43:31'),(1845,1605,'dolor sit amet consectetur adipisicing elit. Maxime moll',NULL,'2015-02-05 19:59:12'),(1846,1666,'elit. Maxime mollitia,Lorem ipsum dolor sit amet consectetur adipis',NULL,'2017-04-08 17:45:40'),(1847,926,'elit. Maxime mollitia,Lorem ipsum dolor sit amet consectetur adipi',NULL,'2019-01-09 02:13:25'),(1848,910,'a,Lorem ipsum dolor sit amet consectetur adipisicing elit. Maxim',NULL,'2015-08-03 16:40:26'),(1849,908,'Maxime mollitia,Lorem ipsum dolor sit amet consectetur adipis',NULL,'2016-05-02 13:39:17'),(1850,1615,'elit. Maxime mollitia,Lorem ipsum dolor sit amet consectetur adipisicing',NULL,'2019-11-15 17:23:22'),(1851,912,'mollitia,Lorem ipsum dolor sit amet consectetur adipi',NULL,'2017-08-13 14:05:17'),(1852,919,'adipisicing elit. Maxime mollitia,Lorem ipsum dolor sit ame',NULL,'2018-10-16 08:46:41'),(1853,1605,'consectetur adipisicing elit. Maxime mollitia,Lorem ipsum dolor sit',NULL,'2016-11-09 14:41:03'),(1854,932,'dolor sit amet consectetur adipisicing elit. Maxime ',NULL,'2019-03-28 15:42:49'),(1855,901,'ia,Lorem ipsum dolor sit amet consectetur adipisicing elit. Maxime molli',NULL,'2018-04-01 12:50:03'),(1856,903,'llitia,Lorem ipsum dolor sit amet consectetur adipisicing elit. Maxim',NULL,'2019-12-28 21:33:24'),(1857,920,'tia,Lorem ipsum dolor sit amet consectetur adipisicing elit. Maxime molli',NULL,'2017-08-16 16:19:49'),(1858,904,'Maxime mollitia,Lorem ipsum dolor sit amet consecte',NULL,'2015-08-06 08:21:08'),(1859,924,'ipsum dolor sit amet consectetur adipisicing elit. Maxime mollit',NULL,'2016-07-12 06:12:22'),(1860,1661,'ipsum dolor sit amet consectetur adipisicing elit. Maxime mol','https://images.unsplash.com/photo-1646614871839-881108ea8407?ixlib=rb-1.2.1&ixid=MnwxMjA3fDB8MHxlZGl0b3JpYWwtZmVlZHw2OHx8fGVufDB8fHx8&auto=format&fit=crop&w=300&q=60','2017-01-15 15:58:49'),(1861,1656,'mollitia,Lorem ipsum dolor sit amet consectetur adi',NULL,'2017-08-31 06:25:20'),(1862,914,'tia,Lorem ipsum dolor sit amet consectetur adipisicing e',NULL,'2017-07-18 21:48:03'),(1863,1666,'ipsum dolor sit amet consectetur adipisicing elit. Maxime moll',NULL,'2017-12-19 22:34:38'),(1864,903,'consectetur adipisicing elit. Maxime mollitia,Lorem ip',NULL,'2015-07-20 13:05:46'),(1865,909,'dolor sit amet consectetur adipisicing elit. Maxime',NULL,'2019-09-13 09:26:23'),(1866,920,'Maxime mollitia,Lorem ipsum dolor sit amet consectetur adipisicing eli',NULL,'2018-05-20 20:01:04'),(1867,907,'Lorem ipsum dolor sit amet consectetur adipisicing elit. M',NULL,'2018-08-12 12:05:46'),(1868,912,'adipisicing elit. Maxime mollitia,Lorem ipsum dolor sit amet',NULL,'2018-03-21 19:08:36'),(1869,915,'Lorem ipsum dolor sit amet consectetur adipisicing elit. Maxime mol',NULL,'2017-03-18 22:14:45'),(1870,903,'dolor sit amet consectetur adipisicing elit. Maxime molli',NULL,'2015-03-14 20:31:45'),(1871,1601,'elit. Maxime mollitia,Lorem ipsum dolor sit amet consectetur adi',NULL,'2017-03-04 04:50:31'),(1872,930,'adipisicing elit. Maxime mollitia,Lorem ipsum dolor s',NULL,'2017-11-08 13:01:03'),(1873,900,'a,Lorem ipsum dolor sit amet consectetur adipisicing eli',NULL,'2018-11-11 11:54:33'),(1874,923,'elit. Maxime mollitia,Lorem ipsum dolor sit amet consectetur adip',NULL,'2018-10-01 09:47:12'),(1875,907,'adipisicing elit. Maxime mollitia,Lorem ipsum dolor si',NULL,'2017-12-20 02:48:11'),(1876,1656,',Lorem ipsum dolor sit amet consectetur adipisicing elit. Maxime mollitia',NULL,'2017-03-17 22:00:16'),(1877,922,'consectetur adipisicing elit. Maxime mollitia,Lorem ipsum dolor',NULL,'2019-07-26 16:53:22'),(1878,902,'elit. Maxime mollitia,Lorem ipsum dolor sit amet conse',NULL,'2018-12-28 17:08:12'),(1879,917,'Maxime mollitia,Lorem ipsum dolor sit amet consectetur adip','https://images.unsplash.com/photo-1646659107256-71bfb64bd3fe?ixlib=rb-1.2.1&ixid=MnwxMjA3fDB8MHxlZGl0b3JpYWwtZmVlZHwyOXx8fGVufDB8fHx8&auto=format&fit=crop&w=300&q=60','2016-12-12 00:41:05'),(1880,911,'elit. Maxime mollitia,Lorem ipsum dolor sit amet consectet',NULL,'2015-10-12 21:13:41'),(1881,900,'amet consectetur adipisicing elit. Maxime mollitia,Lorem ipsum dolor',NULL,'2018-08-07 12:52:41'),(1882,926,'mollitia,Lorem ipsum dolor sit amet consectetur adipisicing elit. Ma',NULL,'2018-09-20 11:14:59'),(1883,925,'adipisicing elit. Maxime mollitia,Lorem ipsum dolor sit a',NULL,'2015-05-15 11:08:50'),(1884,928,'elit. Maxime mollitia,Lorem ipsum dolor sit amet con',NULL,'2015-12-07 03:39:57'),(1885,923,'sit amet consectetur adipisicing elit. Maxime mollitia',NULL,'2015-06-05 09:11:43'),(1886,1613,'ia,Lorem ipsum dolor sit amet consectetur adipisicing elit. Maxime mollit',NULL,'2015-02-12 19:34:41'),(1887,923,'mollitia,Lorem ipsum dolor sit amet consectetur adipisicing elit. Ma',NULL,'2018-01-27 15:00:13'),(1888,900,'elit. Maxime mollitia,Lorem ipsum dolor sit amet cons',NULL,'2018-11-21 00:36:11'),(1889,907,'Maxime mollitia,Lorem ipsum dolor sit amet consectetur adipi',NULL,'2018-04-07 02:04:01'),(1890,920,'elit. Maxime mollitia,Lorem ipsum dolor sit amet consectetur adipi',NULL,'2017-09-05 14:44:31'),(1891,900,'ipsum dolor sit amet consectetur adipisicing elit. Maxime molliti',NULL,'2019-03-26 08:38:58'),(1892,1614,'Maxime mollitia,Lorem ipsum dolor sit amet consectetur','https://images.unsplash.com/photo-1646629013904-86fd1fd1aa08?ixlib=rb-1.2.1&ixid=MnwxMjA3fDB8MHxlZGl0b3JpYWwtZmVlZHw3M3x8fGVufDB8fHx8&auto=format&fit=crop&w=300&q=60','2019-08-23 23:32:49'),(1893,922,'sit amet consectetur adipisicing elit. Maxime mollitia,Lorem ipsum',NULL,'2016-04-12 11:49:12'),(1894,913,'mollitia,Lorem ipsum dolor sit amet consectetur adipisici',NULL,'2016-03-13 00:02:23'),(1895,1607,'a,Lorem ipsum dolor sit amet consectetur adipisicing elit. Maxime molli',NULL,'2018-06-03 15:46:20'),(1896,908,'ipsum dolor sit amet consectetur adipisicing elit. Maxi',NULL,'2018-12-07 09:34:47'),(1897,914,',Lorem ipsum dolor sit amet consectetur adipisicing elit. Maxime mol',NULL,'2018-07-12 00:35:04'),(1898,915,'dolor sit amet consectetur adipisicing elit. Maxime molli',NULL,'2017-06-09 04:10:48'),(1899,903,'mollitia,Lorem ipsum dolor sit amet consectetur adipisicing elit. Maxime',NULL,'2016-09-16 15:20:40'),(1900,926,'Maxime mollitia,Lorem ipsum dolor sit amet consectetur adipisicing eli',NULL,'2015-03-05 22:47:35'),(1901,918,'mollitia,Lorem ipsum dolor sit amet consectetur adipisicing elit.',NULL,'2019-06-16 03:08:08'),(1902,932,'a,Lorem ipsum dolor sit amet consectetur adipisicing el',NULL,'2019-05-26 03:31:54'),(1903,927,'Maxime mollitia,Lorem ipsum dolor sit amet consectetur adipisicing elit.',NULL,'2018-12-27 12:43:10'),(1904,920,'elit. Maxime mollitia,Lorem ipsum dolor sit amet consectetur adipisicing',NULL,'2015-10-06 11:51:49'),(1905,1605,'a,Lorem ipsum dolor sit amet consectetur adipisicing elit. Maxime mollit',NULL,'2019-06-21 15:02:29'),(1906,913,'elit. Maxime mollitia,Lorem ipsum dolor sit amet consectetur adipis',NULL,'2019-02-06 23:05:10'),(1907,922,'sit amet consectetur adipisicing elit. Maxime mollitia,Lorem ipsum do',NULL,'2016-10-03 15:20:56'),(1908,913,'sit amet consectetur adipisicing elit. Maxime mollitia,Lorem i','https://images.unsplash.com/photo-1646614871839-881108ea8407?ixlib=rb-1.2.1&ixid=MnwxMjA3fDB8MHxlZGl0b3JpYWwtZmVlZHw2OHx8fGVufDB8fHx8&auto=format&fit=crop&w=300&q=60','2015-01-24 06:58:29'),(1909,930,'amet consectetur adipisicing elit. Maxime mollitia,Lore',NULL,'2017-08-01 10:35:26'),(1910,909,'adipisicing elit. Maxime mollitia,Lorem ipsum dolor sit amet consect',NULL,'2017-05-17 22:04:17'),(1911,912,'Maxime mollitia,Lorem ipsum dolor sit amet consectetur adipisicing el',NULL,'2016-02-03 15:37:42'),(1912,918,'sit amet consectetur adipisicing elit. Maxime moll',NULL,'2016-02-13 20:31:08'),(1913,901,'elit. Maxime mollitia,Lorem ipsum dolor sit amet consectetur adipisici',NULL,'2019-02-07 21:49:33'),(1914,919,'sit amet consectetur adipisicing elit. Maxime mollitia,Lorem ip',NULL,'2017-06-15 06:12:07'),(1915,931,'elit. Maxime mollitia,Lorem ipsum dolor sit amet c',NULL,'2016-09-18 21:07:03'),(1916,926,'mollitia,Lorem ipsum dolor sit amet consectetur adipis',NULL,'2016-11-05 11:10:31'),(1917,921,'mollitia,Lorem ipsum dolor sit amet consectetur adipisicing elit. Maxim',NULL,'2015-07-06 09:51:56'),(1918,917,'elit. Maxime mollitia,Lorem ipsum dolor sit amet consectetur adip',NULL,'2017-06-02 15:32:26'),(1919,922,'itia,Lorem ipsum dolor sit amet consectetur adipisicing elit. Max',NULL,'2018-10-30 15:36:17'),(1920,1666,'litia,Lorem ipsum dolor sit amet consectetur adipisicing el',NULL,'2017-02-22 00:04:13'),(1921,927,'amet consectetur adipisicing elit. Maxime mollitia,Lorem ipsum dolor sit',NULL,'2016-04-13 11:20:51'),(1922,924,',Lorem ipsum dolor sit amet consectetur adipisicing elit. Maxime mollit',NULL,'2016-11-29 10:31:35'),(1923,904,'dolor sit amet consectetur adipisicing elit. Maxime mollitia,Lorem ip',NULL,'2018-01-22 19:40:40'),(1924,904,'elit. Maxime mollitia,Lorem ipsum dolor sit amet consectetur ad',NULL,'2016-12-09 03:30:18'),(1925,902,'mollitia,Lorem ipsum dolor sit amet consectetur adipisicing elit. Maxime',NULL,'2016-07-25 18:51:25'),(1926,1614,'adipisicing elit. Maxime mollitia,Lorem ipsum dolor sit amet consecte',NULL,'2017-02-19 00:09:02'),(1927,908,'consectetur adipisicing elit. Maxime mollitia,Lorem ipsum dolor','https://images.unsplash.com/photo-1646629013904-86fd1fd1aa08?ixlib=rb-1.2.1&ixid=MnwxMjA3fDB8MHxlZGl0b3JpYWwtZmVlZHw3M3x8fGVufDB8fHx8&auto=format&fit=crop&w=300&q=60','2015-04-27 14:36:37'),(1928,1666,'ipsum dolor sit amet consectetur adipisicing elit. Maxime mol',NULL,'2015-11-11 14:41:33'),(1929,1615,'mollitia,Lorem ipsum dolor sit amet consectetur adipisicing elit. Maxi',NULL,'2018-05-25 12:55:58'),(1930,907,'ipsum dolor sit amet consectetur adipisicing elit. ',NULL,'2018-01-28 14:44:23'),(1931,909,'a,Lorem ipsum dolor sit amet consectetur adipisicing elit. Maxime m',NULL,'2018-01-08 07:48:11'),(1932,924,'amet consectetur adipisicing elit. Maxime mollitia,Lorem ipsum dolor sit',NULL,'2015-03-16 18:02:42'),(1933,925,'elit. Maxime mollitia,Lorem ipsum dolor sit amet consectetur adipisic',NULL,'2016-05-31 06:44:22'),(1934,928,'adipisicing elit. Maxime mollitia,Lorem ipsum dolor sit amet cons',NULL,'2019-03-06 23:47:52'),(1935,916,'elit. Maxime mollitia,Lorem ipsum dolor sit amet consectetur adip',NULL,'2015-12-29 09:38:02'),(1936,919,'elit. Maxime mollitia,Lorem ipsum dolor sit amet consecte',NULL,'2019-09-22 05:43:03'),(1937,931,'adipisicing elit. Maxime mollitia,Lorem ipsum dolor sit am',NULL,'2016-11-15 11:17:43'),(1938,929,'amet consectetur adipisicing elit. Maxime mollitia,Lorem ipsum dolor',NULL,'2018-11-12 04:27:06'),(1939,902,'adipisicing elit. Maxime mollitia,Lorem ipsum dolor sit amet co',NULL,'2018-07-26 23:06:23'),(1940,910,'elit. Maxime mollitia,Lorem ipsum dolor sit amet consectetur adipisi',NULL,'2017-11-23 13:24:15'),(1941,931,'mollitia,Lorem ipsum dolor sit amet consectetur adipisicing elit. M',NULL,'2015-01-27 16:45:01'),(1942,903,'dolor sit amet consectetur adipisicing elit. Maxime mollitia,Lorem ips',NULL,'2015-11-14 15:57:12'),(1943,1602,'consectetur adipisicing elit. Maxime mollitia,Lorem ipsum dolor sit am',NULL,'2015-05-15 02:49:32'),(1944,1666,'sit amet consectetur adipisicing elit. Maxime mollitia,Lorem i',NULL,'2015-04-17 10:39:43'),(1945,904,'adipisicing elit. Maxime mollitia,Lorem ipsum dolor sit amet consectetur',NULL,'2016-06-26 11:34:17'),(1946,919,'elit. Maxime mollitia,Lorem ipsum dolor sit amet consecte',NULL,'2017-01-29 10:37:01'),(1947,902,'elit. Maxime mollitia,Lorem ipsum dolor sit amet consec',NULL,'2018-05-28 01:45:42'),(1948,909,'adipisicing elit. Maxime mollitia,Lorem ipsum dolor sit am',NULL,'2016-08-07 22:21:45'),(1949,903,'ipsum dolor sit amet consectetur adipisicing elit. Maxime mollitia,Lore',NULL,'2019-05-08 00:43:33'),(1950,908,'consectetur adipisicing elit. Maxime mollitia,Lorem ipsum dolor sit','https://images.unsplash.com/photo-1646629013904-86fd1fd1aa08?ixlib=rb-1.2.1&ixid=MnwxMjA3fDB8MHxlZGl0b3JpYWwtZmVlZHw3M3x8fGVufDB8fHx8&auto=format&fit=crop&w=300&q=60','2019-06-06 16:59:27'),(1951,1666,'elit. Maxime mollitia,Lorem ipsum dolor sit amet cons',NULL,'2015-04-22 22:02:54'),(1952,915,'elit. Maxime mollitia,Lorem ipsum dolor sit amet conse',NULL,'2016-05-30 22:08:31'),(1953,920,'litia,Lorem ipsum dolor sit amet consectetur adipisicing elit. Maxime mo',NULL,'2015-11-27 02:49:24'),(1954,1656,'dolor sit amet consectetur adipisicing elit. Maxime ',NULL,'2018-05-09 14:06:46'),(1955,924,',Lorem ipsum dolor sit amet consectetur adipisicing elit. Maxi',NULL,'2016-05-27 01:35:53'),(1956,1603,'Maxime mollitia,Lorem ipsum dolor sit amet consect',NULL,'2015-07-27 06:29:03'),(1957,925,'ipsum dolor sit amet consectetur adipisicing elit. Maxime mollitia,L',NULL,'2018-05-13 13:40:04'),(1958,922,'adipisicing elit. Maxime mollitia,Lorem ipsum dolor',NULL,'2016-04-27 21:56:14'),(1959,925,'dolor sit amet consectetur adipisicing elit. Maxime mollit',NULL,'2016-09-22 18:14:01'),(1960,901,'ipsum dolor sit amet consectetur adipisicing elit. Maxime mollitia,Lorem',NULL,'2016-10-15 16:13:11'),(1961,910,'dolor sit amet consectetur adipisicing elit. Maxime molliti',NULL,'2019-01-26 11:36:48'),(1962,1666,'adipisicing elit. Maxime mollitia,Lorem ipsum dolor sit amet',NULL,'2015-11-21 17:55:55'),(1963,1607,'Maxime mollitia,Lorem ipsum dolor sit amet consect','https://images.unsplash.com/photo-1646659107256-71bfb64bd3fe?ixlib=rb-1.2.1&ixid=MnwxMjA3fDB8MHxlZGl0b3JpYWwtZmVlZHwyOXx8fGVufDB8fHx8&auto=format&fit=crop&w=300&q=60','2016-09-02 03:32:32'),(1964,1614,'elit. Maxime mollitia,Lorem ipsum dolor sit amet consectetur adipisic',NULL,'2016-12-24 20:21:47'),(1965,927,'consectetur adipisicing elit. Maxime mollitia,Lorem ipsum dolor',NULL,'2016-10-06 05:42:22'),(1966,925,'sit amet consectetur adipisicing elit. Maxime mollitia',NULL,'2015-06-21 14:51:02'),(1967,905,'consectetur adipisicing elit. Maxime mollitia,Lorem ipsum dolor sit amet',NULL,'2017-05-03 17:16:15'),(1968,924,'Maxime mollitia,Lorem ipsum dolor sit amet consectetur adipisi',NULL,'2018-09-24 19:40:19'),(1969,912,'adipisicing elit. Maxime mollitia,Lorem ipsum dolor sit amet c',NULL,'2019-06-13 06:28:26'),(1970,911,',Lorem ipsum dolor sit amet consectetur adipisicing elit. Ma',NULL,'2018-08-17 11:48:10'),(1971,908,'mollitia,Lorem ipsum dolor sit amet consectetur adipisicing el',NULL,'2018-08-20 02:15:24'),(1972,1607,'sit amet consectetur adipisicing elit. Maxime mollit',NULL,'2019-05-28 01:55:40'),(1973,913,'elit. Maxime mollitia,Lorem ipsum dolor sit amet consectetur adipisici',NULL,'2016-09-03 19:25:48'),(1974,1601,'elit. Maxime mollitia,Lorem ipsum dolor sit amet c',NULL,'2015-03-11 18:35:55'),(1975,927,'llitia,Lorem ipsum dolor sit amet consectetur adipisicing elit. Maxime m',NULL,'2018-02-26 07:01:55'),(1976,901,'elit. Maxime mollitia,Lorem ipsum dolor sit amet consectetur adipisicing',NULL,'2018-03-31 10:28:24'),(1977,904,'a,Lorem ipsum dolor sit amet consectetur adipisicing elit. Maxi',NULL,'2017-11-15 21:16:23'),(1978,906,'sit amet consectetur adipisicing elit. Maxime moll',NULL,'2019-01-28 00:19:21'),(1979,914,'adipisicing elit. Maxime mollitia,Lorem ipsum dolor sit',NULL,'2016-01-10 12:05:25'),(1980,901,'elit. Maxime mollitia,Lorem ipsum dolor sit amet consec',NULL,'2018-06-29 02:05:01'),(1981,929,'mollitia,Lorem ipsum dolor sit amet consectetur adipisicing',NULL,'2016-07-06 01:03:29'),(1982,1661,'ollitia,Lorem ipsum dolor sit amet consectetur adipisicing',NULL,'2018-02-20 04:35:21'),(1983,931,'sit amet consectetur adipisicing elit. Maxime moll',NULL,'2019-01-31 00:12:48'),(1984,915,'mollitia,Lorem ipsum dolor sit amet consectetur adipisicing el',NULL,'2018-07-27 01:54:21'),(1985,1610,'amet consectetur adipisicing elit. Maxime mollitia,Lorem ipsum do',NULL,'2016-11-15 01:50:43'),(1986,907,'adipisicing elit. Maxime mollitia,Lorem ipsum dolor sit',NULL,'2018-10-21 11:14:37'),(1987,924,'elit. Maxime mollitia,Lorem ipsum dolor sit amet consectetu',NULL,'2019-10-16 08:26:25'),(1988,1661,'elit. Maxime mollitia,Lorem ipsum dolor sit amet consectetur adipisici','https://images.unsplash.com/photo-1646659107256-71bfb64bd3fe?ixlib=rb-1.2.1&ixid=MnwxMjA3fDB8MHxlZGl0b3JpYWwtZmVlZHwyOXx8fGVufDB8fHx8&auto=format&fit=crop&w=300&q=60','2019-03-15 04:17:10'),(1989,906,'Maxime mollitia,Lorem ipsum dolor sit amet consectetur adipisi',NULL,'2018-02-02 13:25:05'),(1990,900,'adipisicing elit. Maxime mollitia,Lorem ipsum dolor si',NULL,'2018-08-04 00:05:41'),(1991,905,'ollitia,Lorem ipsum dolor sit amet consectetur adipisicing e',NULL,'2015-11-12 05:02:19'),(1992,1615,'amet consectetur adipisicing elit. Maxime mollitia,Lorem ipsum dolor sit',NULL,'2018-12-05 05:26:51'),(1993,1610,'Maxime mollitia,Lorem ipsum dolor sit amet consectetur adipisicing',NULL,'2017-05-11 22:01:05'),(1994,925,'elit. Maxime mollitia,Lorem ipsum dolor sit amet consectetur a',NULL,'2019-09-15 19:23:44'),(1995,1615,'sit amet consectetur adipisicing elit. Maxime mollitia,Lorem',NULL,'2015-04-07 06:09:57'),(1996,1615,'mollitia,Lorem ipsum dolor sit amet consectetur adipisicin',NULL,'2016-02-13 16:12:19'),(1997,1603,'amet consectetur adipisicing elit. Maxime mollitia,Lorem ipsum d','https://images.unsplash.com/photo-1646629013904-86fd1fd1aa08?ixlib=rb-1.2.1&ixid=MnwxMjA3fDB8MHxlZGl0b3JpYWwtZmVlZHw3M3x8fGVufDB8fHx8&auto=format&fit=crop&w=300&q=60','2019-12-18 13:27:16'),(1998,902,'sit amet consectetur adipisicing elit. Maxime mollitia,Lorem ipsum do',NULL,'2017-09-06 03:02:51'),(1999,1615,'consectetur adipisicing elit. Maxime mollitia,Lorem ipsum dolor si',NULL,'2016-11-15 11:41:41'),(2000,908,'elit. Maxime mollitia,Lorem ipsum dolor sit amet consectetur adip',NULL,'2016-02-07 23:58:40'),(2001,919,'dolor sit amet consectetur adipisicing elit. Maxime mollitia,Lorem ip',NULL,'2019-07-12 18:47:25'),(2002,919,'consectetur adipisicing elit. Maxime mollitia,Lorem',NULL,'2016-05-17 13:30:49'),(2003,915,'mollitia,Lorem ipsum dolor sit amet consectetur adipisicing elit. Maxime',NULL,'2016-05-05 13:31:29'),(2004,1614,'dolor sit amet consectetur adipisicing elit. Maxime mollitia',NULL,'2016-02-18 23:49:58'),(2005,930,'mollitia,Lorem ipsum dolor sit amet consectetur adipisi',NULL,'2019-09-10 09:36:54'),(2006,930,'mollitia,Lorem ipsum dolor sit amet consectetur adipisicin',NULL,'2015-06-28 00:05:23'),(2007,909,'dolor sit amet consectetur adipisicing elit. Maxim',NULL,'2018-07-18 03:11:10'),(2008,922,'llitia,Lorem ipsum dolor sit amet consectetur adipisici',NULL,'2018-08-22 19:23:36'),(2009,1615,'NEW TWEET FOR TESTING','https://images.unsplash.com/photo-1646145752399-98b6c2f2af0b?ixlib=rb-1.2.1&ixid=MnwxMjA3fDB8MHxwaG90by1wYWdlfHx8fGVufDB8fHx8&auto=format&fit=crop&w=436&q=80','2022-03-08 12:13:46'),(2010,1615,'NEW TWEET FOR TESTING','https://images.unsplash.com/photo-1646145752399-98b6c2f2af0b?ixlib=rb-1.2.1&ixid=MnwxMjA3fDB8MHxwaG90by1wYWdlfHx8fGVufDB8fHx8&auto=format&fit=crop&w=436&q=80','2022-03-08 12:16:15');
/*!40000 ALTER TABLE `tweet` ENABLE KEYS */;
UNLOCK TABLES;

--
-- Table structure for table `tweet_like`
--

DROP TABLE IF EXISTS `tweet_like`;
/*!40101 SET @saved_cs_client     = @@character_set_client */;
/*!40101 SET character_set_client = utf8 */;
CREATE TABLE `tweet_like` (
  `id` int(10) unsigned NOT NULL AUTO_INCREMENT,
  `tweet_id` int(10) unsigned NOT NULL,
  `user_id` int(10) unsigned NOT NULL,
  `created_at` datetime NOT NULL DEFAULT current_timestamp(),
  PRIMARY KEY (`id`),
  UNIQUE KEY `tweet_like_un` (`tweet_id`,`user_id`),
  KEY `tweet_like_FK` (`user_id`),
  CONSTRAINT `tweet_like_FK` FOREIGN KEY (`user_id`) REFERENCES `user` (`id`) ON DELETE CASCADE ON UPDATE CASCADE,
  CONSTRAINT `tweet_like_FK_1` FOREIGN KEY (`tweet_id`) REFERENCES `tweet` (`id`) ON DELETE CASCADE ON UPDATE CASCADE
) ENGINE=InnoDB AUTO_INCREMENT=1984 DEFAULT CHARSET=utf8mb3;
/*!40101 SET character_set_client = @saved_cs_client */;

--
-- Dumping data for table `tweet_like`
--

LOCK TABLES `tweet_like` WRITE;
/*!40000 ALTER TABLE `tweet_like` DISABLE KEYS */;
INSERT INTO `tweet_like` VALUES (993,1033,904,'2019-09-28 05:54:15'),(994,1072,906,'2017-08-07 12:03:50'),(995,1075,915,'2020-11-23 12:37:25'),(996,1157,932,'2018-02-28 09:11:13'),(997,1041,924,'2020-08-14 17:49:10'),(998,1630,915,'2017-10-11 15:42:14'),(999,1229,900,'2020-08-22 21:54:47'),(1000,1671,908,'2019-02-01 12:03:42'),(1001,1919,923,'2016-09-14 15:08:54'),(1002,1681,910,'2016-07-08 15:03:12'),(1003,1883,1656,'2018-04-24 14:59:55'),(1004,1044,928,'2016-02-11 17:10:31'),(1005,1573,1613,'2018-02-25 00:07:37'),(1006,1843,1610,'2020-04-16 05:04:45'),(1007,1499,932,'2019-04-07 22:32:51'),(1008,1329,912,'2017-04-06 18:01:11'),(1009,1621,924,'2018-12-08 14:47:45'),(1010,1786,927,'2016-11-18 00:53:20'),(1011,1524,911,'2021-05-17 18:45:31'),(1012,1740,927,'2018-01-31 19:31:40'),(1013,1850,1607,'2017-08-09 03:51:23'),(1014,1722,918,'2017-05-10 05:52:41'),(1015,1650,905,'2016-04-23 20:47:09'),(1016,1171,915,'2017-09-27 07:22:04'),(1017,1502,926,'2021-03-10 11:07:07'),(1018,1206,922,'2020-04-23 00:25:34'),(1019,1545,1607,'2019-08-03 14:41:54'),(1020,1086,920,'2016-03-22 21:22:38'),(1021,1298,903,'2017-05-08 00:23:08'),(1022,1419,1610,'2021-11-06 02:12:08'),(1023,1421,929,'2016-03-17 08:24:03'),(1024,1982,907,'2017-08-15 03:30:48'),(1025,1876,904,'2016-06-26 23:51:12'),(1026,1833,1601,'2021-07-13 14:44:55'),(1027,1496,915,'2017-06-26 02:17:06'),(1028,1593,907,'2019-10-24 08:45:50'),(1029,1987,923,'2018-03-18 22:03:31'),(1030,1711,1602,'2016-01-26 16:59:28'),(1031,1421,932,'2017-04-26 16:27:13'),(1032,1771,907,'2018-12-19 16:34:32'),(1033,1950,1603,'2021-08-27 04:59:18'),(1034,1066,918,'2018-07-12 11:53:54'),(1035,1610,1603,'2017-12-14 14:39:30'),(1036,1841,918,'2017-02-08 22:29:34'),(1037,1658,923,'2018-10-31 21:34:41'),(1038,1833,928,'2019-05-08 08:21:25'),(1039,1379,902,'2021-05-02 06:47:54'),(1040,1461,1615,'2021-03-11 21:49:10'),(1041,1730,925,'2019-02-24 11:44:13'),(1042,1792,910,'2020-10-09 00:30:40'),(1043,1256,930,'2019-08-21 08:56:42'),(1044,1114,1607,'2017-07-21 02:24:08'),(1045,1457,928,'2020-09-01 08:09:04'),(1046,1768,1610,'2021-12-15 00:57:05'),(1047,1248,1613,'2019-04-16 00:06:41'),(1048,1595,908,'2017-09-17 19:09:54'),(1049,1075,922,'2021-06-28 05:29:16'),(1050,1583,1610,'2017-08-20 14:04:30'),(1051,1391,911,'2020-05-30 02:49:48'),(1052,1324,1602,'2020-07-16 17:09:37'),(1053,1697,1603,'2016-11-11 12:24:33'),(1054,1201,927,'2021-09-15 08:48:09'),(1055,1587,919,'2021-11-01 19:20:19'),(1056,1436,1666,'2020-01-05 15:47:42'),(1057,1955,916,'2017-05-26 12:33:20'),(1058,1938,929,'2016-03-06 15:04:50'),(1059,1900,921,'2018-10-23 17:14:10'),(1060,1502,921,'2017-10-31 12:11:57'),(1061,1616,1607,'2021-06-11 21:27:15'),(1062,1630,910,'2021-08-10 16:13:42'),(1063,1890,926,'2019-06-23 02:33:16'),(1064,1242,929,'2021-12-02 00:16:12'),(1065,1553,908,'2017-07-23 18:47:41'),(1066,1248,1615,'2021-12-27 00:13:31'),(1067,1481,1602,'2020-07-28 01:26:54'),(1068,1557,904,'2018-11-16 17:31:17'),(1069,1724,901,'2016-02-08 04:13:58'),(1070,1563,915,'2016-03-17 16:26:12'),(1071,1095,926,'2021-09-02 13:41:20'),(1072,1170,930,'2020-08-19 21:07:01'),(1073,1941,1613,'2016-09-07 13:44:48'),(1074,1672,911,'2021-11-22 09:03:41'),(1075,1070,1656,'2016-07-21 01:26:51'),(1076,1331,931,'2021-07-25 13:15:03'),(1077,1230,906,'2018-04-10 11:28:17'),(1078,1853,1601,'2016-05-19 14:47:20'),(1079,1820,906,'2021-03-30 11:58:40'),(1080,1504,910,'2018-08-30 04:18:39'),(1081,1646,924,'2021-11-03 01:02:08'),(1082,1230,904,'2020-08-03 08:09:12'),(1083,1775,901,'2019-06-21 04:45:24'),(1084,1146,926,'2016-12-12 18:47:04'),(1085,1528,904,'2018-09-17 10:11:44'),(1086,1163,1605,'2018-08-22 03:59:19'),(1087,1175,901,'2016-12-27 03:27:10'),(1088,1173,932,'2020-07-21 00:10:41'),(1089,1794,1603,'2017-02-10 16:19:28'),(1090,1038,1666,'2020-01-27 12:15:21'),(1091,1460,900,'2016-07-19 22:02:37'),(1092,1712,925,'2016-01-22 10:13:20'),(1093,1670,913,'2021-07-28 14:17:11'),(1094,1591,910,'2020-08-27 16:39:32'),(1095,1486,926,'2017-02-13 00:46:43'),(1096,1874,1656,'2019-05-21 02:40:11'),(1097,1566,1666,'2020-03-01 09:59:02'),(1098,1862,928,'2021-06-13 23:34:05'),(1099,1740,1601,'2020-07-21 23:24:34'),(1100,1235,930,'2019-08-20 12:00:24'),(1101,1480,901,'2016-04-09 03:01:46'),(1102,1692,909,'2019-12-05 05:04:14'),(1103,1620,901,'2019-10-24 10:52:52'),(1104,1332,916,'2017-01-14 21:21:41'),(1105,1185,1603,'2017-12-10 07:22:04'),(1106,1886,1614,'2020-12-29 12:19:07'),(1107,1160,929,'2016-06-14 16:56:48'),(1108,1556,923,'2019-01-26 16:02:31'),(1109,1182,905,'2020-06-29 19:52:12'),(1110,1910,926,'2017-12-05 23:18:48'),(1111,1386,920,'2019-04-10 06:56:29'),(1112,1064,904,'2019-12-17 20:33:12'),(1113,2005,930,'2018-07-09 21:36:34'),(1114,1752,1601,'2016-06-16 12:52:07'),(1115,1302,909,'2016-06-09 01:43:37'),(1116,1373,921,'2017-10-11 05:10:16'),(1117,1146,915,'2016-11-19 01:30:34'),(1118,1135,1610,'2017-02-07 13:07:52'),(1119,1694,929,'2016-07-25 06:40:25'),(1120,1501,918,'2019-06-14 10:16:19'),(1121,1638,919,'2017-10-11 22:57:41'),(1122,1145,924,'2017-07-26 00:37:50'),(1123,1499,924,'2018-11-19 08:08:11'),(1124,1169,919,'2016-04-03 18:21:50'),(1125,1574,917,'2021-08-15 06:36:39'),(1126,1670,1656,'2017-09-10 04:33:34'),(1127,1799,905,'2021-11-14 05:03:03'),(1128,1704,911,'2017-09-06 06:41:48'),(1129,1040,909,'2021-09-04 23:26:23'),(1130,1543,1601,'2020-06-09 23:01:49'),(1131,1640,917,'2016-09-26 13:18:17'),(1132,1682,1603,'2021-11-25 09:03:09'),(1133,1783,932,'2019-12-10 12:52:28'),(1134,1477,910,'2019-04-15 17:33:50'),(1135,1535,1603,'2018-11-14 05:26:03'),(1136,1276,1661,'2018-07-08 07:25:10'),(1137,1052,900,'2021-09-02 00:26:15'),(1138,1756,921,'2017-11-29 01:47:22'),(1139,1912,921,'2021-06-04 03:24:34'),(1140,1069,1607,'2017-11-12 15:50:23'),(1141,1744,906,'2016-08-14 20:56:26'),(1142,1189,927,'2021-09-04 19:48:48'),(1143,1037,1603,'2017-09-15 10:49:35'),(1144,1451,1610,'2019-04-04 10:27:47'),(1145,1192,926,'2018-01-11 16:53:56'),(1146,1799,1601,'2016-08-21 12:24:35'),(1147,1041,1605,'2020-02-28 15:57:27'),(1148,1932,931,'2017-12-01 16:41:19'),(1149,1919,922,'2020-01-02 02:30:29'),(1150,1107,926,'2019-04-16 04:43:37'),(1151,1017,1614,'2021-08-19 20:27:04'),(1152,1193,901,'2020-05-27 23:57:32'),(1153,1944,926,'2018-09-21 11:33:07'),(1154,1101,1661,'2020-05-09 01:54:49'),(1155,1526,921,'2019-12-14 04:07:09'),(1156,1108,1605,'2018-06-13 01:37:46'),(1157,1222,923,'2021-08-01 02:36:43'),(1158,1454,909,'2020-12-25 04:15:53'),(1159,1491,1603,'2019-07-19 06:49:24'),(1160,1203,918,'2018-11-08 12:56:51'),(1161,1147,902,'2016-05-10 08:16:16'),(1162,1055,929,'2020-12-14 15:15:05'),(1163,1215,1661,'2016-04-25 14:48:41'),(1164,1629,1614,'2018-05-11 07:29:11'),(1165,1697,930,'2017-03-09 04:08:15'),(1166,1416,926,'2018-08-14 03:48:15'),(1167,1056,1602,'2020-01-15 21:14:48'),(1168,1105,923,'2019-05-15 21:04:49'),(1169,1792,916,'2016-12-25 00:51:30'),(1170,1262,926,'2019-11-14 05:21:32'),(1171,1589,916,'2016-07-02 00:32:58'),(1172,1878,921,'2019-02-04 04:11:31'),(1173,1541,900,'2021-05-26 09:06:40'),(1174,1963,1605,'2021-10-29 15:09:56'),(1175,1397,929,'2020-12-09 05:10:34'),(1176,1796,912,'2018-09-24 17:04:56'),(1177,1755,923,'2020-11-07 08:51:05'),(1178,1550,921,'2020-04-04 08:49:29'),(1179,1057,925,'2017-01-04 05:53:29'),(1180,1833,913,'2020-07-13 04:25:44'),(1181,1952,906,'2021-01-13 19:53:12'),(1182,1780,912,'2020-05-25 01:01:46'),(1183,1411,902,'2016-10-23 08:12:30'),(1184,1504,909,'2020-07-21 01:24:47'),(1185,1423,924,'2016-06-17 05:01:06'),(1186,1655,915,'2017-01-29 07:46:34'),(1187,1266,907,'2016-03-12 00:28:25'),(1188,1716,919,'2020-01-12 04:52:36'),(1189,1741,920,'2017-01-04 14:49:34'),(1190,1666,925,'2020-06-02 20:24:35'),(1191,1379,918,'2017-01-28 16:26:45'),(1192,1099,932,'2021-11-20 09:51:27'),(1193,1762,906,'2019-06-14 04:55:23'),(1194,1103,918,'2020-01-27 16:52:02'),(1195,1182,1601,'2019-04-05 11:05:00'),(1196,1677,1607,'2017-05-07 02:06:26'),(1197,1454,924,'2021-02-23 17:59:38'),(1198,1431,1614,'2019-04-16 20:53:36'),(1199,1849,905,'2018-07-01 13:53:31'),(1200,1404,1656,'2017-06-17 01:26:36'),(1201,1838,902,'2017-06-19 16:04:55'),(1202,1897,927,'2021-09-29 14:33:15'),(1203,1821,909,'2020-10-16 21:13:44'),(1204,1605,915,'2020-07-12 18:57:15'),(1205,1490,1603,'2020-04-07 07:56:21'),(1206,1942,923,'2019-09-11 05:26:33'),(1207,1747,901,'2020-05-26 07:36:51'),(1208,1380,921,'2019-12-24 03:30:31'),(1209,1852,913,'2016-06-02 22:38:40'),(1210,1552,900,'2016-03-29 21:43:16'),(1211,1482,1603,'2018-10-24 00:57:05'),(1212,1302,911,'2019-04-04 20:54:19'),(1213,1766,918,'2020-04-23 03:42:45'),(1214,1107,906,'2016-04-07 12:52:45'),(1215,1393,907,'2017-05-07 18:33:26'),(1216,1407,1615,'2017-10-18 22:08:25'),(1217,1816,907,'2020-12-31 15:54:22'),(1218,1932,922,'2017-06-21 21:43:44'),(1219,1659,1613,'2019-04-06 22:40:11'),(1220,1037,931,'2016-11-06 14:23:28'),(1221,1214,932,'2018-12-14 01:22:07'),(1222,1174,921,'2017-07-10 05:09:31'),(1223,1660,1614,'2019-05-31 00:17:41'),(1224,1676,911,'2021-07-26 22:45:05'),(1225,1778,925,'2020-11-18 19:01:49'),(1226,1715,1656,'2018-02-24 22:33:32'),(1227,1998,1615,'2020-02-26 09:00:40'),(1228,1647,1656,'2021-04-09 20:38:15'),(1229,1507,918,'2017-01-29 21:53:22'),(1230,1167,908,'2017-01-11 23:26:42'),(1231,1144,912,'2019-09-04 15:29:06'),(1232,1776,913,'2018-08-09 23:01:52'),(1233,1737,1610,'2019-04-14 11:28:25'),(1234,1080,929,'2019-03-05 15:51:43'),(1235,1300,1605,'2019-02-01 02:41:51'),(1236,1031,902,'2016-04-17 15:49:47'),(1237,1915,927,'2020-01-19 18:17:32'),(1238,1106,908,'2017-01-09 02:08:56'),(1239,1924,921,'2016-02-22 12:49:08'),(1240,1759,926,'2020-05-14 14:48:27'),(1241,1247,902,'2016-06-24 13:27:33'),(1242,1248,1614,'2019-02-01 12:06:44'),(1243,1696,925,'2019-02-04 05:08:53'),(1244,1982,1613,'2016-12-10 02:32:20'),(1245,1590,901,'2018-03-16 02:13:37'),(1246,1421,900,'2019-11-08 22:15:30'),(1247,1286,914,'2016-04-13 15:36:42'),(1248,1243,1610,'2020-09-28 17:39:03'),(1249,1929,1614,'2020-06-27 02:11:12'),(1250,1048,927,'2017-07-24 12:24:20'),(1251,1662,932,'2017-09-18 19:52:01'),(1252,1409,904,'2018-12-12 09:24:35'),(1253,1356,901,'2017-07-31 02:26:01'),(1254,1725,931,'2019-02-13 05:41:50'),(1255,1721,929,'2021-12-21 09:57:29'),(1256,1962,1615,'2021-08-19 07:54:56'),(1257,1222,912,'2018-09-24 06:51:09'),(1258,1344,905,'2020-06-14 03:48:47'),(1259,1854,922,'2021-02-24 13:26:29'),(1260,2007,1661,'2018-10-02 20:35:14'),(1261,1482,1602,'2021-03-09 08:50:17'),(1262,1428,920,'2017-10-29 11:04:23'),(1263,1920,920,'2020-09-24 03:47:10'),(1264,1939,923,'2016-01-30 22:12:44'),(1265,1661,1602,'2021-10-18 06:00:37'),(1266,1666,1666,'2016-11-25 08:00:19'),(1267,1520,914,'2020-05-15 21:36:38'),(1268,1024,925,'2019-10-29 14:58:02'),(1269,1740,905,'2017-01-17 11:07:52'),(1270,1485,1661,'2021-03-15 16:13:17'),(1271,1170,917,'2019-05-23 06:26:50'),(1272,1169,1603,'2018-05-21 15:52:49'),(1273,1769,1602,'2020-08-12 18:15:53'),(1274,1994,911,'2019-08-07 00:04:20'),(1275,1246,922,'2016-08-28 22:18:32'),(1276,1902,909,'2017-01-03 23:32:15'),(1277,1569,904,'2021-04-04 01:11:03'),(1278,1341,908,'2017-05-05 21:46:58'),(1279,1318,1601,'2019-03-24 19:06:08'),(1280,1670,1603,'2019-12-03 12:17:25'),(1281,1950,924,'2016-06-24 18:14:35'),(1282,1367,1615,'2020-07-21 04:39:51'),(1283,1199,917,'2017-01-24 20:22:01'),(1284,1407,914,'2019-10-15 13:44:46'),(1285,1100,924,'2016-08-17 20:12:19'),(1286,1692,904,'2020-02-19 06:07:13'),(1287,1534,900,'2021-04-23 21:45:58'),(1288,1393,928,'2020-11-26 04:48:13'),(1289,1842,929,'2017-11-22 16:09:34'),(1290,1192,902,'2018-07-25 08:40:32'),(1291,1280,1615,'2019-12-10 04:34:21'),(1292,1656,919,'2020-04-09 13:52:52'),(1293,1632,919,'2016-09-13 20:30:00'),(1294,1826,904,'2021-07-25 14:51:03'),(1295,1989,908,'2021-06-19 22:56:11'),(1296,1528,1614,'2021-10-18 06:06:25'),(1297,1735,929,'2017-03-27 08:18:47'),(1298,1672,1666,'2019-10-31 19:18:01'),(1299,2002,932,'2018-06-28 16:36:56'),(1300,1899,1656,'2018-02-04 07:28:33'),(1301,1064,1602,'2021-11-21 12:14:04'),(1302,1034,923,'2021-09-30 22:10:50'),(1303,1618,1656,'2020-10-27 20:44:11'),(1304,1846,906,'2017-11-21 23:35:50'),(1305,1229,903,'2021-02-20 15:21:19'),(1306,1651,920,'2016-06-13 23:21:08'),(1307,1457,931,'2018-02-18 14:59:32'),(1308,1250,908,'2016-07-12 18:19:22'),(1309,1670,907,'2019-11-20 00:52:20'),(1310,1937,925,'2017-08-15 09:59:52'),(1311,1309,1656,'2018-05-12 18:21:12'),(1312,1389,907,'2018-04-23 02:59:50'),(1313,1458,1615,'2016-07-20 23:34:38'),(1314,1822,1607,'2019-04-27 00:23:52'),(1315,1425,922,'2021-06-03 00:30:24'),(1316,1777,905,'2017-10-23 11:16:52'),(1317,1907,1614,'2020-07-10 10:11:43'),(1318,1543,914,'2016-05-18 08:18:42'),(1319,1783,1614,'2017-02-27 11:48:46'),(1320,1933,932,'2016-10-16 07:46:56'),(1321,1291,902,'2018-09-17 19:43:10'),(1322,1361,916,'2021-05-19 18:02:22'),(1323,1145,929,'2018-03-14 05:24:15'),(1324,1135,932,'2016-10-26 02:38:07'),(1325,1400,925,'2017-06-16 17:38:08'),(1326,1908,1656,'2020-07-02 21:22:40'),(1327,1148,927,'2021-03-13 09:39:39'),(1328,1115,1607,'2021-05-04 13:15:50'),(1329,1186,925,'2018-10-05 15:22:14'),(1330,1704,912,'2021-01-20 06:02:00'),(1331,1601,923,'2021-05-08 01:14:07'),(1332,1069,901,'2021-03-31 17:44:53'),(1333,1605,929,'2016-05-18 14:07:59'),(1334,1156,915,'2020-09-02 09:12:08'),(1335,1217,927,'2017-02-13 22:04:34'),(1336,1586,924,'2017-06-26 08:50:23'),(1337,1264,916,'2017-12-13 21:42:58'),(1338,1309,927,'2021-03-05 14:11:36'),(1339,1789,1661,'2018-01-17 00:28:13'),(1340,1413,908,'2016-09-13 08:49:13'),(1341,1360,928,'2019-08-31 13:12:05'),(1342,1739,1666,'2018-04-08 11:35:20'),(1343,1735,908,'2016-12-02 10:40:49'),(1344,1445,928,'2019-03-03 10:44:35'),(1345,1985,928,'2016-03-24 07:50:04'),(1346,1640,913,'2016-01-04 00:57:46'),(1347,1745,1666,'2019-12-03 09:31:44'),(1348,1843,921,'2018-12-07 17:10:30'),(1349,1315,925,'2020-03-20 19:33:05'),(1350,1161,902,'2021-04-15 23:49:38'),(1351,1480,1613,'2017-11-03 05:05:14'),(1352,1490,1605,'2021-12-27 10:12:44'),(1353,1493,919,'2021-08-03 09:18:50'),(1354,1967,906,'2016-04-01 22:04:06'),(1355,1604,1615,'2017-05-20 06:46:40'),(1356,1023,910,'2021-07-14 19:25:18'),(1357,1752,903,'2019-04-10 07:51:39'),(1358,1167,1603,'2021-10-20 12:58:57'),(1359,1631,924,'2016-02-13 18:53:59'),(1360,1848,906,'2017-01-31 00:45:44'),(1361,1890,906,'2016-08-17 11:26:30'),(1362,1685,903,'2018-06-07 13:57:52'),(1363,1383,1605,'2021-08-30 10:38:46'),(1364,1577,930,'2019-02-15 21:39:05'),(1365,1878,1602,'2018-01-15 11:28:49'),(1366,1632,906,'2019-05-23 06:26:32'),(1367,1146,920,'2019-11-09 16:19:05'),(1368,1809,927,'2019-08-26 21:53:23'),(1369,1861,916,'2017-11-25 04:50:41'),(1370,1334,1607,'2016-11-12 15:44:59'),(1371,1421,1613,'2019-09-08 21:23:47'),(1372,1011,901,'2017-06-11 00:12:04'),(1373,1043,926,'2018-10-03 11:33:22'),(1374,1272,930,'2017-02-22 18:51:39'),(1375,1561,926,'2019-10-31 23:57:42'),(1376,1768,902,'2021-12-04 16:06:33'),(1377,1192,914,'2020-05-22 04:38:37'),(1378,1785,900,'2017-09-19 06:49:44'),(1379,1906,1602,'2017-01-13 05:07:12'),(1380,1042,912,'2019-09-06 20:07:46'),(1381,1633,913,'2020-12-17 15:44:57'),(1382,1488,917,'2019-10-12 17:34:53'),(1383,1965,914,'2020-03-31 15:39:28'),(1384,1660,1602,'2020-12-27 00:16:07'),(1385,1426,932,'2020-01-30 23:38:54'),(1386,1020,1613,'2018-09-01 20:57:43'),(1387,1654,907,'2016-08-27 21:07:15'),(1388,1525,904,'2021-06-22 09:58:59'),(1389,1619,914,'2021-10-29 04:23:31'),(1390,1951,912,'2017-06-21 12:46:01'),(1391,1052,1613,'2016-07-16 13:19:28'),(1392,1947,1666,'2019-12-14 00:26:25'),(1393,1684,918,'2021-05-12 04:07:19'),(1394,1627,907,'2017-08-18 01:02:51'),(1395,1049,1610,'2020-10-23 19:34:30'),(1396,1388,927,'2021-04-19 04:49:15'),(1397,1726,1614,'2021-05-03 03:09:00'),(1398,1186,931,'2021-10-20 09:38:37'),(1399,1089,1605,'2021-11-12 15:24:21'),(1400,1047,1605,'2017-01-21 00:13:58'),(1401,1568,1613,'2016-10-03 01:57:46'),(1402,1594,927,'2021-11-05 19:29:25'),(1403,1886,921,'2021-03-01 19:01:55'),(1404,1377,909,'2017-08-02 13:44:41'),(1405,1155,907,'2019-06-17 02:51:26'),(1406,1676,916,'2019-03-01 00:12:58'),(1407,1445,914,'2017-05-22 16:10:07'),(1408,1028,923,'2016-11-23 21:12:19'),(1409,1114,1656,'2016-01-06 06:57:04'),(1410,1509,1613,'2020-11-03 23:08:03'),(1411,1314,912,'2021-03-04 01:36:00'),(1412,1306,932,'2017-08-10 01:48:01'),(1413,1881,925,'2016-05-29 19:08:16'),(1414,1062,903,'2018-08-20 23:49:06'),(1415,1635,913,'2019-01-13 13:00:06'),(1416,1415,927,'2017-04-29 22:48:45'),(1417,1744,930,'2016-04-11 13:19:22'),(1418,1414,931,'2017-01-09 14:50:23'),(1419,1883,920,'2016-07-08 17:45:21'),(1420,1892,921,'2018-09-01 10:57:14'),(1421,1644,1607,'2017-03-17 01:37:08'),(1422,1848,913,'2017-09-21 16:28:34'),(1423,1989,1607,'2019-06-27 14:25:57'),(1424,1120,917,'2016-05-12 10:28:50'),(1425,1308,910,'2021-08-24 12:36:51'),(1426,1199,1602,'2018-07-31 12:09:04'),(1427,1587,1610,'2021-10-31 11:53:46'),(1428,1857,906,'2020-05-18 02:59:09'),(1429,1075,917,'2021-11-27 07:33:37'),(1430,1405,900,'2021-08-27 04:56:16'),(1431,1754,914,'2019-05-13 14:15:09'),(1432,1216,900,'2019-04-27 08:08:02'),(1433,1262,911,'2021-06-10 14:22:31'),(1434,1115,930,'2018-11-19 12:32:57'),(1435,1684,915,'2021-02-01 13:03:19'),(1436,1731,1601,'2018-01-17 11:26:39'),(1437,1355,925,'2019-01-23 16:44:27'),(1438,1195,1666,'2016-08-13 00:20:14'),(1439,1409,920,'2016-08-08 16:08:30'),(1440,1419,1656,'2018-12-08 16:15:42'),(1441,1676,921,'2017-09-01 15:25:48'),(1442,1801,916,'2019-09-08 13:21:22'),(1443,1546,908,'2016-11-23 10:11:40'),(1444,1190,900,'2018-03-06 17:06:32'),(1445,1559,903,'2018-09-03 11:39:55'),(1446,1704,918,'2016-07-09 21:37:53'),(1447,1813,1615,'2019-03-24 17:31:35'),(1448,1599,1610,'2019-02-01 04:08:41'),(1449,1395,923,'2019-05-28 18:58:04'),(1450,1649,1613,'2017-02-11 05:37:15'),(1451,1710,928,'2021-10-13 04:37:22'),(1452,1329,906,'2020-06-25 11:59:57'),(1453,1569,1602,'2018-02-24 12:18:54'),(1454,1845,925,'2020-09-06 20:02:08'),(1455,1304,927,'2018-09-11 19:16:58'),(1456,1131,924,'2019-06-30 04:59:34'),(1457,1228,913,'2017-06-27 03:28:30'),(1458,1380,930,'2019-08-31 13:43:08'),(1459,1880,1661,'2016-07-16 14:28:15'),(1460,1141,904,'2017-09-26 08:21:13'),(1461,1767,922,'2018-07-31 11:09:43'),(1462,1471,1613,'2018-04-30 15:31:11'),(1463,1617,929,'2016-06-03 08:37:01'),(1464,1736,910,'2021-01-08 20:57:09'),(1465,1258,918,'2018-08-27 01:17:59'),(1466,1471,914,'2016-09-17 03:52:18'),(1467,1482,900,'2020-01-08 17:21:03'),(1468,1620,1601,'2021-03-06 17:24:38'),(1469,1864,900,'2020-10-18 14:09:04'),(1470,1224,915,'2020-12-27 08:58:30'),(1471,1776,1613,'2018-08-01 09:59:22'),(1472,1875,901,'2016-04-01 15:54:23'),(1473,1569,903,'2017-03-02 05:25:41'),(1474,1760,1603,'2020-08-31 01:09:50'),(1475,1265,1610,'2018-11-23 08:34:05'),(1476,1074,910,'2021-12-24 11:08:44'),(1477,1854,929,'2018-11-23 12:09:03'),(1478,1522,924,'2018-02-19 19:24:49'),(1479,1887,922,'2017-01-03 22:25:55'),(1480,1592,1610,'2021-04-15 08:18:02'),(1481,1190,901,'2016-02-27 14:40:43'),(1482,1087,1614,'2021-08-29 21:42:13'),(1483,1348,1602,'2020-05-29 01:16:55'),(1484,1735,923,'2019-09-30 18:04:05'),(1485,1500,922,'2019-03-14 09:20:51'),(1486,1148,900,'2021-06-07 21:28:05'),(1487,1104,910,'2021-01-20 08:50:18'),(1488,1160,902,'2016-08-03 05:10:36'),(1489,1747,1601,'2019-09-05 16:24:46'),(1490,1846,913,'2021-11-26 20:25:47'),(1491,1837,1603,'2019-08-24 00:28:08'),(1492,1827,1601,'2016-01-23 18:20:55'),(1493,1351,905,'2016-01-23 00:37:25'),(1494,1234,916,'2016-03-13 17:06:01'),(1495,1899,911,'2019-02-12 00:04:21'),(1496,1195,905,'2016-09-13 05:22:19'),(1497,1153,913,'2021-05-05 16:36:01'),(1498,1289,1614,'2017-03-17 00:04:14'),(1499,1653,912,'2020-10-13 00:28:01'),(1500,1480,914,'2020-10-11 14:17:17'),(1501,1415,917,'2019-12-24 05:32:37'),(1502,1704,930,'2019-04-01 08:32:15'),(1503,1686,1601,'2020-08-31 10:23:52'),(1504,1806,928,'2016-11-08 05:27:45'),(1505,1749,1607,'2017-04-27 18:14:59'),(1506,1870,909,'2020-02-06 16:52:43'),(1507,1265,926,'2021-04-14 02:43:26'),(1508,1755,917,'2018-01-11 18:17:29'),(1509,1620,903,'2019-12-24 09:12:21'),(1510,1815,927,'2020-11-09 16:50:28'),(1511,1461,903,'2016-06-04 22:30:35'),(1512,1670,1610,'2019-08-16 23:03:56'),(1513,1621,904,'2018-04-23 05:18:58'),(1514,1718,920,'2016-02-04 16:32:10'),(1515,1433,930,'2021-10-27 00:03:04'),(1516,1987,900,'2019-12-20 18:55:00'),(1517,1123,920,'2019-07-21 17:33:41'),(1518,1583,904,'2020-05-31 12:33:30'),(1519,1489,904,'2019-09-28 13:20:38'),(1520,1739,929,'2019-06-29 13:30:28'),(1521,1682,909,'2017-02-20 23:13:09'),(1522,1458,1661,'2017-03-23 19:42:14'),(1523,1765,930,'2016-02-09 06:33:44'),(1524,1408,911,'2018-06-26 03:03:45'),(1525,2007,913,'2016-12-11 16:34:10'),(1526,1771,908,'2017-11-30 05:06:29'),(1527,1298,916,'2018-01-29 21:06:35'),(1528,1158,918,'2018-09-05 13:10:12'),(1529,1766,921,'2016-08-08 07:21:12'),(1530,1846,1603,'2019-07-18 11:44:20'),(1531,1628,1607,'2019-06-27 06:58:26'),(1532,1530,921,'2019-06-25 04:35:11'),(1533,1479,904,'2021-12-02 19:45:47'),(1534,1520,1656,'2021-01-06 21:39:56'),(1535,1322,1603,'2016-03-08 18:17:18'),(1536,1949,905,'2018-05-17 04:22:05'),(1537,1440,931,'2018-04-10 05:51:35'),(1538,1623,1607,'2021-02-04 10:26:58'),(1539,1293,1614,'2017-08-28 15:19:17'),(1540,1900,1666,'2017-03-27 14:45:14'),(1541,1364,908,'2017-12-23 07:16:39'),(1542,1251,905,'2018-02-09 15:14:01'),(1543,1886,901,'2016-02-20 19:42:19'),(1544,1621,915,'2019-05-10 01:14:10'),(1545,1905,911,'2017-09-09 13:07:50'),(1546,1840,915,'2021-07-31 16:57:58'),(1547,2000,909,'2017-11-20 08:43:09'),(1548,1440,932,'2016-05-07 16:57:19'),(1549,1147,905,'2020-04-15 04:45:26'),(1550,1304,907,'2017-11-24 03:54:39'),(1551,1888,1602,'2017-12-19 01:05:46'),(1552,1471,1656,'2018-11-28 03:03:59'),(1553,1178,918,'2019-09-28 04:40:21'),(1554,1453,930,'2018-07-20 20:08:32'),(1555,1551,924,'2020-02-16 00:33:50'),(1556,1475,1610,'2016-03-18 21:04:24'),(1557,1733,1614,'2021-04-04 07:06:36'),(1558,1964,914,'2018-09-12 17:59:42'),(1559,1275,909,'2016-11-16 15:02:07'),(1560,1237,903,'2016-04-05 10:14:22'),(1561,1784,1656,'2020-10-15 22:46:09'),(1562,1032,918,'2020-05-29 20:10:37'),(1563,1076,1614,'2017-04-01 16:59:18'),(1564,1942,914,'2016-04-13 15:24:57'),(1565,1705,907,'2017-09-11 18:35:38'),(1566,1144,922,'2018-07-08 10:12:41'),(1567,1162,929,'2017-04-06 21:20:11'),(1568,1452,913,'2018-02-07 09:25:19'),(1569,1993,1610,'2018-05-04 23:46:11'),(1570,1230,1605,'2020-05-12 03:00:54'),(1571,1827,1615,'2021-01-26 09:28:16'),(1572,1113,928,'2019-10-14 23:27:56'),(1573,1910,902,'2019-07-07 00:44:09'),(1574,1757,913,'2017-12-30 07:56:22'),(1575,1642,905,'2020-03-21 00:35:44'),(1576,1385,929,'2018-01-17 04:27:52'),(1577,1660,905,'2020-09-05 03:56:48'),(1578,1118,1661,'2019-02-01 20:17:39'),(1579,1387,917,'2018-10-06 10:34:09'),(1580,1920,906,'2018-02-21 19:43:45'),(1581,1547,1613,'2019-10-25 15:30:06'),(1582,1255,1614,'2021-05-28 18:05:25'),(1583,1235,926,'2018-12-25 17:56:48'),(1584,1773,1601,'2017-10-06 07:23:09'),(1585,1972,920,'2018-09-08 09:08:56'),(1586,1257,915,'2019-03-31 06:51:40'),(1587,1269,921,'2019-10-09 20:03:06'),(1588,1311,927,'2020-12-04 13:28:40'),(1589,1950,931,'2019-12-27 04:04:30'),(1590,1812,930,'2017-02-27 07:23:12'),(1591,1431,909,'2019-06-24 06:53:56'),(1592,1803,1610,'2018-05-23 08:23:49'),(1593,1213,906,'2016-05-22 08:27:45'),(1594,1481,906,'2017-08-20 18:10:04'),(1595,1147,929,'2019-03-25 07:13:28'),(1596,1167,1656,'2021-05-04 06:00:56'),(1597,1226,910,'2019-02-07 21:31:42'),(1598,1244,1601,'2017-04-18 14:33:56'),(1599,1329,1656,'2016-08-02 15:02:53'),(1600,1646,909,'2016-12-16 18:25:32'),(1601,1125,1610,'2018-04-11 16:45:39'),(1602,1532,1610,'2016-01-27 12:46:09'),(1603,1074,1614,'2016-04-13 03:00:08'),(1604,1257,924,'2018-06-02 14:43:05'),(1605,1662,1610,'2021-03-11 21:41:40'),(1606,1328,921,'2020-07-18 09:36:59'),(1607,1087,1656,'2021-07-14 08:04:31'),(1608,1566,1602,'2019-12-26 15:07:06'),(1609,1484,927,'2018-03-13 10:16:03'),(1610,1287,927,'2021-03-19 10:55:09'),(1611,1488,1661,'2017-12-04 15:48:16'),(1612,1063,911,'2018-11-16 01:08:15'),(1613,1349,1603,'2020-09-17 19:50:09'),(1614,1452,911,'2017-11-07 06:26:01'),(1615,1632,900,'2018-10-17 14:32:12'),(1616,1081,918,'2019-01-02 11:21:11'),(1617,1964,901,'2016-04-27 07:17:43'),(1618,1541,918,'2019-01-28 02:04:59'),(1619,1902,1602,'2019-09-26 15:56:26'),(1620,1071,906,'2020-12-07 00:32:41'),(1621,1064,922,'2016-03-11 03:27:02'),(1622,1950,930,'2016-09-12 05:20:55'),(1623,1895,1666,'2020-06-21 18:53:14'),(1624,1203,1602,'2018-02-05 08:25:34'),(1625,1929,909,'2021-03-08 22:32:25'),(1626,1127,913,'2021-10-04 02:27:10'),(1627,1070,926,'2021-03-13 10:33:34'),(1628,1809,920,'2019-12-08 14:48:51'),(1629,1589,908,'2020-05-04 01:38:35'),(1630,1342,930,'2019-01-25 11:43:45'),(1631,1629,1605,'2018-12-05 04:24:04'),(1632,1728,927,'2018-07-13 00:12:46'),(1633,1777,918,'2017-11-09 05:36:25'),(1634,1186,1603,'2017-09-07 13:34:50'),(1635,1957,924,'2018-03-03 00:29:16'),(1636,1998,1613,'2021-01-11 21:00:22'),(1637,1011,927,'2021-03-07 00:20:12'),(1638,1942,1602,'2019-03-26 14:50:54'),(1639,1962,1605,'2021-11-01 13:25:44'),(1640,1399,1607,'2016-06-13 06:13:04'),(1641,1372,921,'2016-08-21 15:33:51'),(1642,1886,905,'2019-08-25 11:18:47'),(1643,1698,923,'2020-01-26 20:10:24'),(1644,1313,906,'2016-09-23 19:48:05'),(1645,1243,920,'2019-03-24 13:34:32'),(1646,1898,1607,'2021-09-22 09:33:18'),(1647,1404,905,'2019-01-08 19:55:12'),(1648,1318,900,'2018-12-27 10:43:31'),(1649,1276,1602,'2016-01-17 10:19:59'),(1650,1236,1615,'2020-03-27 02:40:29'),(1651,1741,1661,'2021-08-04 12:59:56'),(1652,1191,1607,'2020-12-09 07:52:10'),(1653,1296,1610,'2021-07-26 01:24:31'),(1654,1934,907,'2018-01-12 01:05:11'),(1655,1909,900,'2018-07-02 15:58:45'),(1656,1290,903,'2021-11-16 22:27:07'),(1657,1774,900,'2020-04-05 06:07:04'),(1658,1293,928,'2017-03-26 23:05:52'),(1659,1624,1614,'2018-04-03 13:39:38'),(1660,1064,920,'2018-08-18 01:23:01'),(1661,1735,914,'2021-03-19 03:24:48'),(1662,1108,914,'2021-03-07 01:30:26'),(1663,1193,905,'2016-08-02 09:27:57'),(1664,1886,922,'2019-07-24 08:54:10'),(1665,1391,1661,'2019-12-09 03:41:12'),(1666,1455,924,'2021-04-29 11:11:26'),(1667,1865,917,'2018-07-24 06:49:54'),(1668,1085,1615,'2021-02-02 20:29:33'),(1669,1255,1615,'2018-10-13 03:03:17'),(1670,1557,1603,'2020-04-29 19:27:46'),(1671,1853,906,'2021-01-24 03:06:46'),(1672,1088,929,'2019-09-15 19:01:51'),(1673,1040,913,'2019-08-11 13:43:04'),(1674,1520,931,'2020-04-29 18:11:11'),(1675,1229,1610,'2020-12-19 12:19:35'),(1676,1618,902,'2018-02-06 03:05:40'),(1677,1682,1656,'2018-07-05 15:41:09'),(1678,1109,907,'2018-10-15 16:55:22'),(1679,1681,923,'2020-11-11 14:09:50'),(1680,1425,1656,'2016-04-26 22:23:19'),(1681,1730,923,'2021-03-10 19:28:10'),(1682,1234,924,'2020-02-21 00:47:10'),(1683,1894,924,'2017-04-02 10:34:40'),(1684,1723,906,'2019-07-31 14:14:07'),(1685,1834,930,'2020-08-24 08:04:36'),(1686,1481,1614,'2018-01-04 15:29:18'),(1687,1126,930,'2016-09-09 05:58:37'),(1688,1043,1661,'2017-09-15 04:06:31'),(1689,1722,908,'2017-02-04 16:41:25'),(1690,1168,912,'2020-01-15 18:37:43'),(1691,1526,1614,'2019-05-26 16:04:32'),(1692,1208,1603,'2017-10-09 18:19:45'),(1693,1380,902,'2019-05-28 16:54:17'),(1694,1153,927,'2018-10-31 12:45:42'),(1695,1081,917,'2019-07-21 05:53:38'),(1696,1747,912,'2020-08-05 09:25:18'),(1697,1069,1601,'2017-01-22 21:09:39'),(1698,1989,1602,'2019-12-14 12:52:01'),(1699,1633,931,'2020-08-20 08:14:57'),(1700,1818,928,'2018-09-25 16:48:20'),(1701,1240,921,'2018-07-11 16:42:20'),(1702,1592,1613,'2018-05-23 03:47:17'),(1703,1909,911,'2021-04-25 02:16:00'),(1704,1830,900,'2019-10-23 00:54:13'),(1705,1556,1661,'2018-04-12 10:56:52'),(1706,1945,904,'2021-12-13 21:28:29'),(1707,1350,932,'2020-12-14 22:10:52'),(1708,1461,923,'2019-02-21 10:57:20'),(1709,1046,929,'2019-10-06 07:57:24'),(1710,1393,915,'2021-09-04 21:36:32'),(1711,1836,1613,'2019-09-26 08:00:57'),(1712,1385,1601,'2021-07-04 01:23:28'),(1713,1605,1607,'2018-08-13 15:04:55'),(1714,1246,928,'2017-03-05 08:11:32'),(1715,1345,925,'2021-10-31 13:56:12'),(1716,1473,1615,'2016-07-02 16:41:50'),(1717,1703,922,'2021-06-30 23:10:17'),(1718,1955,1661,'2017-07-05 06:16:59'),(1719,1328,1610,'2017-12-16 11:06:56'),(1720,1203,927,'2018-07-07 22:26:15'),(1721,1331,917,'2017-09-28 07:06:48'),(1722,1509,905,'2018-09-18 14:04:15'),(1723,1016,917,'2017-06-27 22:35:32'),(1724,1186,908,'2018-08-11 01:14:19'),(1725,1352,1610,'2016-01-27 14:16:33'),(1726,1731,917,'2019-05-19 09:52:50'),(1727,1143,927,'2021-05-29 00:27:35'),(1728,1401,1615,'2021-01-27 10:35:42'),(1729,1026,900,'2020-01-02 20:02:13'),(1730,1313,1603,'2019-06-24 15:31:53'),(1731,1072,911,'2016-10-06 15:08:37'),(1732,1499,912,'2017-04-26 07:42:59'),(1733,1311,1603,'2020-01-27 06:45:11'),(1734,1148,928,'2016-08-29 08:58:15'),(1735,1245,909,'2017-09-25 18:49:37'),(1736,1172,1614,'2018-01-20 02:27:48'),(1737,1281,917,'2016-04-29 20:45:03'),(1738,1544,919,'2016-08-19 12:00:54'),(1739,1354,1666,'2020-09-03 12:25:04'),(1740,1842,913,'2018-03-25 01:52:52'),(1741,1705,905,'2016-06-29 12:52:44'),(1742,1718,928,'2021-11-15 12:28:52'),(1743,1534,906,'2018-02-27 04:49:51'),(1744,1159,931,'2021-09-12 21:06:05'),(1745,1513,1610,'2021-02-11 23:39:16'),(1746,1398,927,'2016-12-08 00:03:14'),(1747,1955,928,'2018-05-31 02:03:14'),(1748,1964,904,'2019-11-12 14:35:52'),(1749,1714,918,'2016-05-25 04:24:02'),(1750,1524,923,'2017-01-16 23:32:17'),(1751,1428,1602,'2017-07-10 04:39:29'),(1752,1387,1661,'2019-01-29 17:44:12'),(1753,1020,1607,'2018-04-13 11:49:55'),(1754,1418,926,'2019-11-18 16:35:58'),(1755,1550,929,'2020-07-11 13:59:09'),(1756,1713,900,'2018-03-31 12:40:53'),(1757,1732,919,'2018-04-15 13:22:05'),(1758,1890,902,'2020-08-02 11:13:27'),(1759,1799,909,'2021-11-26 00:53:50'),(1760,1054,910,'2017-02-24 05:14:55'),(1761,1367,909,'2017-07-15 05:32:15'),(1762,1238,906,'2017-08-31 10:46:14'),(1763,1811,1601,'2016-09-19 23:49:27'),(1764,1418,915,'2018-11-26 20:36:49'),(1765,1605,1613,'2019-01-12 20:32:07'),(1766,1702,1607,'2018-08-04 07:13:18'),(1767,1110,1603,'2018-08-20 13:08:03'),(1768,1302,903,'2017-09-07 12:41:05'),(1769,1993,923,'2019-10-09 14:19:16'),(1770,1101,1613,'2021-10-07 14:50:05'),(1771,1572,910,'2018-11-24 02:08:00'),(1772,1749,913,'2017-05-11 11:59:26'),(1773,1685,923,'2018-02-20 12:45:19'),(1774,1497,908,'2017-03-12 14:58:15'),(1775,1779,1610,'2017-03-22 13:05:55'),(1776,1621,910,'2021-11-19 19:58:14'),(1777,1874,1615,'2016-04-12 01:21:08'),(1778,1869,909,'2016-02-23 11:31:40'),(1779,1970,907,'2016-03-17 15:25:12'),(1780,1821,924,'2018-02-06 22:37:29'),(1781,1885,1602,'2019-07-14 23:56:05'),(1782,1845,932,'2021-03-22 04:29:16'),(1783,1155,1614,'2017-11-28 22:00:29'),(1784,1380,917,'2021-09-16 13:28:35'),(1785,1692,932,'2019-11-25 04:56:19'),(1786,1373,903,'2021-06-07 16:01:45'),(1787,1027,900,'2017-06-16 11:46:41'),(1788,1928,909,'2021-10-20 16:32:15'),(1789,1597,1603,'2018-07-05 00:36:01'),(1790,1371,904,'2016-08-21 16:24:01'),(1791,2001,915,'2019-07-06 16:30:06'),(1792,1781,902,'2018-02-12 15:18:10'),(1793,1453,932,'2019-10-16 03:53:15'),(1794,1231,913,'2019-12-19 05:27:29'),(1795,1914,917,'2018-12-15 09:38:57'),(1796,1637,931,'2021-04-11 20:49:10'),(1797,1577,1614,'2016-11-11 09:46:41'),(1798,1011,1601,'2016-05-21 13:26:30'),(1799,1427,1666,'2019-11-16 12:43:38'),(1800,1835,921,'2017-06-20 23:54:51'),(1801,1410,911,'2019-06-20 06:14:09'),(1802,1214,908,'2017-08-05 09:25:24'),(1803,1268,901,'2018-06-13 03:34:47'),(1804,1786,1601,'2016-07-17 12:40:45'),(1805,1577,1613,'2021-12-02 07:44:42'),(1806,1326,928,'2018-09-16 05:09:14'),(1807,1554,923,'2019-07-04 03:34:47'),(1808,1166,924,'2019-09-03 00:52:53'),(1809,1320,902,'2018-01-18 08:14:15'),(1810,1963,1603,'2016-02-24 20:00:38'),(1811,1072,1661,'2019-04-13 13:48:51'),(1812,1210,909,'2018-09-10 11:53:57'),(1813,1983,920,'2018-07-31 21:23:03'),(1814,1080,931,'2021-10-01 18:37:04'),(1815,1761,902,'2018-12-08 07:17:31'),(1816,1296,909,'2016-11-09 20:31:54'),(1817,1504,904,'2016-08-10 06:16:09'),(1818,1931,1603,'2017-05-12 08:27:19'),(1819,1101,909,'2016-06-19 17:56:36'),(1820,1192,907,'2016-11-03 19:15:41'),(1821,1256,919,'2020-06-07 19:47:33'),(1822,1782,926,'2016-07-14 17:03:34'),(1823,1478,907,'2016-05-17 08:35:35'),(1824,1992,927,'2018-09-19 03:48:35'),(1825,1490,918,'2017-04-13 04:01:11'),(1826,1726,927,'2018-11-15 06:25:00'),(1827,1742,1615,'2021-02-28 04:02:26'),(1828,1393,910,'2019-03-31 00:17:30'),(1829,1041,1601,'2021-04-26 01:26:44'),(1830,1177,903,'2019-11-18 13:18:48'),(1831,1206,927,'2020-09-06 15:47:15'),(1832,1354,923,'2017-01-24 08:48:21'),(1833,1577,1610,'2016-10-22 01:01:22'),(1834,1789,912,'2017-07-27 14:15:40'),(1835,1269,910,'2019-09-08 04:40:11'),(1836,1974,1661,'2017-08-23 00:26:45'),(1837,1395,911,'2016-06-10 16:58:09'),(1838,1355,918,'2021-01-04 10:30:44'),(1839,2003,1661,'2016-08-23 16:39:46'),(1840,1704,905,'2019-03-11 10:31:57'),(1841,1340,914,'2016-06-13 07:32:29'),(1842,1786,931,'2016-01-06 12:37:08'),(1843,1249,924,'2020-08-04 08:08:56'),(1844,1671,909,'2017-12-25 21:24:52'),(1845,1936,911,'2018-05-25 15:01:03'),(1846,1439,920,'2020-04-07 17:38:10'),(1847,1976,928,'2020-07-19 06:36:09'),(1848,1440,930,'2021-05-23 04:33:12'),(1849,1162,1661,'2020-03-19 08:00:36'),(1850,1266,905,'2016-03-16 18:49:09'),(1851,1408,908,'2021-05-14 01:52:14'),(1852,1734,929,'2017-10-28 01:18:19'),(1853,1605,905,'2020-02-14 11:44:57'),(1854,1560,912,'2016-01-05 10:52:26'),(1855,1619,1661,'2017-06-28 05:01:31'),(1856,1976,913,'2019-12-07 08:03:27'),(1857,1245,902,'2018-11-04 18:03:32'),(1858,1161,926,'2016-07-31 22:50:31'),(1859,1023,929,'2020-10-15 22:21:37'),(1860,1617,1661,'2019-01-17 16:52:01'),(1861,1059,1661,'2016-09-21 13:31:29'),(1862,1980,908,'2018-02-12 10:54:50'),(1863,1187,1614,'2020-06-24 06:31:24'),(1864,1280,927,'2018-09-16 03:58:30'),(1865,1540,905,'2017-02-09 05:34:27'),(1866,1835,909,'2016-07-18 16:15:11'),(1867,1179,1656,'2018-02-15 20:47:27'),(1868,1956,903,'2016-09-04 22:47:11'),(1869,1964,909,'2016-06-24 12:06:28'),(1870,1685,905,'2019-12-14 10:25:56'),(1871,1219,910,'2017-09-15 14:04:23'),(1872,1050,920,'2019-04-24 12:06:57'),(1873,1372,929,'2021-08-27 06:54:54'),(1874,1894,925,'2017-12-14 19:58:47'),(1875,1028,1610,'2018-11-04 16:45:05'),(1876,1837,902,'2019-02-18 11:39:42'),(1877,1370,927,'2020-08-11 11:13:03'),(1878,1851,1607,'2016-04-13 06:27:25'),(1879,1905,922,'2016-10-11 04:45:36'),(1880,1708,908,'2018-02-17 11:25:50'),(1881,1414,906,'2019-04-30 15:08:59'),(1882,1196,916,'2018-11-25 07:29:52'),(1883,1978,1607,'2019-05-23 12:21:01'),(1884,1956,1656,'2020-06-21 17:46:50'),(1885,1330,919,'2016-01-02 02:43:13'),(1886,1621,913,'2016-01-09 10:45:19'),(1887,1832,918,'2021-01-08 18:58:51'),(1888,1169,911,'2021-08-09 15:54:11'),(1889,1673,1613,'2018-08-25 20:41:37'),(1890,1445,1661,'2017-03-03 14:46:48'),(1891,1821,914,'2020-07-05 09:17:21'),(1892,1441,901,'2017-12-15 11:11:01'),(1893,1665,925,'2020-07-27 21:53:51'),(1894,1321,902,'2017-12-05 08:37:21'),(1895,1730,1613,'2016-01-23 14:18:32'),(1896,1878,911,'2021-12-19 02:49:59'),(1897,1514,913,'2019-09-26 20:44:46'),(1898,1047,1613,'2021-08-25 09:15:49'),(1899,1200,904,'2017-08-08 20:52:52'),(1900,1904,919,'2019-12-29 21:14:03'),(1901,1466,930,'2020-05-12 17:03:45'),(1902,1304,915,'2019-02-12 20:34:48'),(1903,1990,916,'2018-06-02 13:40:26'),(1904,1557,915,'2016-06-19 22:43:00'),(1905,1934,1607,'2018-05-10 21:39:12'),(1906,1676,1602,'2016-11-13 22:28:40'),(1907,1654,904,'2017-04-27 10:27:56'),(1908,1353,1603,'2017-02-17 05:38:02'),(1909,1632,1601,'2021-02-13 20:27:07'),(1910,1932,1603,'2019-07-20 16:10:36'),(1911,1629,921,'2018-11-28 21:33:43'),(1912,1304,930,'2018-03-01 21:13:24'),(1913,1611,917,'2017-10-19 07:15:44'),(1914,1435,904,'2019-06-20 11:45:30'),(1915,1254,918,'2019-05-24 13:09:25'),(1916,1658,922,'2019-10-29 20:46:18'),(1917,1603,915,'2021-12-04 08:00:21'),(1918,1131,915,'2017-07-18 07:56:04'),(1919,1217,931,'2021-09-05 11:08:25'),(1920,1485,914,'2019-05-03 15:17:08'),(1921,1009,1666,'2019-06-21 21:17:26'),(1922,1635,903,'2019-08-03 06:39:38'),(1923,1080,904,'2019-06-20 14:00:45'),(1924,1617,919,'2018-08-02 15:04:10'),(1925,1881,906,'2019-10-21 16:09:02'),(1926,1230,914,'2018-05-08 14:57:46'),(1927,1390,913,'2020-06-22 01:50:49'),(1928,1940,914,'2020-10-23 04:10:27'),(1929,1272,900,'2019-08-27 14:40:25'),(1930,1599,901,'2021-10-16 20:11:31'),(1931,1724,920,'2020-03-08 03:43:26'),(1932,1606,926,'2016-12-18 19:30:26'),(1933,1725,904,'2017-07-09 02:05:11'),(1934,1912,915,'2019-07-29 19:12:20'),(1935,1394,1605,'2017-01-30 22:55:37'),(1936,1142,1661,'2021-02-17 17:28:00'),(1937,1802,924,'2016-08-31 00:56:52'),(1938,1667,927,'2020-10-30 19:35:04'),(1939,1262,900,'2020-02-19 01:11:50'),(1940,1651,902,'2019-05-21 15:20:15'),(1941,1311,1615,'2017-09-10 16:35:17'),(1942,1207,924,'2017-06-21 05:00:11'),(1943,1323,929,'2016-02-03 00:56:05'),(1944,1424,901,'2017-05-12 04:31:42'),(1945,1843,1656,'2017-07-07 23:01:00'),(1946,1532,1613,'2018-06-22 00:37:44'),(1947,1433,918,'2016-01-21 11:48:34'),(1948,1911,931,'2018-09-07 08:08:27'),(1949,1824,1614,'2021-02-01 00:29:26'),(1950,1449,912,'2018-09-03 14:07:04'),(1951,1133,909,'2021-04-27 17:03:13'),(1952,1350,1614,'2021-05-02 12:26:43'),(1953,1874,918,'2016-10-28 14:22:17'),(1954,1202,919,'2018-12-22 10:22:58'),(1955,1478,920,'2017-05-13 11:21:21'),(1956,1702,906,'2018-10-23 14:31:17'),(1957,1340,906,'2016-03-01 12:10:25'),(1958,1680,1605,'2018-03-30 01:57:48'),(1959,1763,902,'2019-11-26 14:23:37'),(1960,1215,924,'2017-09-25 14:15:32'),(1961,1024,915,'2017-08-13 07:41:32'),(1962,1257,918,'2017-07-13 14:12:55'),(1963,1268,914,'2019-05-22 11:23:24'),(1964,1378,1607,'2021-12-11 12:13:45'),(1965,1264,915,'2016-03-20 06:21:57'),(1966,1222,1656,'2019-10-17 10:42:39'),(1967,1763,919,'2019-01-05 18:59:56'),(1968,1735,932,'2017-02-21 18:51:29'),(1969,1701,1602,'2020-08-04 06:30:07'),(1970,1867,930,'2018-10-25 08:09:33'),(1971,1143,930,'2017-08-25 16:49:30'),(1972,1149,928,'2020-06-06 16:09:51'),(1973,1507,932,'2020-03-20 02:11:45'),(1974,1569,914,'2019-07-25 10:35:28'),(1975,1525,923,'2021-03-06 22:07:42'),(1976,1424,929,'2019-05-11 22:04:09'),(1977,1583,1614,'2016-08-22 15:25:16'),(1978,1903,912,'2016-11-20 11:08:59'),(1979,1410,903,'2019-11-06 16:07:21'),(1980,1636,1614,'2021-10-24 06:32:47'),(1981,1206,1615,'2020-05-08 02:08:52'),(1982,1192,927,'2019-06-15 11:12:45'),(1983,1842,905,'2018-12-08 18:05:08');
/*!40000 ALTER TABLE `tweet_like` ENABLE KEYS */;
UNLOCK TABLES;

--
-- Table structure for table `user`
--

DROP TABLE IF EXISTS `user`;
/*!40101 SET @saved_cs_client     = @@character_set_client */;
/*!40101 SET character_set_client = utf8 */;
CREATE TABLE `user` (
  `id` int(10) unsigned NOT NULL AUTO_INCREMENT,
  `username` varchar(65) NOT NULL,
  `bio` varchar(255) NOT NULL,
  `birthdate` date NOT NULL,
  `imageUrl` varchar(500) NOT NULL DEFAULT 'default image link',
  `bannerUrl` varchar(500) NOT NULL DEFAULT 'default banner url link',
  `created_at` datetime NOT NULL DEFAULT current_timestamp(),
  `email` varchar(100) NOT NULL,
  `password` varchar(150) NOT NULL DEFAULT '21e5d6a1efed429c523d1de1255f30091b2fb63d5c92a2a530ad28b0463db795d216aa3bb3895052ef01399d867208b993bccf65b0483021152fa37ec2062923',
  `salt` varchar(50) NOT NULL DEFAULT 'eDukaUz-asT5gw',
  PRIMARY KEY (`id`),
  UNIQUE KEY `u_email_un` (`email`),
  UNIQUE KEY `usrname_un` (`username`),
  CONSTRAINT `birthdate_check` CHECK (year(`created_at`) - year(`birthdate`) > 13)
) ENGINE=InnoDB AUTO_INCREMENT=1667 DEFAULT CHARSET=utf8mb3;
/*!40101 SET character_set_client = @saved_cs_client */;

--
-- Dumping data for table `user`
--

LOCK TABLES `user` WRITE;
/*!40000 ALTER TABLE `user` DISABLE KEYS */;
INSERT INTO `user` VALUES (900,'William','fox jumps over the lazy dogThe quic','2005-04-04','https://images.unsplash.com/photo-1534528741775-53994a69daeb?ixlib=rb-1.2.1&ixid=MnwxMjA3fDB8MHxzZWFyY2h8NHx8cGVvcGxlfGVufDB8fDB8fA%3D%3D&auto=format&fit=crop&w=300&q=60','https://images.unsplash.com/32/Mc8kW4x9Q3aRR3RkP5Im_IMG_4417.jpg?ixlib=rb-1.2.1&ixid=MnwxMjA3fDB8MHxzZWFyY2h8Mnx8YmFja2dyb3VuZCUyMGltYWdlfGVufDB8MHwwfHw%3D&auto=format&fit=crop&w=300&q=60','2020-09-01 07:14:31','absalom.o\'dell.27@mac.com','21e5d6a1efed429c523d1de1255f30091b2fb63d5c92a2a530ad28b0463db795d216aa3bb3895052ef01399d867208b993bccf65b0483021152fa37ec2062923','eDukaUz-asT5gw'),(901,'Daphne','brown fox jumps over the lazy dogThe','1981-01-16','https://images.unsplash.com/photo-1533227268428-f9ed0900fb3b?ixlib=rb-1.2.1&ixid=MnwxMjA3fDB8MHxzZWFyY2h8MjR8fHBlb3BsZXxlbnwwfHwwfHw%3D&auto=format&fit=crop&w=300&q=60','https://images.unsplash.com/photo-1512386233331-f023884a92e8?ixlib=rb-1.2.1&ixid=MnwxMjA3fDB8MHxzZWFyY2h8OXx8YmFja2dyb3VuZCUyMGltYWdlfGVufDB8MHwwfHw%3D&auto=format&fit=crop&w=300&q=60','2013-12-05 05:12:12','danielle.cox.50@live.co.uk','21e5d6a1efed429c523d1de1255f30091b2fb63d5c92a2a530ad28b0463db795d216aa3bb3895052ef01399d867208b993bccf65b0483021152fa37ec2062923','eDukaUz-asT5gw'),(902,'Rhoda','brown fox jumps over the lazy dogThe qui','2000-02-16','https://images.unsplash.com/photo-1494790108377-be9c29b29330?ixlib=rb-1.2.1&ixid=MnwxMjA3fDB8MHxzZWFyY2h8MXx8cGVvcGxlfGVufDB8fDB8fA%3D%3D&auto=format&fit=crop&w=300&q=60','https://images.unsplash.com/photo-1517707711963-adf9078bdf01?ixlib=rb-1.2.1&ixid=MnwxMjA3fDB8MHxzZWFyY2h8OHx8YmFja2dyb3VuZCUyMGltYWdlfGVufDB8MHwwfHw%3D&auto=format&fit=crop&w=300&q=60','2015-09-08 17:22:30','grant.graeme.75@blueyonder.co.uk','21e5d6a1efed429c523d1de1255f30091b2fb63d5c92a2a530ad28b0463db795d216aa3bb3895052ef01399d867208b993bccf65b0483021152fa37ec2062923','eDukaUz-asT5gw'),(903,'Reba','ju','1978-06-20','https://images.unsplash.com/photo-1507003211169-0a1dd7228f2d?ixlib=rb-1.2.1&ixid=MnwxMjA3fDB8MHxzZWFyY2h8N3x8cGVvcGxlfGVufDB8fDB8fA%3D%3D&auto=format&fit=crop&w=300&q=60','https://images.unsplash.com/photo-1573847792062-9292df56ebb4?ixlib=rb-1.2.1&ixid=MnwxMjA3fDB8MHxzZWFyY2h8MTR8fGJhY2tncm91bmQlMjBpbWFnZXxlbnwwfDB8MHx8&auto=format&fit=crop&w=300&q=60','2016-11-06 02:38:54','leanne.blyth.24@live.fr','21e5d6a1efed429c523d1de1255f30091b2fb63d5c92a2a530ad28b0463db795d216aa3bb3895052ef01399d867208b993bccf65b0483021152fa37ec2062923','eDukaUz-asT5gw'),(904,'John','fox jumps ove','1964-10-02','https://images.unsplash.com/photo-1539571696357-5a69c17a67c6?ixlib=rb-1.2.1&ixid=MnwxMjA3fDB8MHxzZWFyY2h8NXx8cGVvcGxlfGVufDB8fDB8fA%3D%3D&auto=format&fit=crop&w=300&q=60','https://images.unsplash.com/photo-1501236570302-906143a7c9f8?ixlib=rb-1.2.1&ixid=MnwxMjA3fDB8MHxzZWFyY2h8NXx8YmFja2dyb3VuZCUyMGltYWdlfGVufDB8MHwwfHw%3D&auto=format&fit=crop&w=300&q=60','2018-10-31 09:54:15','jenna.hood.38@live.it','21e5d6a1efed429c523d1de1255f30091b2fb63d5c92a2a530ad28b0463db795d216aa3bb3895052ef01399d867208b993bccf65b0483021152fa37ec2062923','eDukaUz-asT5gw'),(905,'Jemima','lazy dogThe quick brown fox jumps ov','2004-06-04','https://images.unsplash.com/photo-1494790108377-be9c29b29330?ixlib=rb-1.2.1&ixid=MnwxMjA3fDB8MHxzZWFyY2h8MXx8cGVvcGxlfGVufDB8fDB8fA%3D%3D&auto=format&fit=crop&w=300&q=60','https://images.unsplash.com/photo-1573847792062-9292df56ebb4?ixlib=rb-1.2.1&ixid=MnwxMjA3fDB8MHxzZWFyY2h8MTR8fGJhY2tncm91bmQlMjBpbWFnZXxlbnwwfDB8MHx8&auto=format&fit=crop&w=300&q=60','2019-05-03 16:07:11','bronwen.pettit.35@yahoo.com.au','21e5d6a1efed429c523d1de1255f30091b2fb63d5c92a2a530ad28b0463db795d216aa3bb3895052ef01399d867208b993bccf65b0483021152fa37ec2062923','eDukaUz-asT5gw'),(906,'Alvin','the lazy dogThe q','2001-04-18','https://images.unsplash.com/photo-1529626455594-4ff0802cfb7e?ixlib=rb-1.2.1&ixid=MnwxMjA3fDB8MHxzZWFyY2h8MTl8fHBlb3BsZXxlbnwwfHwwfHw%3D&auto=format&fit=crop&w=300&q=60','https://images.unsplash.com/32/Mc8kW4x9Q3aRR3RkP5Im_IMG_4417.jpg?ixlib=rb-1.2.1&ixid=MnwxMjA3fDB8MHxzZWFyY2h8Mnx8YmFja2dyb3VuZCUyMGltYWdlfGVufDB8MHwwfHw%3D&auto=format&fit=crop&w=300&q=60','2021-12-17 15:21:29','maria.wolfwood.58@bluewin.ch','21e5d6a1efed429c523d1de1255f30091b2fb63d5c92a2a530ad28b0463db795d216aa3bb3895052ef01399d867208b993bccf65b0483021152fa37ec2062923','eDukaUz-asT5gw'),(907,'Cuthbert','fox jumps over the lazy dogThe quick','1994-02-02','https://images.unsplash.com/photo-1517841905240-472988babdf9?ixlib=rb-1.2.1&ixid=MnwxMjA3fDB8MHxzZWFyY2h8MTF8fHBlb3BsZXxlbnwwfHwwfHw%3D&auto=format&fit=crop&w=300&q=60','https://images.unsplash.com/photo-1460602692976-8eab38c11f9d?ixlib=rb-1.2.1&ixid=MnwxMjA3fDB8MHxzZWFyY2h8MTV8fGJhY2tncm91bmQlMjBpbWFnZXxlbnwwfDB8MHx8&auto=format&fit=crop&w=300&q=60','2015-09-21 04:28:29','lucinda.maccawley.87@juno.com','21e5d6a1efed429c523d1de1255f30091b2fb63d5c92a2a530ad28b0463db795d216aa3bb3895052ef01399d867208b993bccf65b0483021152fa37ec2062923','eDukaUz-asT5gw'),(908,'Patsy','fox jumps over the lazy dogThe quick b','1977-12-28','https://images.unsplash.com/photo-1534528741775-53994a69daeb?ixlib=rb-1.2.1&ixid=MnwxMjA3fDB8MHxzZWFyY2h8NHx8cGVvcGxlfGVufDB8fDB8fA%3D%3D&auto=format&fit=crop&w=300&q=60','https://images.unsplash.com/photo-1611921672865-b6d9da86a426?ixlib=rb-1.2.1&ixid=MnwxMjA3fDB8MHxzZWFyY2h8N3x8YmFja2dyb3VuZCUyMGltYWdlfGVufDB8MHwwfHw%3D&auto=format&fit=crop&w=300&q=60','2017-04-09 09:56:09','julianne.longfield.26@gmail.com','21e5d6a1efed429c523d1de1255f30091b2fb63d5c92a2a530ad28b0463db795d216aa3bb3895052ef01399d867208b993bccf65b0483021152fa37ec2062923','eDukaUz-asT5gw'),(909,'Lysette','jumps over th','1996-12-29','https://images.unsplash.com/photo-1507003211169-0a1dd7228f2d?ixlib=rb-1.2.1&ixid=MnwxMjA3fDB8MHxzZWFyY2h8N3x8cGVvcGxlfGVufDB8fDB8fA%3D%3D&auto=format&fit=crop&w=300&q=60','https://images.unsplash.com/photo-1512386233331-f023884a92e8?ixlib=rb-1.2.1&ixid=MnwxMjA3fDB8MHxzZWFyY2h8OXx8YmFja2dyb3VuZCUyMGltYWdlfGVufDB8MHwwfHw%3D&auto=format&fit=crop&w=300&q=60','2012-01-07 22:21:35','whitney.howell.28@rocketmail.com','21e5d6a1efed429c523d1de1255f30091b2fb63d5c92a2a530ad28b0463db795d216aa3bb3895052ef01399d867208b993bccf65b0483021152fa37ec2062923','eDukaUz-asT5gw'),(910,'Grace','over the ','1974-07-28','https://images.unsplash.com/photo-1494790108377-be9c29b29330?ixlib=rb-1.2.1&ixid=MnwxMjA3fDB8MHxzZWFyY2h8MXx8cGVvcGxlfGVufDB8fDB8fA%3D%3D&auto=format&fit=crop&w=300&q=60','https://images.unsplash.com/photo-1517707711963-adf9078bdf01?ixlib=rb-1.2.1&ixid=MnwxMjA3fDB8MHxzZWFyY2h8OHx8YmFja2dyb3VuZCUyMGltYWdlfGVufDB8MHwwfHw%3D&auto=format&fit=crop&w=300&q=60','2013-02-26 18:03:03','ed.upshaw.65@optusnet.com.au','21e5d6a1efed429c523d1de1255f30091b2fb63d5c92a2a530ad28b0463db795d216aa3bb3895052ef01399d867208b993bccf65b0483021152fa37ec2062923','eDukaUz-asT5gw'),(911,'Colette','quick brow','1963-03-27','https://images.unsplash.com/photo-1533227268428-f9ed0900fb3b?ixlib=rb-1.2.1&ixid=MnwxMjA3fDB8MHxzZWFyY2h8MjR8fHBlb3BsZXxlbnwwfHwwfHw%3D&auto=format&fit=crop&w=300&q=60','https://images.unsplash.com/photo-1439694458393-78ecf14da7f9?ixlib=rb-1.2.1&ixid=MnwxMjA3fDB8MHxzZWFyY2h8MTZ8fGJhY2tncm91bmQlMjBpbWFnZXxlbnwwfDB8MHx8&auto=format&fit=crop&w=300&q=60','2013-12-01 00:29:37','estelle.lard.82@yahoo.co.uk','21e5d6a1efed429c523d1de1255f30091b2fb63d5c92a2a530ad28b0463db795d216aa3bb3895052ef01399d867208b993bccf65b0483021152fa37ec2062923','eDukaUz-asT5gw'),(912,'Peleg','br','1981-06-10','https://images.unsplash.com/photo-1539571696357-5a69c17a67c6?ixlib=rb-1.2.1&ixid=MnwxMjA3fDB8MHxzZWFyY2h8NXx8cGVvcGxlfGVufDB8fDB8fA%3D%3D&auto=format&fit=crop&w=300&q=60','https://images.unsplash.com/photo-1611921672865-b6d9da86a426?ixlib=rb-1.2.1&ixid=MnwxMjA3fDB8MHxzZWFyY2h8N3x8YmFja2dyb3VuZCUyMGltYWdlfGVufDB8MHwwfHw%3D&auto=format&fit=crop&w=300&q=60','2019-12-31 07:46:16','daisy.shovelton.30@earthlink.net','21e5d6a1efed429c523d1de1255f30091b2fb63d5c92a2a530ad28b0463db795d216aa3bb3895052ef01399d867208b993bccf65b0483021152fa37ec2062923','eDukaUz-asT5gw'),(913,'Hank','over the lazy dogThe quick brown','1980-01-09','https://images.unsplash.com/photo-1517841905240-472988babdf9?ixlib=rb-1.2.1&ixid=MnwxMjA3fDB8MHxzZWFyY2h8MTF8fHBlb3BsZXxlbnwwfHwwfHw%3D&auto=format&fit=crop&w=300&q=60','https://images.unsplash.com/32/Mc8kW4x9Q3aRR3RkP5Im_IMG_4417.jpg?ixlib=rb-1.2.1&ixid=MnwxMjA3fDB8MHxzZWFyY2h8Mnx8YmFja2dyb3VuZCUyMGltYWdlfGVufDB8MHwwfHw%3D&auto=format&fit=crop&w=300&q=60','2015-06-10 00:36:55','myron.berkeley.97@yahoo.co.id','21e5d6a1efed429c523d1de1255f30091b2fb63d5c92a2a530ad28b0463db795d216aa3bb3895052ef01399d867208b993bccf65b0483021152fa37ec2062923','eDukaUz-asT5gw'),(914,'Charmaine','ogThe qu','1988-08-24','https://images.unsplash.com/photo-1494790108377-be9c29b29330?ixlib=rb-1.2.1&ixid=MnwxMjA3fDB8MHxzZWFyY2h8MXx8cGVvcGxlfGVufDB8fDB8fA%3D%3D&auto=format&fit=crop&w=300&q=60','https://images.unsplash.com/photo-1573847792062-9292df56ebb4?ixlib=rb-1.2.1&ixid=MnwxMjA3fDB8MHxzZWFyY2h8MTR8fGJhY2tncm91bmQlMjBpbWFnZXxlbnwwfDB8MHx8&auto=format&fit=crop&w=300&q=60','2021-11-23 02:27:51','thelma.houseman.82@frontiernet.net','21e5d6a1efed429c523d1de1255f30091b2fb63d5c92a2a530ad28b0463db795d216aa3bb3895052ef01399d867208b993bccf65b0483021152fa37ec2062923','eDukaUz-asT5gw'),(915,'Nowell','lazy dogThe quick brown f','1965-01-20','https://images.unsplash.com/photo-1507003211169-0a1dd7228f2d?ixlib=rb-1.2.1&ixid=MnwxMjA3fDB8MHxzZWFyY2h8N3x8cGVvcGxlfGVufDB8fDB8fA%3D%3D&auto=format&fit=crop&w=300&q=60','https://images.unsplash.com/photo-1531265726475-52ad60219627?ixlib=rb-1.2.1&ixid=MnwxMjA3fDB8MHxzZWFyY2h8MTd8fGJhY2tncm91bmQlMjBpbWFnZXxlbnwwfDB8MHx8&auto=format&fit=crop&w=300&q=60','2021-06-06 21:46:51','shahaf.cooke.74@earthlink.net','21e5d6a1efed429c523d1de1255f30091b2fb63d5c92a2a530ad28b0463db795d216aa3bb3895052ef01399d867208b993bccf65b0483021152fa37ec2062923','eDukaUz-asT5gw'),(916,'Marsha','brown fox jumps over the lazy d','1990-09-19','https://images.unsplash.com/photo-1539571696357-5a69c17a67c6?ixlib=rb-1.2.1&ixid=MnwxMjA3fDB8MHxzZWFyY2h8NXx8cGVvcGxlfGVufDB8fDB8fA%3D%3D&auto=format&fit=crop&w=300&q=60','https://images.unsplash.com/photo-1501236570302-906143a7c9f8?ixlib=rb-1.2.1&ixid=MnwxMjA3fDB8MHxzZWFyY2h8NXx8YmFja2dyb3VuZCUyMGltYWdlfGVufDB8MHwwfHw%3D&auto=format&fit=crop&w=300&q=60','2021-07-20 07:21:27','lfweard.batton.09@verizon.net','21e5d6a1efed429c523d1de1255f30091b2fb63d5c92a2a530ad28b0463db795d216aa3bb3895052ef01399d867208b993bccf65b0483021152fa37ec2062923','eDukaUz-asT5gw'),(917,'Alisha','ogThe quick','2003-07-07','https://images.unsplash.com/photo-1529626455594-4ff0802cfb7e?ixlib=rb-1.2.1&ixid=MnwxMjA3fDB8MHxzZWFyY2h8MTl8fHBlb3BsZXxlbnwwfHwwfHw%3D&auto=format&fit=crop&w=300&q=60','https://images.unsplash.com/photo-1512386233331-f023884a92e8?ixlib=rb-1.2.1&ixid=MnwxMjA3fDB8MHxzZWFyY2h8OXx8YmFja2dyb3VuZCUyMGltYWdlfGVufDB8MHwwfHw%3D&auto=format&fit=crop&w=300&q=60','2021-05-27 02:25:34','mildred.ashley-cooper.13@yahoo.co.id','21e5d6a1efed429c523d1de1255f30091b2fb63d5c92a2a530ad28b0463db795d216aa3bb3895052ef01399d867208b993bccf65b0483021152fa37ec2062923','eDukaUz-asT5gw'),(918,'Holly','dogThe quick brown fox jumps over t','1962-12-05','https://images.unsplash.com/photo-1494790108377-be9c29b29330?ixlib=rb-1.2.1&ixid=MnwxMjA3fDB8MHxzZWFyY2h8MXx8cGVvcGxlfGVufDB8fDB8fA%3D%3D&auto=format&fit=crop&w=300&q=60','https://images.unsplash.com/photo-1517707711963-adf9078bdf01?ixlib=rb-1.2.1&ixid=MnwxMjA3fDB8MHxzZWFyY2h8OHx8YmFja2dyb3VuZCUyMGltYWdlfGVufDB8MHwwfHw%3D&auto=format&fit=crop&w=300&q=60','2012-05-05 00:14:35','edwina.adin.65@uol.com.br','21e5d6a1efed429c523d1de1255f30091b2fb63d5c92a2a530ad28b0463db795d216aa3bb3895052ef01399d867208b993bccf65b0483021152fa37ec2062923','eDukaUz-asT5gw'),(919,'Randall','quick brown fox jumps o','1973-04-26','https://images.unsplash.com/photo-1517841905240-472988babdf9?ixlib=rb-1.2.1&ixid=MnwxMjA3fDB8MHxzZWFyY2h8MTF8fHBlb3BsZXxlbnwwfHwwfHw%3D&auto=format&fit=crop&w=300&q=60','https://images.unsplash.com/photo-1611921672865-b6d9da86a426?ixlib=rb-1.2.1&ixid=MnwxMjA3fDB8MHxzZWFyY2h8N3x8YmFja2dyb3VuZCUyMGltYWdlfGVufDB8MHwwfHw%3D&auto=format&fit=crop&w=300&q=60','2016-12-23 13:57:50','helena.chapman.71@tin.it','21e5d6a1efed429c523d1de1255f30091b2fb63d5c92a2a530ad28b0463db795d216aa3bb3895052ef01399d867208b993bccf65b0483021152fa37ec2062923','eDukaUz-asT5gw'),(920,'June','over the lazy dogThe quick brow','1977-10-06','https://images.unsplash.com/photo-1539571696357-5a69c17a67c6?ixlib=rb-1.2.1&ixid=MnwxMjA3fDB8MHxzZWFyY2h8NXx8cGVvcGxlfGVufDB8fDB8fA%3D%3D&auto=format&fit=crop&w=300&q=60','https://images.unsplash.com/photo-1573847792062-9292df56ebb4?ixlib=rb-1.2.1&ixid=MnwxMjA3fDB8MHxzZWFyY2h8MTR8fGJhY2tncm91bmQlMjBpbWFnZXxlbnwwfDB8MHx8&auto=format&fit=crop&w=300&q=60','2018-07-13 06:38:42','kenneth.braff.33@laposte.net','21e5d6a1efed429c523d1de1255f30091b2fb63d5c92a2a530ad28b0463db795d216aa3bb3895052ef01399d867208b993bccf65b0483021152fa37ec2062923','eDukaUz-asT5gw'),(921,'Deborah','dogThe quick br','1964-01-24','https://images.unsplash.com/photo-1507003211169-0a1dd7228f2d?ixlib=rb-1.2.1&ixid=MnwxMjA3fDB8MHxzZWFyY2h8N3x8cGVvcGxlfGVufDB8fDB8fA%3D%3D&auto=format&fit=crop&w=300&q=60','https://images.unsplash.com/32/Mc8kW4x9Q3aRR3RkP5Im_IMG_4417.jpg?ixlib=rb-1.2.1&ixid=MnwxMjA3fDB8MHxzZWFyY2h8Mnx8YmFja2dyb3VuZCUyMGltYWdlfGVufDB8MHwwfHw%3D&auto=format&fit=crop&w=300&q=60','2014-12-13 19:44:58','whitney.tiffen.51@blueyonder.co.uk','21e5d6a1efed429c523d1de1255f30091b2fb63d5c92a2a530ad28b0463db795d216aa3bb3895052ef01399d867208b993bccf65b0483021152fa37ec2062923','eDukaUz-asT5gw'),(922,'Gertrude','jumps o','2003-05-22','https://images.unsplash.com/photo-1534528741775-53994a69daeb?ixlib=rb-1.2.1&ixid=MnwxMjA3fDB8MHxzZWFyY2h8NHx8cGVvcGxlfGVufDB8fDB8fA%3D%3D&auto=format&fit=crop&w=300&q=60','https://images.unsplash.com/photo-1460602692976-8eab38c11f9d?ixlib=rb-1.2.1&ixid=MnwxMjA3fDB8MHxzZWFyY2h8MTV8fGJhY2tncm91bmQlMjBpbWFnZXxlbnwwfDB8MHx8&auto=format&fit=crop&w=300&q=60','2021-06-21 23:31:23','davina.pemberton.30@hotmail.fr','21e5d6a1efed429c523d1de1255f30091b2fb63d5c92a2a530ad28b0463db795d216aa3bb3895052ef01399d867208b993bccf65b0483021152fa37ec2062923','eDukaUz-asT5gw'),(923,'Laurence','brown fox jumps over th','1999-01-27','https://images.unsplash.com/photo-1539571696357-5a69c17a67c6?ixlib=rb-1.2.1&ixid=MnwxMjA3fDB8MHxzZWFyY2h8NXx8cGVvcGxlfGVufDB8fDB8fA%3D%3D&auto=format&fit=crop&w=300&q=60','https://images.unsplash.com/photo-1439694458393-78ecf14da7f9?ixlib=rb-1.2.1&ixid=MnwxMjA3fDB8MHxzZWFyY2h8MTZ8fGJhY2tncm91bmQlMjBpbWFnZXxlbnwwfDB8MHx8&auto=format&fit=crop&w=300&q=60','2021-05-09 01:42:38','eve.pickavance.15@frontiernet.net','21e5d6a1efed429c523d1de1255f30091b2fb63d5c92a2a530ad28b0463db795d216aa3bb3895052ef01399d867208b993bccf65b0483021152fa37ec2062923','eDukaUz-asT5gw'),(924,'Emma','the ','1989-01-22','https://images.unsplash.com/photo-1533227268428-f9ed0900fb3b?ixlib=rb-1.2.1&ixid=MnwxMjA3fDB8MHxzZWFyY2h8MjR8fHBlb3BsZXxlbnwwfHwwfHw%3D&auto=format&fit=crop&w=300&q=60','https://images.unsplash.com/photo-1517707711963-adf9078bdf01?ixlib=rb-1.2.1&ixid=MnwxMjA3fDB8MHxzZWFyY2h8OHx8YmFja2dyb3VuZCUyMGltYWdlfGVufDB8MHwwfHw%3D&auto=format&fit=crop&w=300&q=60','2017-02-22 03:06:36','eve.coldwell.09@yahoo.co.jp','21e5d6a1efed429c523d1de1255f30091b2fb63d5c92a2a530ad28b0463db795d216aa3bb3895052ef01399d867208b993bccf65b0483021152fa37ec2062923','eDukaUz-asT5gw'),(925,'Rufus','dogThe quick brown fox jump','1971-10-09','https://images.unsplash.com/photo-1494790108377-be9c29b29330?ixlib=rb-1.2.1&ixid=MnwxMjA3fDB8MHxzZWFyY2h8MXx8cGVvcGxlfGVufDB8fDB8fA%3D%3D&auto=format&fit=crop&w=300&q=60','https://images.unsplash.com/photo-1531265726475-52ad60219627?ixlib=rb-1.2.1&ixid=MnwxMjA3fDB8MHxzZWFyY2h8MTd8fGJhY2tncm91bmQlMjBpbWFnZXxlbnwwfDB8MHx8&auto=format&fit=crop&w=300&q=60','2012-04-07 15:23:57','kristin.arnold.90@optonline.net','21e5d6a1efed429c523d1de1255f30091b2fb63d5c92a2a530ad28b0463db795d216aa3bb3895052ef01399d867208b993bccf65b0483021152fa37ec2062923','eDukaUz-asT5gw'),(926,'Winifred','jumps o','1961-08-22','https://images.unsplash.com/photo-1529626455594-4ff0802cfb7e?ixlib=rb-1.2.1&ixid=MnwxMjA3fDB8MHxzZWFyY2h8MTl8fHBlb3BsZXxlbnwwfHwwfHw%3D&auto=format&fit=crop&w=300&q=60','https://images.unsplash.com/photo-1611921672865-b6d9da86a426?ixlib=rb-1.2.1&ixid=MnwxMjA3fDB8MHxzZWFyY2h8N3x8YmFja2dyb3VuZCUyMGltYWdlfGVufDB8MHwwfHw%3D&auto=format&fit=crop&w=300&q=60','2018-03-28 12:26:19','ada.brimson.54@uol.com.br','21e5d6a1efed429c523d1de1255f30091b2fb63d5c92a2a530ad28b0463db795d216aa3bb3895052ef01399d867208b993bccf65b0483021152fa37ec2062923','eDukaUz-asT5gw'),(927,'Mandy','over the lazy dogTh','2003-09-17','https://images.unsplash.com/photo-1517841905240-472988babdf9?ixlib=rb-1.2.1&ixid=MnwxMjA3fDB8MHxzZWFyY2h8MTF8fHBlb3BsZXxlbnwwfHwwfHw%3D&auto=format&fit=crop&w=300&q=60','https://images.unsplash.com/photo-1512386233331-f023884a92e8?ixlib=rb-1.2.1&ixid=MnwxMjA3fDB8MHxzZWFyY2h8OXx8YmFja2dyb3VuZCUyMGltYWdlfGVufDB8MHwwfHw%3D&auto=format&fit=crop&w=300&q=60','2021-02-13 04:13:52','harriet.dobbs.77@yahoo.com','21e5d6a1efed429c523d1de1255f30091b2fb63d5c92a2a530ad28b0463db795d216aa3bb3895052ef01399d867208b993bccf65b0483021152fa37ec2062923','eDukaUz-asT5gw'),(928,'Liana','fox jumps over the lazy','1997-08-25','https://images.unsplash.com/photo-1534528741775-53994a69daeb?ixlib=rb-1.2.1&ixid=MnwxMjA3fDB8MHxzZWFyY2h8NHx8cGVvcGxlfGVufDB8fDB8fA%3D%3D&auto=format&fit=crop&w=300&q=60','https://images.unsplash.com/photo-1501236570302-906143a7c9f8?ixlib=rb-1.2.1&ixid=MnwxMjA3fDB8MHxzZWFyY2h8NXx8YmFja2dyb3VuZCUyMGltYWdlfGVufDB8MHwwfHw%3D&auto=format&fit=crop&w=300&q=60','2014-06-30 12:12:41','jacqueline.knott.21@wanadoo.fr','21e5d6a1efed429c523d1de1255f30091b2fb63d5c92a2a530ad28b0463db795d216aa3bb3895052ef01399d867208b993bccf65b0483021152fa37ec2062923','eDukaUz-asT5gw'),(929,'Drew','jumps over the lazy dogTh','1972-05-28','https://images.unsplash.com/photo-1507003211169-0a1dd7228f2d?ixlib=rb-1.2.1&ixid=MnwxMjA3fDB8MHxzZWFyY2h8N3x8cGVvcGxlfGVufDB8fDB8fA%3D%3D&auto=format&fit=crop&w=300&q=60','https://images.unsplash.com/photo-1573847792062-9292df56ebb4?ixlib=rb-1.2.1&ixid=MnwxMjA3fDB8MHxzZWFyY2h8MTR8fGJhY2tncm91bmQlMjBpbWFnZXxlbnwwfDB8MHx8&auto=format&fit=crop&w=300&q=60','2020-02-13 19:34:19','kaylee.colvin.71@windstream.net','21e5d6a1efed429c523d1de1255f30091b2fb63d5c92a2a530ad28b0463db795d216aa3bb3895052ef01399d867208b993bccf65b0483021152fa37ec2062923','eDukaUz-asT5gw'),(930,'George','fox jumps over the lazy dogThe quick brown','1997-08-11','https://images.unsplash.com/photo-1533227268428-f9ed0900fb3b?ixlib=rb-1.2.1&ixid=MnwxMjA3fDB8MHxzZWFyY2h8MjR8fHBlb3BsZXxlbnwwfHwwfHw%3D&auto=format&fit=crop&w=300&q=60','https://images.unsplash.com/photo-1439694458393-78ecf14da7f9?ixlib=rb-1.2.1&ixid=MnwxMjA3fDB8MHxzZWFyY2h8MTZ8fGJhY2tncm91bmQlMjBpbWFnZXxlbnwwfDB8MHx8&auto=format&fit=crop&w=300&q=60','2018-08-23 05:06:08','myra.coppersmith.21@yahoo.com.ar','21e5d6a1efed429c523d1de1255f30091b2fb63d5c92a2a530ad28b0463db795d216aa3bb3895052ef01399d867208b993bccf65b0483021152fa37ec2062923','eDukaUz-asT5gw'),(931,'Lilla','quick brown fox jumps ','1990-09-12','https://images.unsplash.com/photo-1494790108377-be9c29b29330?ixlib=rb-1.2.1&ixid=MnwxMjA3fDB8MHxzZWFyY2h8MXx8cGVvcGxlfGVufDB8fDB8fA%3D%3D&auto=format&fit=crop&w=300&q=60','https://images.unsplash.com/photo-1611921672865-b6d9da86a426?ixlib=rb-1.2.1&ixid=MnwxMjA3fDB8MHxzZWFyY2h8N3x8YmFja2dyb3VuZCUyMGltYWdlfGVufDB8MHwwfHw%3D&auto=format&fit=crop&w=300&q=60','2017-05-17 16:04:22','archibald.workman.67@yahoo.co.id','21e5d6a1efed429c523d1de1255f30091b2fb63d5c92a2a530ad28b0463db795d216aa3bb3895052ef01399d867208b993bccf65b0483021152fa37ec2062923','eDukaUz-asT5gw'),(932,'Gerard','dogThe quick brown fox jumps over','1978-08-03','https://images.unsplash.com/photo-1507003211169-0a1dd7228f2d?ixlib=rb-1.2.1&ixid=MnwxMjA3fDB8MHxzZWFyY2h8N3x8cGVvcGxlfGVufDB8fDB8fA%3D%3D&auto=format&fit=crop&w=300&q=60','https://images.unsplash.com/photo-1611921672865-b6d9da86a426?ixlib=rb-1.2.1&ixid=MnwxMjA3fDB8MHxzZWFyY2h8N3x8YmFja2dyb3VuZCUyMGltYWdlfGVufDB8MHwwfHw%3D&auto=format&fit=crop&w=300&q=60','2019-05-14 00:32:42','lucinda.hitchens.63@hotmail.co.uk','21e5d6a1efed429c523d1de1255f30091b2fb63d5c92a2a530ad28b0463db795d216aa3bb3895052ef01399d867208b993bccf65b0483021152fa37ec2062923','eDukaUz-asT5gw'),(1601,'testUser','dkjfa;gheo;hagjdl;agjdhoanekjh;iohabkh','1970-01-01','https://images.unsplash.com/photo-1539571696357-5a69c17a67c6?ixlib=rb-1.2.1&ixid=MnwxMjA3fDB8MHxzZWFyY2h8NXx8cGVvcGxlfGVufDB8fDB8fA%3D%3D&auto=format&fit=crop&w=300&q=60','https://images.unsplash.com/photo-1531265726475-52ad60219627?ixlib=rb-1.2.1&ixid=MnwxMjA3fDB8MHxzZWFyY2h8MTd8fGJhY2tncm91bmQlMjBpbWFnZXxlbnwwfDB8MHx8&auto=format&fit=crop&w=300&q=60','2022-02-21 13:10:38','random@email.com','21e5d6a1efed429c523d1de1255f30091b2fb63d5c92a2a530ad28b0463db795d216aa3bb3895052ef01399d867208b993bccf65b0483021152fa37ec2062923','eDukaUz-asT5gw'),(1602,'badUsername','bio insert here','2008-04-04','https://images.unsplash.com/photo-1517841905240-472988babdf9?ixlib=rb-1.2.1&ixid=MnwxMjA3fDB8MHxzZWFyY2h8MTF8fHBlb3BsZXxlbnwwfHwwfHw%3D&auto=format&fit=crop&w=300&q=60','https://images.unsplash.com/32/Mc8kW4x9Q3aRR3RkP5Im_IMG_4417.jpg?ixlib=rb-1.2.1&ixid=MnwxMjA3fDB8MHxzZWFyY2h8Mnx8YmFja2dyb3VuZCUyMGltYWdlfGVufDB8MHwwfHw%3D&auto=format&fit=crop&w=300&q=60','2022-02-21 15:52:40','random3@email.com','21e5d6a1efed429c523d1de1255f30091b2fb63d5c92a2a530ad28b0463db795d216aa3bb3895052ef01399d867208b993bccf65b0483021152fa37ec2062923','eDukaUz-asT5gw'),(1603,'baddUsername','bio insert here','2008-04-04','https://images.unsplash.com/photo-1534528741775-53994a69daeb?ixlib=rb-1.2.1&ixid=MnwxMjA3fDB8MHxzZWFyY2h8NHx8cGVvcGxlfGVufDB8fDB8fA%3D%3D&auto=format&fit=crop&w=300&q=60','https://images.unsplash.com/photo-1573847792062-9292df56ebb4?ixlib=rb-1.2.1&ixid=MnwxMjA3fDB8MHxzZWFyY2h8MTR8fGJhY2tncm91bmQlMjBpbWFnZXxlbnwwfDB8MHx8&auto=format&fit=crop&w=300&q=60','2022-02-21 15:55:02','rando3m3@email.com','21e5d6a1efed429c523d1de1255f30091b2fb63d5c92a2a530ad28b0463db795d216aa3bb3895052ef01399d867208b993bccf65b0483021152fa37ec2062923','eDukaUz-asT5gw'),(1605,'baddUsername0','bio insert here','2008-04-04','https://images.unsplash.com/photo-1529626455594-4ff0802cfb7e?ixlib=rb-1.2.1&ixid=MnwxMjA3fDB8MHxzZWFyY2h8MTl8fHBlb3BsZXxlbnwwfHwwfHw%3D&auto=format&fit=crop&w=300&q=60','https://images.unsplash.com/photo-1460602692976-8eab38c11f9d?ixlib=rb-1.2.1&ixid=MnwxMjA3fDB8MHxzZWFyY2h8MTV8fGJhY2tncm91bmQlMjBpbWFnZXxlbnwwfDB8MHx8&auto=format&fit=crop&w=300&q=60','2022-02-21 15:57:16','ranrdo3m3@email.com','21e5d6a1efed429c523d1de1255f30091b2fb63d5c92a2a530ad28b0463db795d216aa3bb3895052ef01399d867208b993bccf65b0483021152fa37ec2062923','eDukaUz-asT5gw'),(1607,'baddUsername2','bio insert here','2008-04-04','https://images.unsplash.com/photo-1494790108377-be9c29b29330?ixlib=rb-1.2.1&ixid=MnwxMjA3fDB8MHxzZWFyY2h8MXx8cGVvcGxlfGVufDB8fDB8fA%3D%3D&auto=format&fit=crop&w=300&q=60','https://images.unsplash.com/photo-1517707711963-adf9078bdf01?ixlib=rb-1.2.1&ixid=MnwxMjA3fDB8MHxzZWFyY2h8OHx8YmFja2dyb3VuZCUyMGltYWdlfGVufDB8MHwwfHw%3D&auto=format&fit=crop&w=300&q=60','2022-02-21 16:00:49','ranrdo3m3@femgail.com','21e5d6a1efed429c523d1de1255f30091b2fb63d5c92a2a530ad28b0463db795d216aa3bb3895052ef01399d867208b993bccf65b0483021152fa37ec2062923','eDukaUz-asT5gw'),(1610,'baddUsername3','bio insert here','2008-04-04','https://images.unsplash.com/photo-1507003211169-0a1dd7228f2d?ixlib=rb-1.2.1&ixid=MnwxMjA3fDB8MHxzZWFyY2h8N3x8cGVvcGxlfGVufDB8fDB8fA%3D%3D&auto=format&fit=crop&w=300&q=60','https://images.unsplash.com/photo-1512386233331-f023884a92e8?ixlib=rb-1.2.1&ixid=MnwxMjA3fDB8MHxzZWFyY2h8OXx8YmFja2dyb3VuZCUyMGltYWdlfGVufDB8MHwwfHw%3D&auto=format&fit=crop&w=300&q=60','2022-02-21 16:07:51','ranro3m3@femgail.com','21e5d6a1efed429c523d1de1255f30091b2fb63d5c92a2a530ad28b0463db795d216aa3bb3895052ef01399d867208b993bccf65b0483021152fa37ec2062923','eDukaUz-asT5gw'),(1613,'testUsername','this is a long bio!','2004-04-04','https://images.unsplash.com/photo-1644094877479-facb0d5fc7da?ixlib=rb-1.2.1&ixid=MnwxMjA3fDB8MHxwaG90by1wYWdlfHx8fGVufDB8fHx8&auto=format&fit=crop&w=687&q=80','https://images.unsplash.com/photo-1439694458393-78ecf14da7f9?ixlib=rb-1.2.1&ixid=MnwxMjA3fDB8MHxzZWFyY2h8MTZ8fGJhY2tncm91bmQlMjBpbWFnZXxlbnwwfDB8MHx8&auto=format&fit=crop&w=300&q=60','2022-02-21 16:44:22','random2@esfmail.com','5386fc05bfde57de7629f7c47b07bdbc0f4aa40c581f8269d053e403394f329e1a991dd06a5905bfeb85bddf12b1dc1a3e6a0ba9691b565878ec2ed02c1aee05','aG57UnJ030oHpw'),(1614,'testUsername2','this is a long bio!','2004-04-04','https://images.unsplash.com/photo-1534528741775-53994a69daeb?ixlib=rb-1.2.1&ixid=MnwxMjA3fDB8MHxzZWFyY2h8NHx8cGVvcGxlfGVufDB8fDB8fA%3D%3D&auto=format&fit=crop&w=300&q=60','https://images.unsplash.com/photo-1501236570302-906143a7c9f8?ixlib=rb-1.2.1&ixid=MnwxMjA3fDB8MHxzZWFyY2h8NXx8YmFja2dyb3VuZCUyMGltYWdlfGVufDB8MHwwfHw%3D&auto=format&fit=crop&w=300&q=60','2022-02-21 16:48:28','random21@esfmail.com','26c00cab81f4812ed1066037da7509cf63fcc487d8ad97192d0ef5e24e45bf071651e7033eb3ce24219e68b8e955119757ea140c46f6a5a9f284b99c650d4af1','2AdP-QpQI6hPaQ'),(1615,'testUsername22','this is a long bio!','2004-04-04','https://images.unsplash.com/photo-1517841905240-472988babdf9?ixlib=rb-1.2.1&ixid=MnwxMjA3fDB8MHxzZWFyY2h8MTF8fHBlb3BsZXxlbnwwfHwwfHw%3D&auto=format&fit=crop&w=300&q=60','https://images.unsplash.com/photo-1573847792062-9292df56ebb4?ixlib=rb-1.2.1&ixid=MnwxMjA3fDB8MHxzZWFyY2h8MTR8fGJhY2tncm91bmQlMjBpbWFnZXxlbnwwfDB8MHx8&auto=format&fit=crop&w=300&q=60','2022-02-21 17:53:59','random221@esfmail.com','d1a039a71ca4fdcdfd9d541f46842ea418c518264e3b594d292094f8c95c54c9723866ba82133f9ab22f8f908fd4ed6d61000e5f3d88c425e6d594b9ff855c93','bqOeYS9GtI_lhw'),(1656,'testUsername111','this is a long bio! this is a long bio! this is a long bio! this is a long bio! this is a long bio! this is a long bio! this is a long bio! this is a long bio!','2004-04-04','https://images.unsplash.com/photo-1494790108377-be9c29b29330?ixlib=rb-1.2.1&ixid=MnwxMjA3fDB8MHxzZWFyY2h8MXx8cGVvcGxlfGVufDB8fDB8fA%3D%3D&auto=format&fit=crop&w=300&q=60','https://images.unsplash.com/photo-1644094877479-facb0d5fc7da?ixlib=rb-1.2.1&ixid=MnwxMjA3fDB8MHxwaG90by1wYWdlfHx8fGVufDB8fHx8&auto=format&fit=crop&w=687&q=80','2022-02-22 19:38:46','random1212@efmail.com','8618570e29e3169e6ca033f277f1530532d17ddbad81761d338ec551c988239a36ae2d5739b95a489d6a6b1f7869997ebb4934a77eba446042989d8b452f5c73','ywfKoHuRUib7Jg'),(1661,'testUsername1111','this is a long bio! this is a long bio! this is a long bio! this is a long bio! this is a long bio! this is a long bio! this is a long bio! this is a long bio!','2004-04-04','https://images.unsplash.com/photo-1539571696357-5a69c17a67c6?ixlib=rb-1.2.1&ixid=MnwxMjA3fDB8MHxzZWFyY2h8NXx8cGVvcGxlfGVufDB8fDB8fA%3D%3D&auto=format&fit=crop&w=300&q=60','https://images.unsplash.com/32/Mc8kW4x9Q3aRR3RkP5Im_IMG_4417.jpg?ixlib=rb-1.2.1&ixid=MnwxMjA3fDB8MHxzZWFyY2h8Mnx8YmFja2dyb3VuZCUyMGltYWdlfGVufDB8MHwwfHw%3D&auto=format&fit=crop&w=300&q=60','2022-02-22 20:54:26','random1212@efmail.coom','8bc49b59cc19d1fff5d28a47476d5cd69c7270824905b9dcac240004d9421b4403094f2397b5d52169b2f295206144f8489e0e5cb493fc0459641c08780402c8','Vtk2U65SBA7wkg'),(1666,'testUsername@11211','this is a long bio! this is a long bio! this is a long bio! this is a long bio! this is a long bio! this is a long bio! this is a long bio! this is a long bio!','2004-04-04','https://images.unsplash.com/photo-1534528741775-53994a69daeb?ixlib=rb-1.2.1&ixid=MnwxMjA3fDB8MHxzZWFyY2h8NHx8cGVvcGxlfGVufDB8fDB8fA%3D%3D&auto=format&fit=crop&w=300&q=60','https://images.unsplash.com/photo-1644094877479-facb0d5fc7da?ixlib=rb-1.2.1&ixid=MnwxMjA3fDB8MHxwaG90by1wYWdlfHx8fGVufDB8fHx8&auto=format&fit=crop&w=687&q=80','2022-03-07 15:39:13','random121@efmail.coom','c1b6089660f91d1456979ae69a5945b046eb192848e36c06c6ae02d361e67993b51e5a5467ba2530af0243d5c2ba2d2431067cb7e86b01572786a769cbb85851','4_8LEE9L4Ht5MA');
/*!40000 ALTER TABLE `user` ENABLE KEYS */;
UNLOCK TABLES;

--
-- Dumping routines for database 'tweeter'
--
/*!40103 SET TIME_ZONE=@OLD_TIME_ZONE */;

/*!40101 SET SQL_MODE=@OLD_SQL_MODE */;
/*!40014 SET FOREIGN_KEY_CHECKS=@OLD_FOREIGN_KEY_CHECKS */;
/*!40014 SET UNIQUE_CHECKS=@OLD_UNIQUE_CHECKS */;
/*!40101 SET CHARACTER_SET_CLIENT=@OLD_CHARACTER_SET_CLIENT */;
/*!40101 SET CHARACTER_SET_RESULTS=@OLD_CHARACTER_SET_RESULTS */;
/*!40101 SET COLLATION_CONNECTION=@OLD_COLLATION_CONNECTION */;
/*!40111 SET SQL_NOTES=@OLD_SQL_NOTES */;

-- Dump completed on 2022-03-08 21:02:18
