-- MySQL dump 10.13  Distrib 5.5.62, for Win64 (AMD64)
--
-- Host: localhost    Database: tweeter
-- ------------------------------------------------------
-- Server version	5.5.5-10.7.3-MariaDB

/*!40101 SET @OLD_CHARACTER_SET_CLIENT=@@CHARACTER_SET_CLIENT */;
/*!40101 SET @OLD_CHARACTER_SET_RESULTS=@@CHARACTER_SET_RESULTS */;
/*!40101 SET @OLD_COLLATION_CONNECTION=@@COLLATION_CONNECTION */;
/*!40101 SET NAMES utf8 */;
/*!40103 SET @OLD_TIME_ZONE=@@TIME_ZONE */;
/*!40103 SET TIME_ZONE='+00:00' */;
/*!40014 SET @OLD_UNIQUE_CHECKS=@@UNIQUE_CHECKS, UNIQUE_CHECKS=0 */;
/*!40014 SET @OLD_FOREIGN_KEY_CHECKS=@@FOREIGN_KEY_CHECKS, FOREIGN_KEY_CHECKS=0 */;
/*!40101 SET @OLD_SQL_MODE=@@SQL_MODE, SQL_MODE='NO_AUTO_VALUE_ON_ZERO' */;
/*!40111 SET @OLD_SQL_NOTES=@@SQL_NOTES, SQL_NOTES=0 */;

--
-- Table structure for table `comment`
--

DROP TABLE IF EXISTS `comment`;
/*!40101 SET @saved_cs_client     = @@character_set_client */;
/*!40101 SET character_set_client = utf8 */;
CREATE TABLE `comment` (
  `id` int(10) unsigned NOT NULL AUTO_INCREMENT,
  `content` varchar(150) NOT NULL,
  `tweet_id` int(10) unsigned NOT NULL,
  `user_id` int(10) unsigned NOT NULL,
  `created_at` datetime NOT NULL DEFAULT current_timestamp(),
  PRIMARY KEY (`id`),
  KEY `comment_FK` (`user_id`),
  KEY `comment_FK_1` (`tweet_id`),
  CONSTRAINT `comment_FK` FOREIGN KEY (`user_id`) REFERENCES `user` (`id`) ON DELETE CASCADE ON UPDATE CASCADE,
  CONSTRAINT `comment_FK_1` FOREIGN KEY (`tweet_id`) REFERENCES `tweet` (`id`) ON DELETE CASCADE ON UPDATE CASCADE
) ENGINE=InnoDB AUTO_INCREMENT=1015 DEFAULT CHARSET=utf8mb3;
/*!40101 SET character_set_client = @saved_cs_client */;

--
-- Dumping data for table `comment`
--

LOCK TABLES `comment` WRITE;
/*!40000 ALTER TABLE `comment` DISABLE KEYS */;
/*!40000 ALTER TABLE `comment` ENABLE KEYS */;
UNLOCK TABLES;

--
-- Table structure for table `comment_like`
--

DROP TABLE IF EXISTS `comment_like`;
/*!40101 SET @saved_cs_client     = @@character_set_client */;
/*!40101 SET character_set_client = utf8 */;
CREATE TABLE `comment_like` (
  `id` int(10) unsigned NOT NULL AUTO_INCREMENT,
  `user_id` int(10) unsigned NOT NULL,
  `comment_id` int(10) unsigned NOT NULL,
  `created_at` datetime NOT NULL DEFAULT current_timestamp(),
  PRIMARY KEY (`id`),
  UNIQUE KEY `comment_like_un` (`user_id`,`comment_id`),
  KEY `comment_like_FK` (`comment_id`),
  CONSTRAINT `comment_like_FK` FOREIGN KEY (`comment_id`) REFERENCES `comment` (`id`) ON DELETE CASCADE ON UPDATE CASCADE,
  CONSTRAINT `comment_like_FK_1` FOREIGN KEY (`user_id`) REFERENCES `user` (`id`) ON DELETE CASCADE ON UPDATE CASCADE
) ENGINE=InnoDB AUTO_INCREMENT=991 DEFAULT CHARSET=utf8mb3;
/*!40101 SET character_set_client = @saved_cs_client */;

--
-- Dumping data for table `comment_like`
--

LOCK TABLES `comment_like` WRITE;
/*!40000 ALTER TABLE `comment_like` DISABLE KEYS */;
/*!40000 ALTER TABLE `comment_like` ENABLE KEYS */;
UNLOCK TABLES;

--
-- Table structure for table `follow`
--

DROP TABLE IF EXISTS `follow`;
/*!40101 SET @saved_cs_client     = @@character_set_client */;
/*!40101 SET character_set_client = utf8 */;
CREATE TABLE `follow` (
  `id` int(10) unsigned NOT NULL AUTO_INCREMENT,
  `follow_id` int(10) unsigned NOT NULL,
  `user_id` int(10) unsigned NOT NULL,
  `created_at` datetime NOT NULL DEFAULT current_timestamp(),
  PRIMARY KEY (`id`),
  UNIQUE KEY `follows_un` (`follow_id`,`user_id`),
  KEY `follow_FK` (`user_id`),
  CONSTRAINT `follow_FK` FOREIGN KEY (`user_id`) REFERENCES `user` (`id`) ON DELETE CASCADE ON UPDATE CASCADE,
  CONSTRAINT `follow_FK_1` FOREIGN KEY (`follow_id`) REFERENCES `user` (`id`) ON DELETE CASCADE ON UPDATE CASCADE,
  CONSTRAINT `you_cant_follow_yourself` CHECK (`user_id` <> `follow_id`)
) ENGINE=InnoDB AUTO_INCREMENT=76 DEFAULT CHARSET=utf8mb3;
/*!40101 SET character_set_client = @saved_cs_client */;

--
-- Dumping data for table `follow`
--

LOCK TABLES `follow` WRITE;
/*!40000 ALTER TABLE `follow` DISABLE KEYS */;
INSERT INTO `follow` VALUES (32,1661,1601,'2022-03-01 14:39:10'),(35,1661,1614,'2022-03-01 14:39:54'),(36,1661,1615,'2022-03-01 14:40:00'),(37,1615,1661,'2022-03-01 15:21:41'),(39,1601,1661,'2022-03-01 15:21:52'),(41,1605,1661,'2018-10-03 06:51:30'),(42,1661,916,'2014-08-16 05:23:31'),(43,921,930,'2019-09-05 09:38:41'),(44,1603,1613,'2015-12-09 19:57:44'),(45,921,909,'2018-08-29 05:10:16'),(46,912,908,'2015-12-15 09:32:11'),(47,917,919,'2016-04-23 13:08:31'),(48,1613,1661,'2014-05-24 23:07:09'),(49,929,913,'2016-07-31 13:46:13'),(50,1614,913,'2015-11-14 05:20:25'),(51,927,1602,'2012-09-18 14:34:01'),(52,932,912,'2017-10-15 21:01:58'),(53,1614,915,'2016-04-07 19:52:50'),(54,1614,917,'2019-10-29 04:26:46'),(55,910,1613,'2018-01-15 14:47:51'),(56,900,903,'2018-12-26 23:35:19'),(57,924,907,'2015-03-14 15:02:10'),(58,912,904,'2012-06-23 13:20:07'),(59,920,1656,'2017-01-25 09:37:30'),(60,1615,906,'2013-07-18 09:01:35'),(61,918,928,'2019-03-20 22:51:06'),(62,921,918,'2012-11-23 07:39:50'),(63,910,925,'2014-06-20 00:55:35'),(64,903,932,'2015-06-02 06:02:21'),(65,1601,912,'2018-06-16 13:01:19'),(66,926,916,'2014-09-28 18:41:42'),(67,922,924,'2016-08-08 23:41:07'),(68,927,920,'2014-12-28 10:16:12'),(69,917,1601,'2016-02-05 01:10:10'),(70,908,931,'2015-06-16 18:31:43'),(72,903,1661,'2022-03-06 12:04:49'),(74,914,913,'2022-03-06 12:05:20'),(75,924,913,'2022-03-06 12:05:25');
/*!40000 ALTER TABLE `follow` ENABLE KEYS */;
UNLOCK TABLES;

--
-- Table structure for table `login`
--

DROP TABLE IF EXISTS `login`;
/*!40101 SET @saved_cs_client     = @@character_set_client */;
/*!40101 SET character_set_client = utf8 */;
CREATE TABLE `login` (
  `id` int(10) unsigned NOT NULL AUTO_INCREMENT,
  `login_token` varchar(100) NOT NULL,
  `user_id` int(10) unsigned NOT NULL,
  `created_at` datetime NOT NULL DEFAULT current_timestamp(),
  PRIMARY KEY (`id`),
  UNIQUE KEY `login_un` (`login_token`),
  KEY `login_FK` (`user_id`),
  CONSTRAINT `login_FK` FOREIGN KEY (`user_id`) REFERENCES `user` (`id`) ON DELETE CASCADE ON UPDATE CASCADE
) ENGINE=InnoDB AUTO_INCREMENT=53 DEFAULT CHARSET=utf8mb3;
/*!40101 SET character_set_client = @saved_cs_client */;

--
-- Dumping data for table `login`
--

LOCK TABLES `login` WRITE;
/*!40000 ALTER TABLE `login` DISABLE KEYS */;
INSERT INTO `login` VALUES (2,'Sl57g0K7TGt-1HKyQKj6t3am13H3rJzKdfWCzM7NFUJYMHdt4UkFIo_ljLONrNRk5roUaoYMgrCmt5u0HeWRaA',1610,'2022-02-21 16:07:59'),(4,'rcNwsXhGBeredzwtewFiHqrDdnG4GDsXmWeXvYTOocInGl--DHY3t523fl_JGyM8hkwohO7mWrPvDh-Yxs-aOg',1613,'2022-02-21 16:44:22'),(5,'XKTvdfRnLoXKbqQhFHGrRwY9YiD8Jy4AearAN06Pfz552Urd7dc9plvX7iMx6E5ZNixlGnmTMOz9534bgrpTmQ',1614,'2022-02-21 16:48:28'),(6,'tBlJ7h9VYzZER21UEVRSxhqLKOygLL5nd_YD8vDpXNPhgOVLhlI1GMTyKSRT8ezjoHr49KTplB8dVpvzf6-Xtg',1615,'2022-02-21 17:53:59'),(13,'UOFp7DPfck6n3p9WSW374Q_gRjypPQ4EZcRbGUjcygI1iPrjKCCsQNNvNvSK73-nCwZR-3vi3RvMWd3GXkZfzg',1656,'2022-02-22 19:38:46'),(19,'fOUgGozIbvXVEodxKHGrYD8ZvDQ6JAi1rhz7Bk6ThXQp-iyAeiZ_x-1JZo4IleLRJaX_eU2DTdUXJGwBOHu3Pg',1661,'2022-02-22 20:54:26'),(41,'ebICnrx_AXGuD6mdYrcm6W4q91RC_ScSASJSyf85zqxrOcS1RMhORyMvxZTI-MdOqOHDuBDWWgIrUJj4vCv9fA',1602,'2022-03-02 11:55:56'),(42,'JxXFn8R-A_zWFUicE5WjuJ0JcK408K3KRsHOzHqnaFgIbNUFjPbkWe5_FsXG0sk-Lb2l8YWDALvIMRsyxAH8qA',1602,'2022-03-02 11:56:56'),(43,'9BnawbWVNAGsHWh7f4ZSjTV7alwC4yRPxFwBG2QjGiN-FfAGaKo0AO2rOo8_UVA_6c3zTzHkR-6fNeKyZVJpSQ',1602,'2022-03-02 11:58:07'),(45,'6s_QNoc7h2cf8XfoyAbydlmErueBb6-DCw0dI-hlBSGuj_gB722RNUxNnqnxbOScaXaqfPkHnGt6GQ79TlBMMQ',1601,'2022-03-05 15:25:36'),(47,'ea0yrj3l2BbPlzrdO7_Z8mpL2ME3S1F_oYgJ-EFWAbhxZSGoYTaAcKkIWtP53Q9GBtBoPmK5qk5LobHYZjLlbg',1610,'2022-03-05 15:52:44'),(48,'i0Y3Y0MkUh7DXv1qmp8MlCwOw8RZQFslsx0qn2X8ytYE3opWjypRvqi7KwNO4uUu3Ov9v_zrDdXlIG1fsjSayA',913,'2022-03-06 12:03:31'),(49,'vul-cqsaC4FkDTKag_6dEb1Fj_bQkNCzW-VKQ_aGAU7azKxb9o_iNIJyTpVCfyIs4VC1XbnI9uCc49bNCX9vGg',1666,'2022-03-07 15:39:13'),(50,'gCISyuFFiAhpNVjwtJ7ddCzQPF0ocVeQqutVVu6kLw0F8SONCMfBzHiH4NBVvNO9xqb3rR9MYiVwIAVdMkLh9Q',913,'2022-03-07 16:17:32');
/*!40000 ALTER TABLE `login` ENABLE KEYS */;
UNLOCK TABLES;

--
-- Table structure for table `tweet`
--

DROP TABLE IF EXISTS `tweet`;
/*!40101 SET @saved_cs_client     = @@character_set_client */;
/*!40101 SET character_set_client = utf8 */;
CREATE TABLE `tweet` (
  `id` int(10) unsigned NOT NULL AUTO_INCREMENT,
  `user_id` int(10) unsigned NOT NULL,
  `content` varchar(200) NOT NULL,
  `image_url` varchar(500) DEFAULT NULL,
  `created_at` datetime NOT NULL DEFAULT current_timestamp(),
  PRIMARY KEY (`id`),
  KEY `tweet_FK` (`user_id`),
  CONSTRAINT `tweet_FK` FOREIGN KEY (`user_id`) REFERENCES `user` (`id`) ON DELETE CASCADE ON UPDATE CASCADE
) ENGINE=InnoDB AUTO_INCREMENT=2009 DEFAULT CHARSET=utf8mb3;
/*!40101 SET character_set_client = @saved_cs_client */;

--
-- Dumping data for table `tweet`
--

LOCK TABLES `tweet` WRITE;
/*!40000 ALTER TABLE `tweet` DISABLE KEYS */;
INSERT INTO `tweet` VALUES (1009,900,',Lorem ipsum dolor sit amet consectetur adipisicing elit. Ma',NULL,'2017-07-24 12:48:42'),(1010,918,'Maxime mollitia,Lorem ipsum dolor sit amet consectetur adipisi',NULL,'2017-01-18 14:43:43'),(1011,918,'mollitia,Lorem ipsum dolor sit amet consectetur adipisicing elit.',NULL,'2017-06-24 20:47:02'),(1012,909,'sit amet consectetur adipisicing elit. Maxime mollitia,Lorem ipsum dolor',NULL,'2016-10-25 10:03:05'),(1013,916,'adipisicing elit. Maxime mollitia,Lorem ipsum dolor sit amet consect',NULL,'2019-08-25 01:38:41'),(1014,1603,'tia,Lorem ipsum dolor sit amet consectetur adipisici',NULL,'2020-01-01 13:33:00'),(1015,1613,'mollitia,Lorem ipsum dolor sit amet consectetur adi',NULL,'2016-01-27 08:06:11'),(1016,905,'adipisicing elit. Maxime mollitia,Lorem ipsum dolo',NULL,'2016-07-16 07:03:01'),(1017,916,'Maxime mollitia,Lorem ipsum dolor sit amet consectetur adipisi',NULL,'2018-10-03 18:22:05'),(1018,1666,'mollitia,Lorem ipsum dolor sit amet consectetur adipisicing elit. Max',NULL,'2017-05-21 20:00:04'),(1019,1601,'dolor sit amet consectetur adipisicing elit. Maxime mollitia,Lorem ip','https://images.unsplash.com/photo-1646048092547-3fff67e7adc8?ixlib=rb-1.2.1&ixid=MnwxMjA3fDB8MHxlZGl0b3JpYWwtZmVlZHwzOXx8fGVufDB8fHx8&auto=format&fit=crop&w=300&q=60','2018-02-03 17:57:24'),(1020,931,'sit amet consectetur adipisicing elit. Maxime mollitia,Lorem i',NULL,'2017-04-30 11:30:00'),(1021,901,'adipisicing elit. Maxime mollitia,Lorem ipsum dolor sit amet c',NULL,'2019-04-10 18:37:52'),(1022,1610,'consectetur adipisicing elit. Maxime mollitia,Lorem ip',NULL,'2017-03-04 01:58:52'),(1023,1605,'dolor sit amet consectetur adipisicing elit. Maxime mollit',NULL,'2016-11-22 21:43:08'),(1024,908,'Maxime mollitia,Lorem ipsum dolor sit amet consectetur adipisicing',NULL,'2015-05-22 12:08:59'),(1025,903,'ipsum dolor sit amet consectetur adipisicing elit. Maxime mollitia,Lore',NULL,'2016-12-28 05:02:32'),(1026,919,'ipsum dolor sit amet consectetur adipisicing elit. Maxime mollitia,Lore',NULL,'2018-12-19 22:42:06'),(1027,906,'Maxime mollitia,Lorem ipsum dolor sit amet consectetur adipisicing elit.',NULL,'2016-06-16 18:33:55'),(1028,909,'mollitia,Lorem ipsum dolor sit amet consectetur adipisicing elit. M',NULL,'2016-10-04 10:20:22'),(1029,912,'ollitia,Lorem ipsum dolor sit amet consectetur adipisicing elit.',NULL,'2017-05-29 04:08:46'),(1030,1602,'consectetur adipisicing elit. Maxime mollitia,Lorem ipsum dolor',NULL,'2015-11-26 19:44:32'),(1031,901,'consectetur adipisicing elit. Maxime mollitia,Lorem ipsum dolor sit a',NULL,'2019-12-09 11:42:34'),(1032,920,'adipisicing elit. Maxime mollitia,Lorem ipsum dolor si',NULL,'2017-08-03 09:07:23'),(1033,910,'adipisicing elit. Maxime mollitia,Lorem ipsum dolor sit amet consectetur',NULL,'2019-03-20 16:22:58'),(1034,907,'adipisicing elit. Maxime mollitia,Lorem ipsum dolor s',NULL,'2018-03-02 05:09:23'),(1035,914,'consectetur adipisicing elit. Maxime mollitia,Lorem ipsum dolor sit a',NULL,'2017-12-15 16:50:11'),(1036,906,'adipisicing elit. Maxime mollitia,Lorem ipsum dolor sit amet con','https://images.unsplash.com/photo-1646048092547-3fff67e7adc8?ixlib=rb-1.2.1&ixid=MnwxMjA3fDB8MHxlZGl0b3JpYWwtZmVlZHwzOXx8fGVufDB8fHx8&auto=format&fit=crop&w=300&q=60','2018-12-31 18:54:29'),(1037,1610,'adipisicing elit. Maxime mollitia,Lorem ipsum dolor sit amet c',NULL,'2018-08-29 15:37:47'),(1038,928,'consectetur adipisicing elit. Maxime mollitia,Lorem ipsum dolor sit',NULL,'2019-09-13 16:56:16'),(1039,916,'sit amet consectetur adipisicing elit. Maxime mollitia,Lo',NULL,'2018-05-21 09:24:11'),(1040,1615,'litia,Lorem ipsum dolor sit amet consectetur adipisicing elit. Ma',NULL,'2015-08-13 12:20:36'),(1041,1602,'adipisicing elit. Maxime mollitia,Lorem ipsum dolo',NULL,'2018-10-04 14:45:01'),(1042,905,'elit. Maxime mollitia,Lorem ipsum dolor sit amet consectetur adi',NULL,'2018-11-21 14:07:45'),(1043,915,'elit. Maxime mollitia,Lorem ipsum dolor sit amet consect',NULL,'2015-07-07 13:15:53'),(1044,1614,'ollitia,Lorem ipsum dolor sit amet consectetur adipisici',NULL,'2019-10-09 04:25:20'),(1045,930,'litia,Lorem ipsum dolor sit amet consectetur adipisicing elit. Maxime',NULL,'2016-07-12 06:33:58'),(1046,924,'mollitia,Lorem ipsum dolor sit amet consectetur adipisicing el',NULL,'2017-07-05 19:46:12'),(1047,1666,'Maxime mollitia,Lorem ipsum dolor sit amet consectetur ad','https://images.unsplash.com/photo-1646667687331-e06974a7fda2?ixlib=rb-1.2.1&ixid=MnwxMjA3fDB8MHxlZGl0b3JpYWwtZmVlZHwzM3x8fGVufDB8fHx8&auto=format&fit=crop&w=300&q=60','2016-11-16 21:22:52'),(1048,902,'Maxime mollitia,Lorem ipsum dolor sit amet consectetur',NULL,'2019-01-18 08:03:25'),(1049,902,'elit. Maxime mollitia,Lorem ipsum dolor sit amet conse',NULL,'2016-11-17 20:30:48'),(1050,908,'ipsum dolor sit amet consectetur adipisicing elit. Maxime mollitia,Lore',NULL,'2019-06-23 22:15:06'),(1051,1602,'ipsum dolor sit amet consectetur adipisicing elit. Maxime molli',NULL,'2019-04-15 13:20:24'),(1052,900,'itia,Lorem ipsum dolor sit amet consectetur adipis',NULL,'2017-01-07 17:46:24'),(1053,931,'elit. Maxime mollitia,Lorem ipsum dolor sit amet consectetur adip',NULL,'2019-09-05 02:06:19'),(1054,906,'dolor sit amet consectetur adipisicing elit. Maxime mollitia,Lorem',NULL,'2018-03-23 08:37:21'),(1055,918,'elit. Maxime mollitia,Lorem ipsum dolor sit amet consectetu',NULL,'2018-07-03 21:28:43'),(1056,931,'elit. Maxime mollitia,Lorem ipsum dolor sit amet consectetur adipisicin',NULL,'2015-01-03 18:18:13'),(1057,920,'Maxime mollitia,Lorem ipsum dolor sit amet consectetur adi',NULL,'2016-03-28 15:04:17'),(1058,914,'ipsum dolor sit amet consectetur adipisicing elit. M','https://images.unsplash.com/photo-1646667687331-e06974a7fda2?ixlib=rb-1.2.1&ixid=MnwxMjA3fDB8MHxlZGl0b3JpYWwtZmVlZHwzM3x8fGVufDB8fHx8&auto=format&fit=crop&w=300&q=60','2019-02-26 08:44:41'),(1059,906,'amet consectetur adipisicing elit. Maxime mollitia,Lorem ipsum dolor',NULL,'2015-06-17 11:23:05'),(1060,915,',Lorem ipsum dolor sit amet consectetur adipisicing elit. Maxime molli',NULL,'2019-07-18 14:18:10'),(1061,916,'adipisicing elit. Maxime mollitia,Lorem ipsum dolor sit amet consectetur',NULL,'2018-03-08 06:59:58'),(1062,918,'elit. Maxime mollitia,Lorem ipsum dolor sit amet consect',NULL,'2018-01-16 21:44:04'),(1063,1615,'mollitia,Lorem ipsum dolor sit amet consectetur adipisicing elit. M',NULL,'2015-12-26 18:35:20'),(1064,906,'elit. Maxime mollitia,Lorem ipsum dolor sit amet consecte',NULL,'2019-04-06 07:46:14'),(1065,904,'dolor sit amet consectetur adipisicing elit. Maxime mollit',NULL,'2017-03-14 09:01:06'),(1066,902,'elit. Maxime mollitia,Lorem ipsum dolor sit amet consectetur adipisicin',NULL,'2019-12-04 19:37:59'),(1067,1603,'amet consectetur adipisicing elit. Maxime mollitia,Lorem ipsum dolor sit',NULL,'2018-03-14 08:42:07'),(1068,932,'ollitia,Lorem ipsum dolor sit amet consectetur adipisicing elit. Maxi',NULL,'2019-06-11 10:18:54'),(1069,907,'dolor sit amet consectetur adipisicing elit. Maxime mollitia,Lorem i','https://images.unsplash.com/photo-1646048092547-3fff67e7adc8?ixlib=rb-1.2.1&ixid=MnwxMjA3fDB8MHxlZGl0b3JpYWwtZmVlZHwzOXx8fGVufDB8fHx8&auto=format&fit=crop&w=300&q=60','2016-01-27 21:11:26'),(1070,922,'mollitia,Lorem ipsum dolor sit amet consectetur adipisicing elit. Maxime',NULL,'2019-08-03 01:30:24'),(1071,915,'consectetur adipisicing elit. Maxime mollitia,Lorem ipsum dolor sit am',NULL,'2018-08-24 18:24:38'),(1072,911,'ipsum dolor sit amet consectetur adipisicing elit. Maxime molli',NULL,'2018-08-19 19:25:42'),(1073,923,'mollitia,Lorem ipsum dolor sit amet consectetur adipisicing',NULL,'2016-09-02 05:18:29'),(1074,1614,'elit. Maxime mollitia,Lorem ipsum dolor sit amet consectetur adipisicing',NULL,'2016-12-02 22:15:21'),(1075,1601,'Maxime mollitia,Lorem ipsum dolor sit amet consectetur adipisicing',NULL,'2018-11-16 06:34:20'),(1076,914,'consectetur adipisicing elit. Maxime mollitia,Lorem ipsum dolor sit amet',NULL,'2019-07-12 20:49:01'),(1077,907,'adipisicing elit. Maxime mollitia,Lorem ipsum dolor sit amet',NULL,'2017-03-14 23:11:20'),(1078,904,'ia,Lorem ipsum dolor sit amet consectetur adipisici',NULL,'2019-01-18 19:02:01'),(1079,911,'a,Lorem ipsum dolor sit amet consectetur adipisicing elit. Maxime mollit',NULL,'2015-11-15 13:42:45'),(1080,1666,'Maxime mollitia,Lorem ipsum dolor sit amet consectetur adipisicing elit.',NULL,'2019-10-25 10:57:05'),(1081,930,'Maxime mollitia,Lorem ipsum dolor sit amet consectetur ad',NULL,'2016-05-10 23:04:06'),(1082,913,'Maxime mollitia,Lorem ipsum dolor sit amet consectetur adipisicin',NULL,'2015-04-05 16:31:47'),(1083,912,'adipisicing elit. Maxime mollitia,Lorem ipsum dolor sit amet consect',NULL,'2015-12-09 17:15:08'),(1084,917,'elit. Maxime mollitia,Lorem ipsum dolor sit amet consec',NULL,'2016-04-01 21:01:09'),(1085,1607,'adipisicing elit. Maxime mollitia,Lorem ipsum dolor sit amet consec',NULL,'2016-03-13 11:01:30'),(1086,1605,'mollitia,Lorem ipsum dolor sit amet consectetur adipisicing elit','https://images.unsplash.com/photo-1646048092547-3fff67e7adc8?ixlib=rb-1.2.1&ixid=MnwxMjA3fDB8MHxlZGl0b3JpYWwtZmVlZHwzOXx8fGVufDB8fHx8&auto=format&fit=crop&w=300&q=60','2016-04-05 22:53:44'),(1087,901,'mollitia,Lorem ipsum dolor sit amet consectetur adipisicing elit. Max',NULL,'2016-05-08 19:58:13'),(1088,1615,'dolor sit amet consectetur adipisicing elit. Maxime mol',NULL,'2017-11-29 09:35:47'),(1089,912,'sit amet consectetur adipisicing elit. Maxime mollitia,L',NULL,'2017-08-19 00:04:14'),(1090,918,'mollitia,Lorem ipsum dolor sit amet consectetur adipisicing elit. Maxime',NULL,'2018-06-15 23:54:37'),(1091,914,'elit. Maxime mollitia,Lorem ipsum dolor sit amet consec','https://images.unsplash.com/photo-1646667687331-e06974a7fda2?ixlib=rb-1.2.1&ixid=MnwxMjA3fDB8MHxlZGl0b3JpYWwtZmVlZHwzM3x8fGVufDB8fHx8&auto=format&fit=crop&w=300&q=60','2019-10-14 14:38:11'),(1092,920,'elit. Maxime mollitia,Lorem ipsum dolor sit amet consectet',NULL,'2019-10-14 11:57:49'),(1093,910,'dolor sit amet consectetur adipisicing elit. Maxime mollitia,L',NULL,'2015-12-25 08:42:59'),(1094,910,'ipsum dolor sit amet consectetur adipisicing elit. Maxime ',NULL,'2017-01-13 02:17:01'),(1095,900,'dolor sit amet consectetur adipisicing elit. Maxim',NULL,'2019-04-11 15:41:04'),(1096,1602,'amet consectetur adipisicing elit. Maxime mollitia,Lorem i',NULL,'2015-04-13 12:06:52'),(1097,926,'consectetur adipisicing elit. Maxime mollitia,Lorem ip',NULL,'2015-06-26 03:35:54'),(1098,914,'elit. Maxime mollitia,Lorem ipsum dolor sit amet consectetur adipisicing',NULL,'2019-08-12 03:01:58'),(1099,905,'consectetur adipisicing elit. Maxime mollitia,Lorem ipsum dolor sit ame',NULL,'2017-01-28 13:47:45'),(1100,913,'adipisicing elit. Maxime mollitia,Lorem ipsum dolor',NULL,'2018-01-29 06:45:48'),(1101,1613,'Maxime mollitia,Lorem ipsum dolor sit amet consectetur ad',NULL,'2015-02-16 19:22:09'),(1102,917,'adipisicing elit. Maxime mollitia,Lorem ipsum dolor sit',NULL,'2015-09-04 04:23:43'),(1103,915,'Maxime mollitia,Lorem ipsum dolor sit amet consecte',NULL,'2016-04-18 23:59:06'),(1104,902,'elit. Maxime mollitia,Lorem ipsum dolor sit amet c',NULL,'2015-05-16 23:21:48'),(1105,908,'mollitia,Lorem ipsum dolor sit amet consectetur adipisicing elit. Maxi',NULL,'2019-06-20 16:50:59'),(1106,927,'mollitia,Lorem ipsum dolor sit amet consectetur adipisicing elit. Maxime',NULL,'2016-02-22 23:42:48'),(1107,924,'adipisicing elit. Maxime mollitia,Lorem ipsum dolor sit ame',NULL,'2015-03-27 08:08:38'),(1108,900,'elit. Maxime mollitia,Lorem ipsum dolor sit amet consectetur adip',NULL,'2019-11-09 16:30:50'),(1109,1601,'amet consectetur adipisicing elit. Maxime mollitia,Lorem ipsum dolor sit',NULL,'2019-08-25 17:03:24'),(1110,902,'dolor sit amet consectetur adipisicing elit. Maxime',NULL,'2017-07-17 02:06:30'),(1111,1603,'adipisicing elit. Maxime mollitia,Lorem ipsum dolor sit amet consectet','https://images.unsplash.com/photo-1646048092547-3fff67e7adc8?ixlib=rb-1.2.1&ixid=MnwxMjA3fDB8MHxlZGl0b3JpYWwtZmVlZHwzOXx8fGVufDB8fHx8&auto=format&fit=crop&w=300&q=60','2016-01-05 02:14:12'),(1112,1602,'consectetur adipisicing elit. Maxime mollitia,Lorem ipsum dolor',NULL,'2017-05-08 20:21:30'),(1113,902,'adipisicing elit. Maxime mollitia,Lorem ipsum dolor s',NULL,'2015-10-04 21:12:30'),(1114,915,'amet consectetur adipisicing elit. Maxime mollitia,Lorem i',NULL,'2018-10-12 14:27:07'),(1115,919,'ipsum dolor sit amet consectetur adipisicing elit. Maxime moll',NULL,'2019-10-02 20:25:28'),(1116,911,'ipsum dolor sit amet consectetur adipisicing elit. Ma',NULL,'2016-04-25 11:52:47'),(1117,926,'amet consectetur adipisicing elit. Maxime mollitia,Lorem ip',NULL,'2017-04-11 17:05:49'),(1118,912,'Maxime mollitia,Lorem ipsum dolor sit amet consect',NULL,'2015-02-15 12:31:54'),(1119,922,'adipisicing elit. Maxime mollitia,Lorem ipsum dolor sit amet c',NULL,'2016-10-26 14:28:40'),(1120,930,'sit amet consectetur adipisicing elit. Maxime molliti',NULL,'2015-08-04 08:18:21'),(1121,916,'elit. Maxime mollitia,Lorem ipsum dolor sit amet consect',NULL,'2019-07-19 00:02:11'),(1122,1615,'dolor sit amet consectetur adipisicing elit. Maxime mollitia,Lorem i',NULL,'2015-05-15 08:07:25'),(1123,1607,'elit. Maxime mollitia,Lorem ipsum dolor sit amet consectetur',NULL,'2016-06-09 07:49:24'),(1124,1661,'ipsum dolor sit amet consectetur adipisicing elit. Maxim',NULL,'2019-09-07 18:17:11'),(1125,1661,'elit. Maxime mollitia,Lorem ipsum dolor sit amet consectetur adipi',NULL,'2017-05-21 07:52:50'),(1126,1615,'dolor sit amet consectetur adipisicing elit. Maxime mollitia,Lor',NULL,'2015-10-21 18:37:01'),(1127,1666,'consectetur adipisicing elit. Maxime mollitia,Lorem ipsum dolor sit amet',NULL,'2018-11-28 04:35:01'),(1128,1613,'ipsum dolor sit amet consectetur adipisicing elit. Maxime mollitia,Lorem',NULL,'2016-02-05 10:33:13'),(1129,918,'itia,Lorem ipsum dolor sit amet consectetur adipisi',NULL,'2017-07-09 01:17:10'),(1130,901,'adipisicing elit. Maxime mollitia,Lorem ipsum dolor sit amet consectetur','https://images.unsplash.com/photo-1646667687331-e06974a7fda2?ixlib=rb-1.2.1&ixid=MnwxMjA3fDB8MHxlZGl0b3JpYWwtZmVlZHwzM3x8fGVufDB8fHx8&auto=format&fit=crop&w=300&q=60','2019-08-16 11:50:38'),(1131,1601,'sit amet consectetur adipisicing elit. Maxime molli',NULL,'2017-06-07 18:15:05'),(1132,932,'sit amet consectetur adipisicing elit. Maxime mollitia,Lo',NULL,'2015-12-12 23:39:43'),(1133,919,'mollitia,Lorem ipsum dolor sit amet consectetur adipisicing',NULL,'2018-09-27 04:24:07'),(1134,903,'sit amet consectetur adipisicing elit. Maxime molli',NULL,'2016-02-17 09:36:57'),(1135,926,'mollitia,Lorem ipsum dolor sit amet consectetur adipisicing elit. Maxime',NULL,'2017-02-17 19:48:30'),(1136,901,'ipsum dolor sit amet consectetur adipisicing elit. Maxime mollitia',NULL,'2017-11-22 15:36:16'),(1137,1601,'litia,Lorem ipsum dolor sit amet consectetur adipis',NULL,'2016-07-28 19:21:47'),(1138,1614,'Maxime mollitia,Lorem ipsum dolor sit amet consectetur adipisicing elit.',NULL,'2018-04-06 02:00:32'),(1139,907,'elit. Maxime mollitia,Lorem ipsum dolor sit amet consec',NULL,'2019-12-26 06:14:49'),(1140,1601,'adipisicing elit. Maxime mollitia,Lorem ipsum dolor',NULL,'2019-09-27 07:53:04'),(1141,905,'elit. Maxime mollitia,Lorem ipsum dolor sit amet consectetur',NULL,'2019-09-28 17:53:44'),(1142,927,'mollitia,Lorem ipsum dolor sit amet consectetur adipis',NULL,'2019-11-12 03:55:32'),(1143,1603,'ia,Lorem ipsum dolor sit amet consectetur adipisicing elit.',NULL,'2016-08-22 10:22:56'),(1144,903,'elit. Maxime mollitia,Lorem ipsum dolor sit amet consectetur','https://images.unsplash.com/photo-1640622842936-b81247a2d4a9?ixlib=rb-1.2.1&ixid=MnwxMjA3fDF8MHxlZGl0b3JpYWwtZmVlZHw0MHx8fGVufDB8fHx8&auto=format&fit=crop&w=300&q=60','2015-09-27 12:17:42'),(1145,920,'dolor sit amet consectetur adipisicing elit. Maxime mollitia,Lorem i',NULL,'2017-10-30 13:42:23'),(1146,911,'sit amet consectetur adipisicing elit. Maxime mollitia,Lorem ipsu',NULL,'2019-10-09 20:26:16'),(1147,926,'litia,Lorem ipsum dolor sit amet consectetur adipisicing elit. Maxi',NULL,'2017-04-30 18:11:48'),(1148,1614,'adipisicing elit. Maxime mollitia,Lorem ipsum dolor',NULL,'2015-04-29 00:54:18'),(1149,926,'consectetur adipisicing elit. Maxime mollitia,Lorem ipsum dolor sit amet',NULL,'2018-04-21 17:59:24'),(1150,932,'mollitia,Lorem ipsum dolor sit amet consectetur adipisicing eli',NULL,'2016-10-07 03:08:40'),(1151,916,'elit. Maxime mollitia,Lorem ipsum dolor sit amet consectetur adipisicin',NULL,'2016-01-19 21:39:34'),(1152,927,'Maxime mollitia,Lorem ipsum dolor sit amet consectetur',NULL,'2015-12-05 09:37:46'),(1153,900,'adipisicing elit. Maxime mollitia,Lorem ipsum dolor sit amet conse',NULL,'2019-08-22 02:17:36'),(1154,1661,'elit. Maxime mollitia,Lorem ipsum dolor sit amet consectetur adipisicin',NULL,'2018-02-12 08:17:19'),(1155,923,'amet consectetur adipisicing elit. Maxime mollitia,Lor',NULL,'2015-10-03 11:11:36'),(1156,927,'consectetur adipisicing elit. Maxime mollitia,Lorem ip',NULL,'2017-02-14 08:43:50'),(1157,932,',Lorem ipsum dolor sit amet consectetur adipisicing elit. Max',NULL,'2018-12-04 07:22:21'),(1158,903,'adipisicing elit. Maxime mollitia,Lorem ipsum dolor sit a',NULL,'2016-09-02 22:36:58'),(1159,1656,'elit. Maxime mollitia,Lorem ipsum dolor sit amet consectetur adipisicin',NULL,'2019-04-26 22:00:11'),(1160,913,'adipisicing elit. Maxime mollitia,Lorem ipsum dolor sit ame','https://images.unsplash.com/photo-1646667687331-e06974a7fda2?ixlib=rb-1.2.1&ixid=MnwxMjA3fDB8MHxlZGl0b3JpYWwtZmVlZHwzM3x8fGVufDB8fHx8&auto=format&fit=crop&w=300&q=60','2016-07-09 14:56:03'),(1161,909,'llitia,Lorem ipsum dolor sit amet consectetur adipi',NULL,'2015-06-10 03:48:36'),(1162,906,'dolor sit amet consectetur adipisicing elit. Maxime moll',NULL,'2017-10-09 16:12:22'),(1163,900,'consectetur adipisicing elit. Maxime mollitia,Lorem',NULL,'2015-10-12 02:43:21'),(1164,900,'adipisicing elit. Maxime mollitia,Lorem ipsum dolor sit amet consectetur',NULL,'2015-10-06 19:55:41'),(1165,928,'adipisicing elit. Maxime mollitia,Lorem ipsum dolor sit amet consecte',NULL,'2018-04-28 15:23:55'),(1166,1603,'elit. Maxime mollitia,Lorem ipsum dolor sit amet consectetur adipi',NULL,'2018-02-03 08:39:40'),(1167,912,'ipsum dolor sit amet consectetur adipisicing elit. Maxime moll',NULL,'2016-04-09 20:07:47'),(1168,1613,'consectetur adipisicing elit. Maxime mollitia,Lorem ipsum dolor sit amet',NULL,'2015-06-21 14:06:29'),(1169,904,'Maxime mollitia,Lorem ipsum dolor sit amet consectetur adipisicing',NULL,'2016-05-27 21:52:57'),(1170,914,'consectetur adipisicing elit. Maxime mollitia,Lorem ip',NULL,'2018-08-08 10:20:03'),(1171,926,'adipisicing elit. Maxime mollitia,Lorem ipsum dolor sit amet c',NULL,'2016-06-23 00:50:24'),(1172,922,'amet consectetur adipisicing elit. Maxime mollitia,Lor',NULL,'2016-08-07 20:11:46'),(1173,924,'mollitia,Lorem ipsum dolor sit amet consectetur adipisicing elit. Maxim',NULL,'2016-05-30 06:07:21'),(1174,1601,'adipisicing elit. Maxime mollitia,Lorem ipsum dolor sit amet consect',NULL,'2016-10-21 16:58:38'),(1175,1656,'ipsum dolor sit amet consectetur adipisicing elit. Maxime mollitia,',NULL,'2017-04-18 17:37:42'),(1176,923,'dolor sit amet consectetur adipisicing elit. Maxime mollitia,L',NULL,'2016-06-11 19:10:33'),(1177,1656,'amet consectetur adipisicing elit. Maxime mollitia,Lorem ips','https://images.unsplash.com/photo-1640622842936-b81247a2d4a9?ixlib=rb-1.2.1&ixid=MnwxMjA3fDF8MHxlZGl0b3JpYWwtZmVlZHw0MHx8fGVufDB8fHx8&auto=format&fit=crop&w=300&q=60','2017-06-02 22:07:39'),(1178,1601,'ipsum dolor sit amet consectetur adipisicing elit. Maxime mollitia,Lorem',NULL,'2015-11-16 18:16:17'),(1179,922,'ia,Lorem ipsum dolor sit amet consectetur adipisicing elit. M',NULL,'2017-11-07 00:44:14'),(1180,922,'sit amet consectetur adipisicing elit. Maxime mollitia,Lorem ipsum do',NULL,'2018-08-30 05:21:06'),(1181,911,'consectetur adipisicing elit. Maxime mollitia,Lorem i',NULL,'2018-08-07 14:29:56'),(1182,924,'elit. Maxime mollitia,Lorem ipsum dolor sit amet consectetur adipisicin',NULL,'2016-04-10 19:56:36'),(1183,1605,'sit amet consectetur adipisicing elit. Maxime mollitia,Lo',NULL,'2019-07-01 16:10:17'),(1184,1656,'consectetur adipisicing elit. Maxime mollitia,Lorem ips',NULL,'2018-11-22 04:01:44'),(1185,1615,'adipisicing elit. Maxime mollitia,Lorem ipsum dolor si',NULL,'2018-07-13 21:35:46'),(1186,1605,'amet consectetur adipisicing elit. Maxime mollitia,Lorem ipsum d',NULL,'2016-04-05 17:52:35'),(1187,926,'consectetur adipisicing elit. Maxime mollitia,Lorem ipsum do',NULL,'2018-09-27 21:43:31'),(1188,931,'mollitia,Lorem ipsum dolor sit amet consectetur adipis',NULL,'2018-08-01 21:57:16'),(1189,907,'ia,Lorem ipsum dolor sit amet consectetur adipisicing elit. Maxime mol',NULL,'2018-03-30 23:08:34'),(1190,920,'adipisicing elit. Maxime mollitia,Lorem ipsum dolor',NULL,'2015-05-16 05:56:16'),(1191,905,'itia,Lorem ipsum dolor sit amet consectetur adipisicing elit.',NULL,'2016-06-01 04:12:14'),(1192,901,'adipisicing elit. Maxime mollitia,Lorem ipsum dolor sit amet consec',NULL,'2015-09-29 12:10:53'),(1193,931,'a,Lorem ipsum dolor sit amet consectetur adipisicing elit. Maxime mo','https://images.unsplash.com/photo-1646667687331-e06974a7fda2?ixlib=rb-1.2.1&ixid=MnwxMjA3fDB8MHxlZGl0b3JpYWwtZmVlZHwzM3x8fGVufDB8fHx8&auto=format&fit=crop&w=300&q=60','2019-10-08 23:32:06'),(1194,919,'dolor sit amet consectetur adipisicing elit. Maxime mollitia,Lo',NULL,'2015-09-10 18:18:02'),(1195,914,'sit amet consectetur adipisicing elit. Maxime mollitia,',NULL,'2016-11-02 06:56:18'),(1196,1601,'mollitia,Lorem ipsum dolor sit amet consectetur adipisicin',NULL,'2015-03-12 01:32:52'),(1197,916,'Maxime mollitia,Lorem ipsum dolor sit amet consectetur adipisicing el',NULL,'2015-01-01 14:33:52'),(1198,1607,'elit. Maxime mollitia,Lorem ipsum dolor sit amet consectetur adipisi',NULL,'2016-05-12 20:59:49'),(1199,1613,'adipisicing elit. Maxime mollitia,Lorem ipsum dolor',NULL,'2015-04-25 20:41:00'),(1200,915,'litia,Lorem ipsum dolor sit amet consectetur adipisicing e',NULL,'2017-10-23 14:46:18'),(1201,927,'tia,Lorem ipsum dolor sit amet consectetur adipisicing elit',NULL,'2017-02-06 03:44:06'),(1202,930,'consectetur adipisicing elit. Maxime mollitia,Lorem',NULL,'2017-04-19 01:52:42'),(1203,1666,'tia,Lorem ipsum dolor sit amet consectetur adipisi',NULL,'2016-10-02 09:27:48'),(1204,923,'consectetur adipisicing elit. Maxime mollitia,Lore',NULL,'2019-08-17 19:59:36'),(1205,1607,'dolor sit amet consectetur adipisicing elit. Maxime mo',NULL,'2018-08-11 05:05:07'),(1206,906,'adipisicing elit. Maxime mollitia,Lorem ipsum dolor sit amet consectet','https://images.unsplash.com/photo-1640622842936-b81247a2d4a9?ixlib=rb-1.2.1&ixid=MnwxMjA3fDF8MHxlZGl0b3JpYWwtZmVlZHw0MHx8fGVufDB8fHx8&auto=format&fit=crop&w=300&q=60','2018-04-01 09:15:41'),(1207,916,'sit amet consectetur adipisicing elit. Maxime mollitia,Lor',NULL,'2019-12-16 01:48:41'),(1208,904,'adipisicing elit. Maxime mollitia,Lorem ipsum dolor s',NULL,'2017-08-11 20:48:05'),(1209,904,'elit. Maxime mollitia,Lorem ipsum dolor sit amet consectetur ad',NULL,'2018-06-23 20:47:57'),(1210,1605,'sit amet consectetur adipisicing elit. Maxime mollitia,Lorem i',NULL,'2015-11-16 01:47:06'),(1211,907,'dolor sit amet consectetur adipisicing elit. Maxime molliti',NULL,'2018-06-09 19:46:39'),(1212,905,'mollitia,Lorem ipsum dolor sit amet consectetur adipis',NULL,'2019-08-03 08:53:37'),(1213,910,'sit amet consectetur adipisicing elit. Maxime mollitia,Lorem ips',NULL,'2018-05-31 00:01:42'),(1214,925,'adipisicing elit. Maxime mollitia,Lorem ipsum dolor sit ame',NULL,'2019-08-31 03:36:49'),(1215,924,'Maxime mollitia,Lorem ipsum dolor sit amet consectetur adip',NULL,'2018-02-15 18:13:45'),(1216,917,'consectetur adipisicing elit. Maxime mollitia,Lorem ipsum do',NULL,'2015-10-05 23:12:25'),(1217,1614,'ipsum dolor sit amet consectetur adipisicing elit. Maxime mol',NULL,'2016-07-27 07:16:46'),(1218,911,'ollitia,Lorem ipsum dolor sit amet consectetur adipisicing elit.',NULL,'2015-12-06 00:16:23'),(1219,907,'mollitia,Lorem ipsum dolor sit amet consectetur adipisicing elit. Maxi',NULL,'2016-02-23 13:08:42'),(1220,902,'sit amet consectetur adipisicing elit. Maxime mollitia,',NULL,'2015-04-30 07:56:44'),(1221,927,'adipisicing elit. Maxime mollitia,Lorem ipsum dolor sit amet consecte',NULL,'2016-06-02 18:40:42'),(1222,1661,',Lorem ipsum dolor sit amet consectetur adipisicing elit. Maxime mol',NULL,'2015-01-06 21:01:14'),(1223,1607,'elit. Maxime mollitia,Lorem ipsum dolor sit amet con',NULL,'2018-05-25 18:02:48'),(1224,905,'amet consectetur adipisicing elit. Maxime mollitia,Lorem ipsum d',NULL,'2019-03-03 20:22:56'),(1225,931,'Maxime mollitia,Lorem ipsum dolor sit amet consectetur adipisici',NULL,'2018-06-14 10:15:48'),(1226,928,'adipisicing elit. Maxime mollitia,Lorem ipsum dolor',NULL,'2016-11-06 12:54:40'),(1227,1666,'adipisicing elit. Maxime mollitia,Lorem ipsum dolor sit','https://images.unsplash.com/photo-1646667687331-e06974a7fda2?ixlib=rb-1.2.1&ixid=MnwxMjA3fDB8MHxlZGl0b3JpYWwtZmVlZHwzM3x8fGVufDB8fHx8&auto=format&fit=crop&w=300&q=60','2019-12-01 21:19:09'),(1228,916,'ipsum dolor sit amet consectetur adipisicing elit. Maxime mollitia,Lo',NULL,'2015-06-06 23:52:16'),(1229,924,'adipisicing elit. Maxime mollitia,Lorem ipsum dolor sit amet conse',NULL,'2016-04-22 20:31:08'),(1230,1610,'amet consectetur adipisicing elit. Maxime mollitia,Lorem ipsum dolor sit',NULL,'2019-07-06 21:06:59'),(1231,900,'consectetur adipisicing elit. Maxime mollitia,Lorem ipsum',NULL,'2015-01-09 10:21:23'),(1232,926,'elit. Maxime mollitia,Lorem ipsum dolor sit amet consectetur adipi',NULL,'2018-04-07 03:38:18'),(1233,905,'adipisicing elit. Maxime mollitia,Lorem ipsum dolor si',NULL,'2017-04-07 07:07:14'),(1234,907,'adipisicing elit. Maxime mollitia,Lorem ipsum dolor sit',NULL,'2019-11-08 01:12:39'),(1235,924,'elit. Maxime mollitia,Lorem ipsum dolor sit amet consectet',NULL,'2017-12-03 07:41:49'),(1236,914,'litia,Lorem ipsum dolor sit amet consectetur adipisicing elit. Maxime mo',NULL,'2018-07-26 03:26:05'),(1237,1666,'consectetur adipisicing elit. Maxime mollitia,Lorem','https://images.unsplash.com/photo-1640622842936-b81247a2d4a9?ixlib=rb-1.2.1&ixid=MnwxMjA3fDF8MHxlZGl0b3JpYWwtZmVlZHw0MHx8fGVufDB8fHx8&auto=format&fit=crop&w=300&q=60','2018-02-08 00:36:23'),(1238,1661,'adipisicing elit. Maxime mollitia,Lorem ipsum dolo',NULL,'2019-08-09 19:40:19'),(1239,928,'dolor sit amet consectetur adipisicing elit. Maxime moll',NULL,'2015-12-17 15:32:21'),(1240,925,'elit. Maxime mollitia,Lorem ipsum dolor sit amet consectetur adipisicing',NULL,'2019-06-13 00:58:38'),(1241,930,'adipisicing elit. Maxime mollitia,Lorem ipsum dolor',NULL,'2015-06-29 16:05:09'),(1242,1602,'elit. Maxime mollitia,Lorem ipsum dolor sit amet consectetur',NULL,'2019-10-14 08:59:46'),(1243,1615,'dolor sit amet consectetur adipisicing elit. Maxime mollitia,Lorem ip',NULL,'2019-03-04 21:04:26'),(1244,914,'dolor sit amet consectetur adipisicing elit. Maxime mollitia,Lore',NULL,'2019-11-28 13:55:17'),(1245,900,'adipisicing elit. Maxime mollitia,Lorem ipsum dolor sit amet consectetur','https://images.unsplash.com/photo-1646649421173-7e24e66613de?ixlib=rb-1.2.1&ixid=MnwxMjA3fDB8MHxlZGl0b3JpYWwtZmVlZHwzMnx8fGVufDB8fHx8&auto=format&fit=crop&w=300&q=60','2018-04-27 07:11:56'),(1246,901,'mollitia,Lorem ipsum dolor sit amet consectetur adipisicing elit. Maxime',NULL,'2015-10-04 06:46:14'),(1247,921,'mollitia,Lorem ipsum dolor sit amet consectetur adipi',NULL,'2017-02-14 22:33:13'),(1248,910,'mollitia,Lorem ipsum dolor sit amet consectetur adipis',NULL,'2016-06-05 07:37:56'),(1249,906,'a,Lorem ipsum dolor sit amet consectetur adipisicing elit. Ma',NULL,'2019-12-12 14:04:41'),(1250,929,'dolor sit amet consectetur adipisicing elit. Maxime mollitia,Lorem ipsum',NULL,'2016-12-31 14:06:55'),(1251,929,'elit. Maxime mollitia,Lorem ipsum dolor sit amet con',NULL,'2015-10-24 11:35:56'),(1252,928,'adipisicing elit. Maxime mollitia,Lorem ipsum dolor sit amet consectetur',NULL,'2019-12-30 14:24:21'),(1253,922,'mollitia,Lorem ipsum dolor sit amet consectetur adipisici',NULL,'2019-01-29 11:07:56'),(1254,906,'dolor sit amet consectetur adipisicing elit. Maxime mo',NULL,'2015-11-17 23:46:55'),(1255,1607,'adipisicing elit. Maxime mollitia,Lorem ipsum dolor',NULL,'2016-02-19 07:01:45'),(1256,926,'Maxime mollitia,Lorem ipsum dolor sit amet consectetur adip',NULL,'2015-08-29 21:48:57'),(1257,916,'consectetur adipisicing elit. Maxime mollitia,Lorem ipsum dolor sit am',NULL,'2018-04-20 11:48:36'),(1258,1610,'mollitia,Lorem ipsum dolor sit amet consectetur adipisicing elit.',NULL,'2019-10-02 11:04:19'),(1259,914,'dolor sit amet consectetur adipisicing elit. Maxime molliti',NULL,'2018-01-02 02:23:17'),(1260,901,'adipisicing elit. Maxime mollitia,Lorem ipsum dolor sit amet con',NULL,'2015-05-17 12:27:20'),(1261,1610,'consectetur adipisicing elit. Maxime mollitia,Lorem ipsum dolor sit a',NULL,'2016-10-15 16:19:11'),(1262,1661,'elit. Maxime mollitia,Lorem ipsum dolor sit amet consectetur adi',NULL,'2015-01-07 13:09:19'),(1263,1661,'dolor sit amet consectetur adipisicing elit. Maxime mollitia,Lorem ipsum',NULL,'2017-02-23 23:29:54'),(1264,928,'elit. Maxime mollitia,Lorem ipsum dolor sit amet conse','https://images.unsplash.com/photo-1643040829889-9edfa7c2aca4?ixlib=rb-1.2.1&ixid=MnwxMjA3fDB8MHxlZGl0b3JpYWwtZmVlZHw0Nnx8fGVufDB8fHx8&auto=format&fit=crop&w=300&q=60','2016-10-29 07:50:55'),(1265,919,'consectetur adipisicing elit. Maxime mollitia,Lorem',NULL,'2017-09-12 06:13:02'),(1266,1661,'consectetur adipisicing elit. Maxime mollitia,Lorem',NULL,'2016-02-18 02:24:56'),(1267,932,'elit. Maxime mollitia,Lorem ipsum dolor sit amet consec',NULL,'2015-11-08 10:56:24'),(1268,911,'Lorem ipsum dolor sit amet consectetur adipisicing elit. Maxime mollit',NULL,'2016-08-07 01:33:41'),(1269,1615,'llitia,Lorem ipsum dolor sit amet consectetur adipisicin',NULL,'2015-08-31 23:06:13'),(1270,918,'litia,Lorem ipsum dolor sit amet consectetur adipisicing e',NULL,'2017-06-02 23:15:01'),(1271,912,'elit. Maxime mollitia,Lorem ipsum dolor sit amet consectetur ad',NULL,'2018-11-30 19:04:12'),(1272,902,'consectetur adipisicing elit. Maxime mollitia,Lorem ipsum',NULL,'2018-05-28 22:19:06'),(1273,932,'sit amet consectetur adipisicing elit. Maxime mollitia,Lore',NULL,'2015-08-23 13:28:28'),(1274,926,'elit. Maxime mollitia,Lorem ipsum dolor sit amet consectetur adi',NULL,'2018-01-01 00:09:32'),(1275,913,'ipsum dolor sit amet consectetur adipisicing elit. Maxime mollitia,L',NULL,'2017-05-30 07:08:27'),(1276,912,'Maxime mollitia,Lorem ipsum dolor sit amet consectetur adipisicing el',NULL,'2017-03-12 22:22:12'),(1277,1613,'consectetur adipisicing elit. Maxime mollitia,Lorem ip',NULL,'2019-09-30 16:05:42'),(1278,1605,'elit. Maxime mollitia,Lorem ipsum dolor sit amet consectetur adipis',NULL,'2016-07-26 16:00:06'),(1279,903,'ollitia,Lorem ipsum dolor sit amet consectetur adipisicing elit. Maxime',NULL,'2018-11-07 08:09:10'),(1280,914,'adipisicing elit. Maxime mollitia,Lorem ipsum dolor si',NULL,'2016-05-04 16:23:07'),(1281,900,'tia,Lorem ipsum dolor sit amet consectetur adipisicing elit. Ma',NULL,'2017-09-10 01:12:32'),(1282,931,'dolor sit amet consectetur adipisicing elit. Maxime mollitia,Lorem ipsum',NULL,'2019-05-16 21:51:42'),(1283,1656,'amet consectetur adipisicing elit. Maxime mollitia,Lor',NULL,'2015-07-21 01:16:55'),(1284,1656,'dolor sit amet consectetur adipisicing elit. Maxime mollitia',NULL,'2016-04-20 10:30:46'),(1285,932,'dolor sit amet consectetur adipisicing elit. Maxime m',NULL,'2018-04-24 11:12:03'),(1286,909,'sit amet consectetur adipisicing elit. Maxime molli',NULL,'2019-08-20 16:50:19'),(1287,929,'elit. Maxime mollitia,Lorem ipsum dolor sit amet consectet',NULL,'2018-02-28 01:00:12'),(1288,922,'mollitia,Lorem ipsum dolor sit amet consectetur adipisicing elit.',NULL,'2019-07-21 14:36:36'),(1289,931,'ipsum dolor sit amet consectetur adipisicing elit. Maxime mollitia,Lor',NULL,'2015-03-02 09:26:57'),(1290,1615,'Lorem ipsum dolor sit amet consectetur adipisicing elit. Maxime molli','https://images.unsplash.com/photo-1646649421173-7e24e66613de?ixlib=rb-1.2.1&ixid=MnwxMjA3fDB8MHxlZGl0b3JpYWwtZmVlZHwzMnx8fGVufDB8fHx8&auto=format&fit=crop&w=300&q=60','2018-10-01 07:41:49'),(1291,1610,'consectetur adipisicing elit. Maxime mollitia,Lorem',NULL,'2015-03-13 23:17:31'),(1292,925,'mollitia,Lorem ipsum dolor sit amet consectetur adip',NULL,'2019-08-17 06:55:13'),(1293,1656,'adipisicing elit. Maxime mollitia,Lorem ipsum dolor sit amet consectetu',NULL,'2019-09-20 02:19:25'),(1294,913,'elit. Maxime mollitia,Lorem ipsum dolor sit amet co',NULL,'2018-08-12 23:04:57'),(1295,1614,'elit. Maxime mollitia,Lorem ipsum dolor sit amet consectetur adipisici',NULL,'2019-08-14 20:36:18'),(1296,929,'Maxime mollitia,Lorem ipsum dolor sit amet consectetur adipisici',NULL,'2016-04-10 19:41:34'),(1297,1607,'mollitia,Lorem ipsum dolor sit amet consectetur adipisicing elit. Ma','https://images.unsplash.com/photo-1643040829889-9edfa7c2aca4?ixlib=rb-1.2.1&ixid=MnwxMjA3fDB8MHxlZGl0b3JpYWwtZmVlZHw0Nnx8fGVufDB8fHx8&auto=format&fit=crop&w=300&q=60','2018-09-16 13:32:47'),(1298,920,'mollitia,Lorem ipsum dolor sit amet consectetur adipis',NULL,'2018-07-16 08:34:53'),(1299,1661,'mollitia,Lorem ipsum dolor sit amet consectetur adipisicing eli',NULL,'2018-03-15 02:58:21'),(1300,930,'adipisicing elit. Maxime mollitia,Lorem ipsum dolor sit amet c',NULL,'2015-04-28 01:54:01'),(1301,907,'elit. Maxime mollitia,Lorem ipsum dolor sit amet consectet',NULL,'2019-06-12 05:54:52'),(1302,924,'ia,Lorem ipsum dolor sit amet consectetur adipisicing elit. M',NULL,'2018-12-20 16:20:40'),(1303,1601,'litia,Lorem ipsum dolor sit amet consectetur adipisici',NULL,'2018-06-24 23:33:25'),(1304,920,'ipsum dolor sit amet consectetur adipisicing elit. Maxime mollit',NULL,'2017-04-10 01:54:09'),(1305,1603,'sit amet consectetur adipisicing elit. Maxime mollit',NULL,'2018-09-22 23:55:05'),(1306,929,'elit. Maxime mollitia,Lorem ipsum dolor sit amet consectetur adipisi',NULL,'2016-11-26 21:19:52'),(1307,905,'adipisicing elit. Maxime mollitia,Lorem ipsum dolor si',NULL,'2018-10-17 16:56:37'),(1308,921,'ipsum dolor sit amet consectetur adipisicing elit. Maxime ',NULL,'2019-01-07 07:45:14'),(1309,1610,'consectetur adipisicing elit. Maxime mollitia,Lorem',NULL,'2018-03-03 14:47:46'),(1310,1610,'adipisicing elit. Maxime mollitia,Lorem ipsum dolor sit amet co',NULL,'2018-10-23 22:00:02'),(1311,1607,'consectetur adipisicing elit. Maxime mollitia,Lorem ipsum dolor s',NULL,'2016-03-01 15:38:58'),(1312,1603,'ipsum dolor sit amet consectetur adipisicing elit.',NULL,'2016-12-26 13:06:17'),(1313,1605,'elit. Maxime mollitia,Lorem ipsum dolor sit amet consectetur',NULL,'2019-08-01 18:29:24'),(1314,906,'Maxime mollitia,Lorem ipsum dolor sit amet consectetur adipisicing elit',NULL,'2017-04-11 13:29:39'),(1315,920,'ia,Lorem ipsum dolor sit amet consectetur adipisicing elit. Maxime mo',NULL,'2018-09-26 09:35:12'),(1316,902,'elit. Maxime mollitia,Lorem ipsum dolor sit amet consectetur adi',NULL,'2016-01-22 07:23:02'),(1317,925,'ipsum dolor sit amet consectetur adipisicing elit. Max',NULL,'2018-03-24 10:51:25'),(1318,1601,'adipisicing elit. Maxime mollitia,Lorem ipsum dolor sit amet consec',NULL,'2018-11-05 00:27:38'),(1319,903,'tia,Lorem ipsum dolor sit amet consectetur adipisicing el',NULL,'2016-05-30 02:07:37'),(1320,912,'ipsum dolor sit amet consectetur adipisicing elit. Maxime mollitia,Lore',NULL,'2017-05-27 19:47:43'),(1321,906,'mollitia,Lorem ipsum dolor sit amet consectetur adipisicing elit. Maxime',NULL,'2016-07-10 03:59:38'),(1322,922,'elit. Maxime mollitia,Lorem ipsum dolor sit amet consectetur adipisicing',NULL,'2018-01-25 11:49:10'),(1323,1613,'amet consectetur adipisicing elit. Maxime mollitia,Lorem',NULL,'2018-02-08 00:36:02'),(1324,1602,'adipisicing elit. Maxime mollitia,Lorem ipsum dolor sit am',NULL,'2017-01-17 04:11:09'),(1325,1607,'sit amet consectetur adipisicing elit. Maxime mollitia,Lorem ip',NULL,'2017-10-14 03:45:19'),(1326,1610,'consectetur adipisicing elit. Maxime mollitia,Lore',NULL,'2018-12-24 14:04:47'),(1327,925,'elit. Maxime mollitia,Lorem ipsum dolor sit amet consectetur adipisi',NULL,'2015-09-07 19:37:40'),(1328,1605,'consectetur adipisicing elit. Maxime mollitia,Lorem ips',NULL,'2016-03-21 02:44:41'),(1329,926,'elit. Maxime mollitia,Lorem ipsum dolor sit amet consectetur',NULL,'2015-01-08 23:29:29'),(1330,910,'ipsum dolor sit amet consectetur adipisicing elit. Maxim',NULL,'2019-07-20 10:22:37'),(1331,912,',Lorem ipsum dolor sit amet consectetur adipisicing elit. Maxime mo',NULL,'2016-12-11 22:01:29'),(1332,907,'dolor sit amet consectetur adipisicing elit. Maxime mollitia,Lorem ipsu',NULL,'2016-11-17 06:31:31'),(1333,909,'consectetur adipisicing elit. Maxime mollitia,Lorem','https://images.unsplash.com/photo-1643040829889-9edfa7c2aca4?ixlib=rb-1.2.1&ixid=MnwxMjA3fDB8MHxlZGl0b3JpYWwtZmVlZHw0Nnx8fGVufDB8fHx8&auto=format&fit=crop&w=300&q=60','2019-06-10 13:31:52'),(1334,1603,'dolor sit amet consectetur adipisicing elit. Maxime',NULL,'2019-05-30 18:00:56'),(1335,913,',Lorem ipsum dolor sit amet consectetur adipisicing el',NULL,'2018-02-10 09:54:26'),(1336,914,'ipsum dolor sit amet consectetur adipisicing elit. Maxime mollitia,',NULL,'2018-05-25 07:03:55'),(1337,930,'ipsum dolor sit amet consectetur adipisicing elit. Maxime molli',NULL,'2015-06-20 22:11:50'),(1338,1602,'Lorem ipsum dolor sit amet consectetur adipisicing elit. Maxime mollit',NULL,'2015-05-30 17:13:08'),(1339,912,'Maxime mollitia,Lorem ipsum dolor sit amet consectetur adipi',NULL,'2017-05-05 13:06:19'),(1340,907,'sit amet consectetur adipisicing elit. Maxime mollitia,L',NULL,'2019-09-30 16:19:14'),(1341,1615,'amet consectetur adipisicing elit. Maxime mollitia,Lor','https://images.unsplash.com/photo-1646649421173-7e24e66613de?ixlib=rb-1.2.1&ixid=MnwxMjA3fDB8MHxlZGl0b3JpYWwtZmVlZHwzMnx8fGVufDB8fHx8&auto=format&fit=crop&w=300&q=60','2015-07-18 23:31:23'),(1342,915,'amet consectetur adipisicing elit. Maxime mollitia,Lorem ipsum',NULL,'2016-01-01 10:00:14'),(1343,931,'amet consectetur adipisicing elit. Maxime mollitia,Lorem ipsum dolo',NULL,'2016-01-14 05:31:10'),(1344,901,'sit amet consectetur adipisicing elit. Maxime mollitia,Lorem ipsum d',NULL,'2017-04-21 09:21:21'),(1345,918,'adipisicing elit. Maxime mollitia,Lorem ipsum dolor sit amet consec',NULL,'2018-05-10 21:02:05'),(1346,909,'ipsum dolor sit amet consectetur adipisicing elit. Maxime mo',NULL,'2015-03-22 21:02:45'),(1347,928,'elit. Maxime mollitia,Lorem ipsum dolor sit amet consectetur ad',NULL,'2016-03-26 21:04:27'),(1348,902,'adipisicing elit. Maxime mollitia,Lorem ipsum dolor sit amet c',NULL,'2018-11-07 05:08:55'),(1349,908,'sit amet consectetur adipisicing elit. Maxime mollitia,Lorem',NULL,'2018-07-19 12:44:40'),(1350,907,'ipsum dolor sit amet consectetur adipisicing elit. Maxime molli',NULL,'2017-11-23 08:27:09'),(1351,901,'elit. Maxime mollitia,Lorem ipsum dolor sit amet consectetur adi',NULL,'2017-03-15 02:24:02'),(1352,1666,'adipisicing elit. Maxime mollitia,Lorem ipsum dolor sit amet consectetur',NULL,'2015-03-12 02:12:09'),(1353,919,'mollitia,Lorem ipsum dolor sit amet consectetur adipisicing e',NULL,'2016-10-19 05:11:22'),(1354,1603,'elit. Maxime mollitia,Lorem ipsum dolor sit amet consectetur adipi',NULL,'2015-06-07 11:04:28'),(1355,926,'Lorem ipsum dolor sit amet consectetur adipisicing elit. Maxime ',NULL,'2017-10-08 08:59:34'),(1356,919,'Maxime mollitia,Lorem ipsum dolor sit amet consectetur adipisicing elit.',NULL,'2019-06-12 06:18:52'),(1357,901,'amet consectetur adipisicing elit. Maxime mollitia,Lo',NULL,'2016-06-04 14:28:06'),(1358,1607,'Maxime mollitia,Lorem ipsum dolor sit amet consecte',NULL,'2015-12-05 10:50:50'),(1359,1615,'sit amet consectetur adipisicing elit. Maxime mollitia,Lorem ipsum',NULL,'2017-12-16 15:31:39'),(1360,902,'adipisicing elit. Maxime mollitia,Lorem ipsum dolor',NULL,'2018-05-06 13:48:42'),(1361,929,'elit. Maxime mollitia,Lorem ipsum dolor sit amet consectetur adipisicing',NULL,'2018-03-17 13:16:42'),(1362,1666,'itia,Lorem ipsum dolor sit amet consectetur adipisicing e',NULL,'2016-10-05 12:27:21'),(1363,924,'ipsum dolor sit amet consectetur adipisicing elit. Maxime mo',NULL,'2015-08-06 01:05:41'),(1364,1602,'ia,Lorem ipsum dolor sit amet consectetur adipisicing elit. Maxim',NULL,'2016-06-14 05:25:12'),(1365,904,'dolor sit amet consectetur adipisicing elit. Maxime mollitia,Lore',NULL,'2019-11-19 03:24:12'),(1366,911,'elit. Maxime mollitia,Lorem ipsum dolor sit amet consectetur adipisi','https://images.unsplash.com/photo-1643040829889-9edfa7c2aca4?ixlib=rb-1.2.1&ixid=MnwxMjA3fDB8MHxlZGl0b3JpYWwtZmVlZHw0Nnx8fGVufDB8fHx8&auto=format&fit=crop&w=300&q=60','2017-09-11 13:47:33'),(1367,1602,'mollitia,Lorem ipsum dolor sit amet consectetur adipisicing e',NULL,'2016-12-22 00:07:15'),(1368,920,'elit. Maxime mollitia,Lorem ipsum dolor sit amet con',NULL,'2015-02-18 00:35:43'),(1369,902,'elit. Maxime mollitia,Lorem ipsum dolor sit amet consectetur adipisic',NULL,'2017-07-18 16:18:41'),(1370,930,'adipisicing elit. Maxime mollitia,Lorem ipsum dolor sit',NULL,'2015-03-05 01:46:01'),(1371,904,'mollitia,Lorem ipsum dolor sit amet consectetur adipisi',NULL,'2019-06-05 15:36:34'),(1372,923,'Maxime mollitia,Lorem ipsum dolor sit amet consectetur adipisic',NULL,'2019-04-04 20:14:54'),(1373,1601,'adipisicing elit. Maxime mollitia,Lorem ipsum dolor sit amet co',NULL,'2019-12-22 06:46:19'),(1374,931,'consectetur adipisicing elit. Maxime mollitia,Lorem ipsum dolor si',NULL,'2017-04-09 10:05:26'),(1375,930,'ia,Lorem ipsum dolor sit amet consectetur adipisicing',NULL,'2019-07-12 21:04:05'),(1376,927,'elit. Maxime mollitia,Lorem ipsum dolor sit amet consectet',NULL,'2018-10-24 15:06:39'),(1377,926,'dolor sit amet consectetur adipisicing elit. Maxime ',NULL,'2017-07-16 11:48:18'),(1378,922,'ipsum dolor sit amet consectetur adipisicing elit. Maxime mollitia,Lorem',NULL,'2017-10-08 19:50:32'),(1379,911,'amet consectetur adipisicing elit. Maxime mollitia,Lor',NULL,'2016-03-20 05:22:59'),(1380,905,'amet consectetur adipisicing elit. Maxime mollitia,Lorem ips','https://images.unsplash.com/photo-1646649421173-7e24e66613de?ixlib=rb-1.2.1&ixid=MnwxMjA3fDB8MHxlZGl0b3JpYWwtZmVlZHwzMnx8fGVufDB8fHx8&auto=format&fit=crop&w=300&q=60','2019-04-20 10:54:31'),(1381,1614,'ia,Lorem ipsum dolor sit amet consectetur adipisicing elit. Maxime',NULL,'2018-09-20 11:47:15'),(1382,918,'amet consectetur adipisicing elit. Maxime mollitia,Lorem ipsu',NULL,'2018-07-04 18:26:46'),(1383,931,'adipisicing elit. Maxime mollitia,Lorem ipsum dolor sit amet con',NULL,'2015-03-01 22:13:31'),(1384,905,'Maxime mollitia,Lorem ipsum dolor sit amet consectetur adipisicing elit.',NULL,'2018-11-03 23:32:47'),(1385,907,'sit amet consectetur adipisicing elit. Maxime mollitia,Lorem ipsum',NULL,'2018-07-16 14:56:04'),(1386,914,'itia,Lorem ipsum dolor sit amet consectetur adipisicing elit. Maxim',NULL,'2019-02-08 11:20:14'),(1387,927,'sit amet consectetur adipisicing elit. Maxime mollitia,Lorem ipsum do',NULL,'2017-06-24 10:06:16'),(1388,1601,'adipisicing elit. Maxime mollitia,Lorem ipsum dolor sit amet consectetur',NULL,'2018-07-02 07:43:48'),(1389,1603,'litia,Lorem ipsum dolor sit amet consectetur adipisicing elit. Ma',NULL,'2015-03-12 11:48:26'),(1390,930,'Maxime mollitia,Lorem ipsum dolor sit amet consectetur adipisic',NULL,'2018-06-02 19:54:13'),(1391,913,'dolor sit amet consectetur adipisicing elit. Maxime mollitia,Lorem ipsum','https://images.unsplash.com/photo-1646641382381-0955ec94a97a?ixlib=rb-1.2.1&ixid=MnwxMjA3fDB8MHxlZGl0b3JpYWwtZmVlZHw0OHx8fGVufDB8fHx8&auto=format&fit=crop&w=300&q=60','2018-06-28 02:02:08'),(1392,917,'dolor sit amet consectetur adipisicing elit. Maxime mollitia,Lorem i',NULL,'2019-12-17 21:47:10'),(1393,907,'Maxime mollitia,Lorem ipsum dolor sit amet consectetur adipisicing elit',NULL,'2019-01-30 18:55:20'),(1394,916,'ipsum dolor sit amet consectetur adipisicing elit. Maxime mollitia,Lorem',NULL,'2018-10-27 00:53:56'),(1395,911,'elit. Maxime mollitia,Lorem ipsum dolor sit amet consectetur adipisicing',NULL,'2019-10-07 08:28:27'),(1396,923,'dolor sit amet consectetur adipisicing elit. Maxime ',NULL,'2019-08-16 23:31:39'),(1397,916,'consectetur adipisicing elit. Maxime mollitia,Lorem ipsum dolor sit am',NULL,'2019-05-10 16:10:09'),(1398,928,'elit. Maxime mollitia,Lorem ipsum dolor sit amet consectetur adipisicing',NULL,'2019-04-15 21:03:15'),(1399,917,'amet consectetur adipisicing elit. Maxime mollitia,L',NULL,'2018-10-24 13:43:41'),(1400,906,'elit. Maxime mollitia,Lorem ipsum dolor sit amet consecte',NULL,'2016-02-27 10:22:44'),(1401,913,'elit. Maxime mollitia,Lorem ipsum dolor sit amet consectetur',NULL,'2018-05-03 23:06:10'),(1402,905,'sit amet consectetur adipisicing elit. Maxime mollitia,Lorem ipsum dolor',NULL,'2018-09-24 05:08:09'),(1403,911,'elit. Maxime mollitia,Lorem ipsum dolor sit amet conse',NULL,'2018-04-07 20:44:42'),(1404,1614,'amet consectetur adipisicing elit. Maxime mollitia,Lorem ipsum d',NULL,'2019-04-29 05:29:59'),(1405,1605,'ipsum dolor sit amet consectetur adipisicing elit. Max',NULL,'2016-01-13 12:37:44'),(1406,913,'elit. Maxime mollitia,Lorem ipsum dolor sit amet consect',NULL,'2015-02-22 15:55:13'),(1407,902,'dolor sit amet consectetur adipisicing elit. Maxime mollitia,Lorem ipsum',NULL,'2019-05-14 13:59:51'),(1408,901,'Maxime mollitia,Lorem ipsum dolor sit amet consectetur',NULL,'2016-04-26 18:09:49'),(1409,930,'ipsum dolor sit amet consectetur adipisicing elit. Maxime molli','https://images.unsplash.com/photo-1646641382381-0955ec94a97a?ixlib=rb-1.2.1&ixid=MnwxMjA3fDB8MHxlZGl0b3JpYWwtZmVlZHw0OHx8fGVufDB8fHx8&auto=format&fit=crop&w=300&q=60','2017-09-14 22:31:21'),(1410,901,'sit amet consectetur adipisicing elit. Maxime mollitia,Lorem',NULL,'2015-07-16 12:49:58'),(1411,1601,'adipisicing elit. Maxime mollitia,Lorem ipsum dolor sit a',NULL,'2018-06-20 06:19:59'),(1412,922,'elit. Maxime mollitia,Lorem ipsum dolor sit amet consectetur adipisi',NULL,'2019-05-24 04:57:56'),(1413,1607,'dolor sit amet consectetur adipisicing elit. Maxime mo',NULL,'2018-09-16 19:10:34'),(1414,912,'amet consectetur adipisicing elit. Maxime mollitia,Lorem ipsum',NULL,'2015-10-11 08:01:12'),(1415,1610,'Maxime mollitia,Lorem ipsum dolor sit amet consectetur',NULL,'2018-11-24 17:32:37'),(1416,1601,'ipsum dolor sit amet consectetur adipisicing elit. Maxime mo',NULL,'2017-07-24 19:37:57'),(1417,1605,'elit. Maxime mollitia,Lorem ipsum dolor sit amet consectetur adipisi',NULL,'2015-12-19 03:19:24'),(1418,907,'ipsum dolor sit amet consectetur adipisicing elit. M',NULL,'2015-02-06 14:36:19'),(1419,907,'ipsum dolor sit amet consectetur adipisicing elit. Maxime mollitia,Lor',NULL,'2019-08-09 08:14:57'),(1420,912,'sit amet consectetur adipisicing elit. Maxime mollitia,Lo',NULL,'2018-11-17 01:42:51'),(1421,1607,'dolor sit amet consectetur adipisicing elit. Maxime molliti',NULL,'2015-04-16 15:33:43'),(1422,903,'dolor sit amet consectetur adipisicing elit. Maxime mollitia,Lorem ipsu',NULL,'2019-08-15 01:36:17'),(1423,913,'ipsum dolor sit amet consectetur adipisicing elit. Maxime molli',NULL,'2016-03-28 07:12:09'),(1424,928,'elit. Maxime mollitia,Lorem ipsum dolor sit amet consectetu','https://images.unsplash.com/photo-1646649421173-7e24e66613de?ixlib=rb-1.2.1&ixid=MnwxMjA3fDB8MHxlZGl0b3JpYWwtZmVlZHwzMnx8fGVufDB8fHx8&auto=format&fit=crop&w=300&q=60','2016-10-19 18:31:46'),(1425,1605,'elit. Maxime mollitia,Lorem ipsum dolor sit amet consectetur adipisicin',NULL,'2018-06-28 16:33:17'),(1426,926,'litia,Lorem ipsum dolor sit amet consectetur adipisicing elit. Maxime mo',NULL,'2018-11-14 08:42:52'),(1427,902,'elit. Maxime mollitia,Lorem ipsum dolor sit amet consecte',NULL,'2019-11-13 15:36:49'),(1428,1601,'elit. Maxime mollitia,Lorem ipsum dolor sit amet consectetur adi',NULL,'2015-10-29 07:04:27'),(1429,930,'Maxime mollitia,Lorem ipsum dolor sit amet consectetur adipisici',NULL,'2015-08-14 20:07:09'),(1430,901,'Lorem ipsum dolor sit amet consectetur adipisicing elit. Maxime',NULL,'2019-08-08 16:21:14'),(1431,932,'adipisicing elit. Maxime mollitia,Lorem ipsum dolor sit amet consect',NULL,'2019-04-27 11:29:00'),(1432,922,'sit amet consectetur adipisicing elit. Maxime mollit',NULL,'2019-04-25 14:37:34'),(1433,926,'sit amet consectetur adipisicing elit. Maxime mollitia,Lorem ipsum dol',NULL,'2019-10-24 11:09:12'),(1434,1610,'dolor sit amet consectetur adipisicing elit. Maxime mollitia,Lorem ipsum',NULL,'2016-04-01 23:38:18'),(1435,922,'consectetur adipisicing elit. Maxime mollitia,Lorem ipsum dolor s',NULL,'2015-07-16 09:13:40'),(1436,901,'ipsum dolor sit amet consectetur adipisicing elit. Maxime mollitia,Lorem',NULL,'2016-10-02 13:18:31'),(1437,912,'a,Lorem ipsum dolor sit amet consectetur adipisicin',NULL,'2017-05-05 09:10:18'),(1438,927,'Maxime mollitia,Lorem ipsum dolor sit amet consectetur adipisicin',NULL,'2016-03-23 19:21:40'),(1439,908,'dolor sit amet consectetur adipisicing elit. Maxim',NULL,'2016-10-07 12:32:03'),(1440,907,'consectetur adipisicing elit. Maxime mollitia,Lorem ips',NULL,'2016-04-04 17:47:31'),(1441,1661,'sit amet consectetur adipisicing elit. Maxime mollitia,Lorem ipsum d',NULL,'2015-12-03 11:15:46'),(1442,1615,'adipisicing elit. Maxime mollitia,Lorem ipsum dolor sit',NULL,'2017-11-23 06:01:58'),(1443,902,'elit. Maxime mollitia,Lorem ipsum dolor sit amet consectetur ad',NULL,'2015-06-10 07:05:07'),(1444,932,'adipisicing elit. Maxime mollitia,Lorem ipsum dolor s',NULL,'2015-11-11 11:08:21'),(1445,920,'Maxime mollitia,Lorem ipsum dolor sit amet consectetur adipisicing elit.','https://images.unsplash.com/photo-1646641382381-0955ec94a97a?ixlib=rb-1.2.1&ixid=MnwxMjA3fDB8MHxlZGl0b3JpYWwtZmVlZHw0OHx8fGVufDB8fHx8&auto=format&fit=crop&w=300&q=60','2019-01-10 02:50:59'),(1446,910,'mollitia,Lorem ipsum dolor sit amet consectetur adip',NULL,'2017-08-11 16:52:10'),(1447,919,'ollitia,Lorem ipsum dolor sit amet consectetur adipisicing elit',NULL,'2018-12-02 23:48:10'),(1448,908,'ia,Lorem ipsum dolor sit amet consectetur adipisicing elit. M',NULL,'2018-06-06 21:16:02'),(1449,931,'ipsum dolor sit amet consectetur adipisicing elit. Max',NULL,'2017-10-19 09:39:31'),(1450,915,'sit amet consectetur adipisicing elit. Maxime mollitia,Lore',NULL,'2016-08-06 04:20:04'),(1451,908,'adipisicing elit. Maxime mollitia,Lorem ipsum dolor sit am',NULL,'2016-04-18 02:16:41'),(1452,903,'sit amet consectetur adipisicing elit. Maxime mollitia,Lorem ipsum',NULL,'2019-10-21 12:42:27'),(1453,1603,'Lorem ipsum dolor sit amet consectetur adipisicing ',NULL,'2015-03-29 00:31:50'),(1454,1605,'elit. Maxime mollitia,Lorem ipsum dolor sit amet c',NULL,'2016-10-12 18:15:10'),(1455,915,'adipisicing elit. Maxime mollitia,Lorem ipsum dolor sit amet c',NULL,'2019-12-27 14:09:45'),(1456,913,'sit amet consectetur adipisicing elit. Maxime mollitia',NULL,'2015-08-03 22:12:03'),(1457,1614,'dolor sit amet consectetur adipisicing elit. Maxime mollitia,Lore',NULL,'2018-03-18 13:50:08'),(1458,915,'llitia,Lorem ipsum dolor sit amet consectetur adipisicing elit. Maxime',NULL,'2018-12-05 18:07:59'),(1459,914,'elit. Maxime mollitia,Lorem ipsum dolor sit amet consectetur a','https://images.unsplash.com/photo-1646589393427-be0c729dde07?ixlib=rb-1.2.1&ixid=MnwxMjA3fDB8MHxlZGl0b3JpYWwtZmVlZHw1M3x8fGVufDB8fHx8&auto=format&fit=crop&w=300&q=60','2018-06-10 17:32:34'),(1460,909,'ipsum dolor sit amet consectetur adipisicing elit. Maxime mollitia,Lor',NULL,'2017-05-13 04:19:01'),(1461,914,'consectetur adipisicing elit. Maxime mollitia,Lorem ipsum dolor sit amet',NULL,'2019-12-04 01:14:59'),(1462,1615,'dolor sit amet consectetur adipisicing elit. Maxime mollitia,Lorem',NULL,'2017-01-11 04:07:57'),(1463,907,'elit. Maxime mollitia,Lorem ipsum dolor sit amet consectetur adipisi',NULL,'2015-02-18 01:29:04'),(1464,919,'sit amet consectetur adipisicing elit. Maxime mollitia,Lore',NULL,'2017-03-10 11:21:49'),(1465,1610,'ipsum dolor sit amet consectetur adipisicing elit. Maxime mollitia',NULL,'2019-06-09 14:46:40'),(1466,911,'mollitia,Lorem ipsum dolor sit amet consectetur adipisicing elit',NULL,'2016-01-23 18:19:45'),(1467,915,'elit. Maxime mollitia,Lorem ipsum dolor sit amet consectetur adipisicin','https://images.unsplash.com/photo-1638913661377-abd9e8cf1998?ixlib=rb-1.2.1&ixid=MnwxMjA3fDF8MHxlZGl0b3JpYWwtZmVlZHwzMXx8fGVufDB8fHx8&auto=format&fit=crop&w=300&q=60','2016-07-27 09:23:42'),(1468,1661,'Maxime mollitia,Lorem ipsum dolor sit amet consectet',NULL,'2019-10-09 21:44:45'),(1469,900,'amet consectetur adipisicing elit. Maxime mollitia,Lor',NULL,'2018-03-09 18:03:30'),(1470,930,'sit amet consectetur adipisicing elit. Maxime mollitia,Lorem ipsum do',NULL,'2017-05-31 01:04:40'),(1471,920,',Lorem ipsum dolor sit amet consectetur adipisicing elit. Max',NULL,'2016-10-30 16:43:14'),(1472,904,',Lorem ipsum dolor sit amet consectetur adipisicing elit. Max',NULL,'2017-10-15 10:43:08'),(1473,913,'adipisicing elit. Maxime mollitia,Lorem ipsum dolor sit amet consec',NULL,'2015-11-02 23:21:33'),(1474,932,'adipisicing elit. Maxime mollitia,Lorem ipsum dolor sit amet cons',NULL,'2019-09-09 01:55:32'),(1475,914,'sit amet consectetur adipisicing elit. Maxime mollitia,Lorem ipsum',NULL,'2018-05-12 05:55:47'),(1476,916,'consectetur adipisicing elit. Maxime mollitia,Lorem ips',NULL,'2016-09-08 06:20:55'),(1477,929,'itia,Lorem ipsum dolor sit amet consectetur adipisicing','https://images.unsplash.com/photo-1646589393427-be0c729dde07?ixlib=rb-1.2.1&ixid=MnwxMjA3fDB8MHxlZGl0b3JpYWwtZmVlZHw1M3x8fGVufDB8fHx8&auto=format&fit=crop&w=300&q=60','2016-01-31 14:16:24'),(1478,928,'ipsum dolor sit amet consectetur adipisicing elit. Maxime mo',NULL,'2018-05-04 17:00:42'),(1479,913,'Maxime mollitia,Lorem ipsum dolor sit amet consectetur',NULL,'2018-07-14 02:20:09'),(1480,926,'Maxime mollitia,Lorem ipsum dolor sit amet consectetur adip',NULL,'2018-01-22 05:22:17'),(1481,1614,'Lorem ipsum dolor sit amet consectetur adipisicing elit. Maxime mol',NULL,'2017-06-29 06:21:11'),(1482,1614,'dolor sit amet consectetur adipisicing elit. Maxim',NULL,'2018-06-02 15:39:02'),(1483,919,'ipsum dolor sit amet consectetur adipisicing elit. M',NULL,'2018-05-12 09:11:10'),(1484,900,'a,Lorem ipsum dolor sit amet consectetur adipisicing elit. Maxi',NULL,'2015-03-15 19:52:27'),(1485,911,'mollitia,Lorem ipsum dolor sit amet consectetur adipisici',NULL,'2017-07-26 08:44:52'),(1486,901,'adipisicing elit. Maxime mollitia,Lorem ipsum dolor sit amet co',NULL,'2015-12-27 05:58:47'),(1487,918,'adipisicing elit. Maxime mollitia,Lorem ipsum dolor sit amet consecte',NULL,'2019-11-07 09:36:49'),(1488,1603,'dolor sit amet consectetur adipisicing elit. Maxime mol',NULL,'2016-04-29 07:42:24'),(1489,1613,'amet consectetur adipisicing elit. Maxime mollitia,Lorem ipsum',NULL,'2016-01-24 17:12:01'),(1490,1615,'adipisicing elit. Maxime mollitia,Lorem ipsum dolor sit amet',NULL,'2019-02-11 17:55:58'),(1491,913,'Maxime mollitia,Lorem ipsum dolor sit amet consectetur',NULL,'2015-03-12 05:31:01'),(1492,924,',Lorem ipsum dolor sit amet consectetur adipisicing',NULL,'2017-05-03 13:15:04'),(1493,1602,'mollitia,Lorem ipsum dolor sit amet consectetur adipisicing elit. Maxime',NULL,'2015-02-11 20:37:53'),(1494,932,'adipisicing elit. Maxime mollitia,Lorem ipsum dolor sit',NULL,'2017-08-31 17:00:51'),(1495,913,'litia,Lorem ipsum dolor sit amet consectetur adipisicing eli',NULL,'2015-06-03 18:17:32'),(1496,921,'litia,Lorem ipsum dolor sit amet consectetur adipisicing',NULL,'2017-08-19 11:42:11'),(1497,916,'dolor sit amet consectetur adipisicing elit. Maxime mollitia,Lor',NULL,'2018-02-21 15:07:22'),(1498,920,'dolor sit amet consectetur adipisicing elit. Maxime mollitia,L','https://images.unsplash.com/photo-1646589393427-be0c729dde07?ixlib=rb-1.2.1&ixid=MnwxMjA3fDB8MHxlZGl0b3JpYWwtZmVlZHw1M3x8fGVufDB8fHx8&auto=format&fit=crop&w=300&q=60','2019-01-18 06:21:18'),(1499,1614,'consectetur adipisicing elit. Maxime mollitia,Lorem ipsum d',NULL,'2015-10-14 23:23:07'),(1500,911,'a,Lorem ipsum dolor sit amet consectetur adipisicing elit. Maxim',NULL,'2017-09-13 10:41:50'),(1501,1602,'adipisicing elit. Maxime mollitia,Lorem ipsum dolor sit amet con',NULL,'2015-04-02 21:05:04'),(1502,915,'adipisicing elit. Maxime mollitia,Lorem ipsum dolor s',NULL,'2017-05-29 11:02:11'),(1503,931,'elit. Maxime mollitia,Lorem ipsum dolor sit amet consectetur adi',NULL,'2015-11-22 01:17:56'),(1504,912,'ipsum dolor sit amet consectetur adipisicing elit. Maxime mollit',NULL,'2016-08-26 20:36:37'),(1505,922,'Maxime mollitia,Lorem ipsum dolor sit amet consectetur adipis',NULL,'2018-05-24 09:58:10'),(1506,922,'consectetur adipisicing elit. Maxime mollitia,Lorem ipsum dolor si',NULL,'2015-02-20 09:13:35'),(1507,909,'ipsum dolor sit amet consectetur adipisicing elit. Maxime mollitia,Lorem',NULL,'2015-03-19 09:45:26'),(1508,904,'Lorem ipsum dolor sit amet consectetur adipisicing',NULL,'2017-12-02 08:27:22'),(1509,1601,'adipisicing elit. Maxime mollitia,Lorem ipsum dolor sit amet consectet',NULL,'2017-02-15 19:45:06'),(1510,928,'ipsum dolor sit amet consectetur adipisicing elit. Maxi',NULL,'2016-01-23 15:44:15'),(1511,1613,'amet consectetur adipisicing elit. Maxime mollitia,Lorem ipsum',NULL,'2019-04-03 06:50:23'),(1512,920,'ia,Lorem ipsum dolor sit amet consectetur adipisicing e',NULL,'2019-07-27 20:02:13'),(1513,1607,'sit amet consectetur adipisicing elit. Maxime mollitia,Lorem ipsum',NULL,'2019-04-03 03:59:17'),(1514,919,'sit amet consectetur adipisicing elit. Maxime mollitia,Lorem ips',NULL,'2017-01-13 12:54:57'),(1515,1607,'sit amet consectetur adipisicing elit. Maxime mollitia,Lorem ipsum dolor',NULL,'2015-07-10 18:35:10'),(1516,914,'sit amet consectetur adipisicing elit. Maxime molli',NULL,'2018-03-05 09:13:49'),(1517,922,'Maxime mollitia,Lorem ipsum dolor sit amet consectetur adipisicing eli',NULL,'2019-05-16 12:45:03'),(1518,928,'sit amet consectetur adipisicing elit. Maxime mollitia,Lorem ipsum dolor',NULL,'2016-05-17 16:15:22'),(1519,901,'Maxime mollitia,Lorem ipsum dolor sit amet consectetur adipi',NULL,'2016-03-29 19:04:36'),(1520,912,'mollitia,Lorem ipsum dolor sit amet consectetur adipisicing',NULL,'2017-06-14 23:07:53'),(1521,906,'adipisicing elit. Maxime mollitia,Lorem ipsum dolor sit amet','https://images.unsplash.com/photo-1638913661377-abd9e8cf1998?ixlib=rb-1.2.1&ixid=MnwxMjA3fDF8MHxlZGl0b3JpYWwtZmVlZHwzMXx8fGVufDB8fHx8&auto=format&fit=crop&w=300&q=60','2019-06-08 01:10:49'),(1522,926,'elit. Maxime mollitia,Lorem ipsum dolor sit amet consect',NULL,'2019-06-08 23:07:12'),(1523,930,'elit. Maxime mollitia,Lorem ipsum dolor sit amet cons',NULL,'2018-03-27 21:07:24'),(1524,1666,'dolor sit amet consectetur adipisicing elit. Maxime mollitia',NULL,'2016-01-05 02:15:44'),(1525,927,'sit amet consectetur adipisicing elit. Maxime molliti',NULL,'2015-10-16 05:14:39'),(1526,931,'sit amet consectetur adipisicing elit. Maxime mollitia,Lorem ipsum dolor',NULL,'2016-05-16 16:46:28'),(1527,923,'dolor sit amet consectetur adipisicing elit. Maxime mollitia',NULL,'2017-03-25 10:04:34'),(1528,908,'dolor sit amet consectetur adipisicing elit. Maxime mollitia,Lorem',NULL,'2017-12-31 14:41:55'),(1529,923,'sit amet consectetur adipisicing elit. Maxime mollitia,Lorem ipsum dolor',NULL,'2017-10-21 21:10:41'),(1530,1601,'elit. Maxime mollitia,Lorem ipsum dolor sit amet consectetu',NULL,'2019-02-07 06:18:38'),(1531,902,'mollitia,Lorem ipsum dolor sit amet consectetur ad',NULL,'2019-05-27 03:10:22'),(1532,917,'amet consectetur adipisicing elit. Maxime mollitia,Lorem ips',NULL,'2015-11-30 10:20:29'),(1533,926,'Maxime mollitia,Lorem ipsum dolor sit amet consectetur adipisic',NULL,'2017-04-30 19:09:00'),(1534,903,'adipisicing elit. Maxime mollitia,Lorem ipsum dolor sit',NULL,'2019-12-01 09:56:52'),(1535,906,'amet consectetur adipisicing elit. Maxime mollitia,Lorem ipsum dolo',NULL,'2018-04-22 01:52:36'),(1536,920,'elit. Maxime mollitia,Lorem ipsum dolor sit amet consectetur adipisicing',NULL,'2017-05-05 20:25:07'),(1537,1602,'adipisicing elit. Maxime mollitia,Lorem ipsum dolor sit amet con',NULL,'2018-03-01 15:50:55'),(1538,918,'elit. Maxime mollitia,Lorem ipsum dolor sit amet consectetur adipi',NULL,'2019-07-09 21:45:15'),(1539,904,'elit. Maxime mollitia,Lorem ipsum dolor sit amet cons',NULL,'2017-12-25 07:36:02'),(1540,909,'Maxime mollitia,Lorem ipsum dolor sit amet consectetur',NULL,'2015-06-15 02:17:32'),(1541,1613,'ipsum dolor sit amet consectetur adipisicing elit. Maxime ',NULL,'2018-10-02 04:20:13'),(1542,1603,'Maxime mollitia,Lorem ipsum dolor sit amet consectetur adipisicing eli',NULL,'2017-05-11 17:44:47'),(1543,1656,'Lorem ipsum dolor sit amet consectetur adipisicing elit. Maxime molliti','https://images.unsplash.com/photo-1646589393427-be0c729dde07?ixlib=rb-1.2.1&ixid=MnwxMjA3fDB8MHxlZGl0b3JpYWwtZmVlZHw1M3x8fGVufDB8fHx8&auto=format&fit=crop&w=300&q=60','2016-12-09 19:56:06'),(1544,1614,'adipisicing elit. Maxime mollitia,Lorem ipsum dolor sit amet co',NULL,'2016-07-04 01:09:52'),(1545,905,'mollitia,Lorem ipsum dolor sit amet consectetur adipisicing',NULL,'2019-03-29 13:43:30'),(1546,1614,'mollitia,Lorem ipsum dolor sit amet consectetur adipisicing elit. Max',NULL,'2015-07-03 20:34:21'),(1547,911,'adipisicing elit. Maxime mollitia,Lorem ipsum dolo',NULL,'2017-01-19 06:24:12'),(1548,920,'mollitia,Lorem ipsum dolor sit amet consectetur adipisicing elit. Maxime',NULL,'2017-03-26 14:19:42'),(1549,921,'ipsum dolor sit amet consectetur adipisicing elit. Maxim',NULL,'2019-11-13 15:50:16'),(1550,903,'mollitia,Lorem ipsum dolor sit amet consectetur adipisicing','https://images.unsplash.com/photo-1646617747561-661b38709abc?ixlib=rb-1.2.1&ixid=MnwxMjA3fDB8MHxlZGl0b3JpYWwtZmVlZHw1OHx8fGVufDB8fHx8&auto=format&fit=crop&w=300&q=60','2017-11-07 08:08:49'),(1551,1610,'elit. Maxime mollitia,Lorem ipsum dolor sit amet co',NULL,'2015-02-04 13:30:47'),(1552,1656,'consectetur adipisicing elit. Maxime mollitia,Lorem ipsum dolor',NULL,'2016-09-16 17:51:25'),(1553,1613,'ipsum dolor sit amet consectetur adipisicing elit. Maxime mollitia,Lo',NULL,'2019-07-11 20:57:53'),(1554,921,'consectetur adipisicing elit. Maxime mollitia,Lorem ipsum dolor sit',NULL,'2017-04-30 03:36:47'),(1555,913,'ipsum dolor sit amet consectetur adipisicing elit. Maxime mollitia,Lor',NULL,'2016-09-24 18:23:03'),(1556,908,'sit amet consectetur adipisicing elit. Maxime mollitia,Lorem ipsum d',NULL,'2015-10-11 14:26:16'),(1557,910,'adipisicing elit. Maxime mollitia,Lorem ipsum dolor sit',NULL,'2017-10-07 20:29:40'),(1558,1603,'adipisicing elit. Maxime mollitia,Lorem ipsum dolor sit amet consect',NULL,'2016-08-18 02:31:00'),(1559,905,'mollitia,Lorem ipsum dolor sit amet consectetur adipisicing elit. Ma',NULL,'2016-05-14 01:40:09'),(1560,1614,'dolor sit amet consectetur adipisicing elit. Maxime mollitia,Lore',NULL,'2016-03-06 05:59:09'),(1561,905,'ia,Lorem ipsum dolor sit amet consectetur adipisicing elit',NULL,'2018-12-12 23:40:46'),(1562,912,'ipsum dolor sit amet consectetur adipisicing elit. Maxime mollit',NULL,'2019-05-28 04:54:16'),(1563,921,'mollitia,Lorem ipsum dolor sit amet consectetur adipisicing e',NULL,'2016-11-15 09:05:10'),(1564,924,'elit. Maxime mollitia,Lorem ipsum dolor sit amet c',NULL,'2018-01-31 12:42:59'),(1565,922,'consectetur adipisicing elit. Maxime mollitia,Lorem ipsum dolor sit a',NULL,'2019-01-28 01:38:25'),(1566,914,'Maxime mollitia,Lorem ipsum dolor sit amet consectetur adipisicing el',NULL,'2015-05-30 04:23:35'),(1567,907,'mollitia,Lorem ipsum dolor sit amet consectetur adipisicing el',NULL,'2017-11-15 16:35:09'),(1568,910,'mollitia,Lorem ipsum dolor sit amet consectetur adipis',NULL,'2016-07-20 00:49:59'),(1569,906,'consectetur adipisicing elit. Maxime mollitia,Lorem ipsum dolo',NULL,'2016-07-13 22:20:45'),(1570,921,'sit amet consectetur adipisicing elit. Maxime mollitia,Lo',NULL,'2016-05-26 12:26:24'),(1571,1613,'adipisicing elit. Maxime mollitia,Lorem ipsum dolor sit amet',NULL,'2016-02-10 01:46:46'),(1572,929,'adipisicing elit. Maxime mollitia,Lorem ipsum dolor','https://images.unsplash.com/photo-1638913661377-abd9e8cf1998?ixlib=rb-1.2.1&ixid=MnwxMjA3fDF8MHxlZGl0b3JpYWwtZmVlZHwzMXx8fGVufDB8fHx8&auto=format&fit=crop&w=300&q=60','2015-02-05 15:18:49'),(1573,929,'adipisicing elit. Maxime mollitia,Lorem ipsum dolor sit amet consect',NULL,'2019-09-22 07:44:06'),(1574,912,'amet consectetur adipisicing elit. Maxime mollitia,Lorem ipsum',NULL,'2018-07-30 06:29:48'),(1575,907,'ipsum dolor sit amet consectetur adipisicing elit. Maxime mollitia,Lore',NULL,'2019-09-23 04:09:33'),(1576,1602,'consectetur adipisicing elit. Maxime mollitia,Lorem ipsum dolor sit a',NULL,'2018-04-14 11:37:15'),(1577,924,'ollitia,Lorem ipsum dolor sit amet consectetur adipisic',NULL,'2018-07-14 17:39:14'),(1578,919,'mollitia,Lorem ipsum dolor sit amet consectetur adipisicing elit. Maxime',NULL,'2018-09-23 08:16:52'),(1579,909,'Maxime mollitia,Lorem ipsum dolor sit amet consectetur adipisicing elit',NULL,'2019-11-29 08:28:47'),(1580,903,'mollitia,Lorem ipsum dolor sit amet consectetur adipisi',NULL,'2017-05-16 00:00:11'),(1581,911,'elit. Maxime mollitia,Lorem ipsum dolor sit amet consectetur adipisicing',NULL,'2016-06-01 05:26:00'),(1582,929,'ipsum dolor sit amet consectetur adipisicing elit. Maxime mo',NULL,'2016-04-10 11:05:09'),(1583,928,'ipsum dolor sit amet consectetur adipisicing elit.',NULL,'2018-06-10 13:57:42'),(1584,908,'elit. Maxime mollitia,Lorem ipsum dolor sit amet consectetur adipisicin',NULL,'2015-04-16 22:07:42'),(1585,1602,'mollitia,Lorem ipsum dolor sit amet consectetur adipisicing elit. Maxime',NULL,'2015-02-02 07:01:47'),(1586,925,'Maxime mollitia,Lorem ipsum dolor sit amet consectetur adipisic',NULL,'2019-12-29 07:02:56'),(1587,923,'adipisicing elit. Maxime mollitia,Lorem ipsum dolor sit amet consec',NULL,'2015-03-04 21:26:37'),(1588,927,'mollitia,Lorem ipsum dolor sit amet consectetur adipisicing elit. Maxi',NULL,'2019-05-04 03:14:22'),(1589,925,'sit amet consectetur adipisicing elit. Maxime mollitia,Lorem ipsu',NULL,'2015-01-21 05:41:22'),(1590,1656,'mollitia,Lorem ipsum dolor sit amet consectetur adipisicing elit. M','https://images.unsplash.com/photo-1646617747561-661b38709abc?ixlib=rb-1.2.1&ixid=MnwxMjA3fDB8MHxlZGl0b3JpYWwtZmVlZHw1OHx8fGVufDB8fHx8&auto=format&fit=crop&w=300&q=60','2016-07-27 19:41:08'),(1591,901,'sit amet consectetur adipisicing elit. Maxime mollit',NULL,'2017-09-01 06:36:51'),(1592,913,'adipisicing elit. Maxime mollitia,Lorem ipsum dolor sit amet consecte',NULL,'2019-10-12 14:14:45'),(1593,917,'ipsum dolor sit amet consectetur adipisicing elit. Maxime moll',NULL,'2018-01-13 07:20:59'),(1594,929,'adipisicing elit. Maxime mollitia,Lorem ipsum dolor',NULL,'2019-09-23 06:18:25'),(1595,922,'elit. Maxime mollitia,Lorem ipsum dolor sit amet consectetur adipisic',NULL,'2017-09-09 08:10:42'),(1596,1601,'Lorem ipsum dolor sit amet consectetur adipisicing elit. Maxime mollitia,',NULL,'2019-02-20 10:25:32'),(1597,903,'a,Lorem ipsum dolor sit amet consectetur adipisicing elit. Maxime molliti',NULL,'2016-11-04 01:01:16'),(1598,930,'llitia,Lorem ipsum dolor sit amet consectetur adipisicing eli',NULL,'2018-08-28 11:27:06'),(1599,913,'mollitia,Lorem ipsum dolor sit amet consectetur adipisici',NULL,'2016-10-28 01:59:44'),(1600,926,'mollitia,Lorem ipsum dolor sit amet consectetur adipisicing elit. Maxime',NULL,'2019-11-08 16:08:22'),(1601,911,'adipisicing elit. Maxime mollitia,Lorem ipsum dolor sit amet consectet',NULL,'2016-10-15 16:24:10'),(1602,929,'adipisicing elit. Maxime mollitia,Lorem ipsum dolor sit',NULL,'2018-10-15 21:02:34'),(1603,909,'amet consectetur adipisicing elit. Maxime mollitia,Lorem ipsum d',NULL,'2015-08-04 04:01:05'),(1604,918,'amet consectetur adipisicing elit. Maxime mollitia,Lorem ipsum do',NULL,'2015-04-07 11:13:41'),(1605,1613,'ipsum dolor sit amet consectetur adipisicing elit. Maxime mo',NULL,'2016-04-07 02:55:57'),(1606,908,'adipisicing elit. Maxime mollitia,Lorem ipsum dolor sit amet consect',NULL,'2018-07-04 11:26:03'),(1607,1614,'amet consectetur adipisicing elit. Maxime mollitia,Lorem ipsum dolor si',NULL,'2019-12-02 13:06:56'),(1608,1601,'sit amet consectetur adipisicing elit. Maxime mollitia,L',NULL,'2017-04-17 02:31:13'),(1609,917,'dolor sit amet consectetur adipisicing elit. Maxime ',NULL,'2017-08-04 21:20:29'),(1610,1666,'amet consectetur adipisicing elit. Maxime mollitia,Lorem ips',NULL,'2019-03-13 02:03:03'),(1611,916,'adipisicing elit. Maxime mollitia,Lorem ipsum dolor sit amet consectetur',NULL,'2017-07-18 03:45:58'),(1612,906,'a,Lorem ipsum dolor sit amet consectetur adipisicing e',NULL,'2016-10-05 22:39:47'),(1613,909,'adipisicing elit. Maxime mollitia,Lorem ipsum dolor sit amet consectetur',NULL,'2015-12-14 21:55:36'),(1614,925,'amet consectetur adipisicing elit. Maxime mollitia,Lorem ipsum dolor s',NULL,'2015-10-11 04:30:39'),(1615,929,'elit. Maxime mollitia,Lorem ipsum dolor sit amet consecte',NULL,'2019-02-23 11:19:14'),(1616,922,'amet consectetur adipisicing elit. Maxime mollitia,L',NULL,'2015-01-25 14:30:31'),(1617,914,'consectetur adipisicing elit. Maxime mollitia,Lorem ipsum dolor sit a','https://images.unsplash.com/photo-1638913661377-abd9e8cf1998?ixlib=rb-1.2.1&ixid=MnwxMjA3fDF8MHxlZGl0b3JpYWwtZmVlZHwzMXx8fGVufDB8fHx8&auto=format&fit=crop&w=300&q=60','2016-04-09 00:01:22'),(1618,920,'consectetur adipisicing elit. Maxime mollitia,Lorem ipsum dolor s',NULL,'2019-03-23 19:55:25'),(1619,918,'dolor sit amet consectetur adipisicing elit. Maxime mollitia,Lorem ip',NULL,'2016-03-30 13:06:42'),(1620,902,'adipisicing elit. Maxime mollitia,Lorem ipsum dolor sit amet consectetur',NULL,'2018-09-17 00:59:33'),(1621,919,'elit. Maxime mollitia,Lorem ipsum dolor sit amet consectetur adip',NULL,'2017-01-08 00:26:53'),(1622,901,'elit. Maxime mollitia,Lorem ipsum dolor sit amet consectetur',NULL,'2017-06-05 04:23:07'),(1623,1603,'adipisicing elit. Maxime mollitia,Lorem ipsum dolor sit amet consect',NULL,'2019-01-14 04:37:14'),(1624,931,'Maxime mollitia,Lorem ipsum dolor sit amet consectetur',NULL,'2016-01-24 12:45:28'),(1625,920,'elit. Maxime mollitia,Lorem ipsum dolor sit amet con',NULL,'2015-07-08 19:10:42'),(1626,911,'dolor sit amet consectetur adipisicing elit. Maxime mollitia,Lorem ips',NULL,'2016-07-11 15:54:26'),(1627,919,'consectetur adipisicing elit. Maxime mollitia,Lorem ipsu',NULL,'2018-03-26 22:00:32'),(1628,906,'elit. Maxime mollitia,Lorem ipsum dolor sit amet c',NULL,'2015-06-29 08:36:32'),(1629,913,'adipisicing elit. Maxime mollitia,Lorem ipsum dolor sit ame',NULL,'2017-09-09 20:45:08'),(1630,901,'adipisicing elit. Maxime mollitia,Lorem ipsum dolor sit amet cons',NULL,'2019-05-26 14:53:02'),(1631,1601,'a,Lorem ipsum dolor sit amet consectetur adipisicing',NULL,'2019-10-31 12:01:31'),(1632,910,'adipisicing elit. Maxime mollitia,Lorem ipsum dolor sit amet con',NULL,'2017-07-29 11:47:36'),(1633,1661,'consectetur adipisicing elit. Maxime mollitia,Lorem ipsum dolor',NULL,'2016-05-28 21:15:14'),(1634,1603,'elit. Maxime mollitia,Lorem ipsum dolor sit amet cons',NULL,'2019-04-19 18:23:05'),(1635,1607,'adipisicing elit. Maxime mollitia,Lorem ipsum dolor sit',NULL,'2018-03-27 10:04:48'),(1636,1615,'elit. Maxime mollitia,Lorem ipsum dolor sit amet consectetur adipisicing',NULL,'2018-09-06 15:40:36'),(1637,929,'Maxime mollitia,Lorem ipsum dolor sit amet consectetur adip',NULL,'2019-10-25 16:39:39'),(1638,905,'adipisicing elit. Maxime mollitia,Lorem ipsum dolor sit amet consec',NULL,'2015-12-17 10:52:00'),(1639,932,'ipsum dolor sit amet consectetur adipisicing elit. Maxime molli',NULL,'2018-05-06 07:05:57'),(1640,902,'adipisicing elit. Maxime mollitia,Lorem ipsum dolor sit',NULL,'2015-10-16 09:52:24'),(1641,1656,'Maxime mollitia,Lorem ipsum dolor sit amet consectetur adip','https://images.unsplash.com/photo-1646617747561-661b38709abc?ixlib=rb-1.2.1&ixid=MnwxMjA3fDB8MHxlZGl0b3JpYWwtZmVlZHw1OHx8fGVufDB8fHx8&auto=format&fit=crop&w=300&q=60','2019-12-29 10:23:10'),(1642,921,'sit amet consectetur adipisicing elit. Maxime mollitia,Lorem ipsum dol',NULL,'2017-03-23 23:44:43'),(1643,1601,'itia,Lorem ipsum dolor sit amet consectetur adipisicing elit. M',NULL,'2016-03-05 15:55:32'),(1644,913,'amet consectetur adipisicing elit. Maxime mollitia,Lorem ipsum dolor si',NULL,'2019-05-30 02:42:07'),(1645,904,'adipisicing elit. Maxime mollitia,Lorem ipsum dolor sit amet consecte',NULL,'2019-03-20 10:02:41'),(1646,930,'elit. Maxime mollitia,Lorem ipsum dolor sit amet consectetur adipis',NULL,'2018-04-24 06:12:59'),(1647,907,'adipisicing elit. Maxime mollitia,Lorem ipsum dolor sit amet consectetur',NULL,'2017-05-11 08:46:15'),(1648,1615,'dolor sit amet consectetur adipisicing elit. Maxime mollitia,Lorem ips',NULL,'2018-07-23 08:50:49'),(1649,914,'mollitia,Lorem ipsum dolor sit amet consectetur adip',NULL,'2016-07-19 20:46:15'),(1650,918,'mollitia,Lorem ipsum dolor sit amet consectetur adipisicin',NULL,'2015-02-18 17:17:58'),(1651,926,'ipsum dolor sit amet consectetur adipisicing elit. ',NULL,'2017-05-06 01:33:55'),(1652,929,'elit. Maxime mollitia,Lorem ipsum dolor sit amet consectetur adipisic',NULL,'2018-06-20 22:04:18'),(1653,932,'Maxime mollitia,Lorem ipsum dolor sit amet consectetur adipisi',NULL,'2017-10-25 11:25:40'),(1654,913,'elit. Maxime mollitia,Lorem ipsum dolor sit amet consectet',NULL,'2018-03-12 20:52:53'),(1655,912,'ollitia,Lorem ipsum dolor sit amet consectetur adipis',NULL,'2019-01-28 18:10:00'),(1656,1656,'ia,Lorem ipsum dolor sit amet consectetur adipisicing elit. Maxime mo','https://images.unsplash.com/photo-1646590639664-dbf735c4c2fe?ixlib=rb-1.2.1&ixid=MnwxMjA3fDB8MHxlZGl0b3JpYWwtZmVlZHw2Mnx8fGVufDB8fHx8&auto=format&fit=crop&w=300&q=60','2019-02-05 10:05:30'),(1657,908,'litia,Lorem ipsum dolor sit amet consectetur adipisicing elit. Maxime',NULL,'2016-04-12 17:01:05'),(1658,1610,'adipisicing elit. Maxime mollitia,Lorem ipsum dolor sit amet con',NULL,'2017-03-09 16:57:41'),(1659,931,'dolor sit amet consectetur adipisicing elit. Maxime mollitia,Lorem ipsum',NULL,'2018-05-20 20:14:53'),(1660,926,'a,Lorem ipsum dolor sit amet consectetur adipisicin',NULL,'2017-06-26 08:48:36'),(1661,924,'sit amet consectetur adipisicing elit. Maxime mollitia,Lorem ipsum',NULL,'2018-08-29 04:02:26'),(1662,924,'ia,Lorem ipsum dolor sit amet consectetur adipisicing elit. Maxi',NULL,'2017-05-30 18:37:25'),(1663,907,'mollitia,Lorem ipsum dolor sit amet consectetur adipisicing elit',NULL,'2015-09-13 01:37:03'),(1664,930,'dolor sit amet consectetur adipisicing elit. Maxime mollitia',NULL,'2019-09-09 21:23:33'),(1665,916,'consectetur adipisicing elit. Maxime mollitia,Lorem ipsum do',NULL,'2018-07-15 04:40:44'),(1666,909,'elit. Maxime mollitia,Lorem ipsum dolor sit amet c',NULL,'2016-11-15 04:34:29'),(1667,927,'ollitia,Lorem ipsum dolor sit amet consectetur adipisicing',NULL,'2017-10-24 00:04:41'),(1668,1666,'dolor sit amet consectetur adipisicing elit. Maxime mollit',NULL,'2019-10-15 12:19:03'),(1669,928,'sit amet consectetur adipisicing elit. Maxime mollitia,',NULL,'2016-06-27 05:22:11'),(1670,919,'consectetur adipisicing elit. Maxime mollitia,Lorem ipsum dolo',NULL,'2017-06-11 05:52:08'),(1671,903,'tia,Lorem ipsum dolor sit amet consectetur adipisicing e',NULL,'2016-07-09 21:33:59'),(1672,929,'amet consectetur adipisicing elit. Maxime mollitia,Lorem ipsum dolor','https://images.unsplash.com/photo-1646617747561-661b38709abc?ixlib=rb-1.2.1&ixid=MnwxMjA3fDB8MHxlZGl0b3JpYWwtZmVlZHw1OHx8fGVufDB8fHx8&auto=format&fit=crop&w=300&q=60','2016-11-09 03:35:10'),(1673,916,'litia,Lorem ipsum dolor sit amet consectetur adipisicing elit',NULL,'2015-11-25 20:32:17'),(1674,927,'tia,Lorem ipsum dolor sit amet consectetur adipisicing elit. Maxime moll',NULL,'2017-03-06 04:43:29'),(1675,912,'ollitia,Lorem ipsum dolor sit amet consectetur adipisici',NULL,'2017-11-14 05:23:27'),(1676,1602,'consectetur adipisicing elit. Maxime mollitia,Lorem ipsum dolor sit amet',NULL,'2016-10-20 02:41:55'),(1677,932,'adipisicing elit. Maxime mollitia,Lorem ipsum dolor sit',NULL,'2019-10-05 23:43:47'),(1678,923,'mollitia,Lorem ipsum dolor sit amet consectetur adip','https://images.unsplash.com/photo-1638913661377-abd9e8cf1998?ixlib=rb-1.2.1&ixid=MnwxMjA3fDF8MHxlZGl0b3JpYWwtZmVlZHwzMXx8fGVufDB8fHx8&auto=format&fit=crop&w=300&q=60','2019-08-10 22:58:04'),(1679,1661,'elit. Maxime mollitia,Lorem ipsum dolor sit amet consectetur adipisicing',NULL,'2017-02-28 17:21:02'),(1680,932,'amet consectetur adipisicing elit. Maxime mollitia,Lor',NULL,'2015-05-21 10:33:37'),(1681,915,'ia,Lorem ipsum dolor sit amet consectetur adipisicing elit. Maxime mo',NULL,'2019-11-14 07:43:17'),(1682,915,'amet consectetur adipisicing elit. Maxime mollitia,Lorem i',NULL,'2016-04-02 01:28:18'),(1683,929,'sit amet consectetur adipisicing elit. Maxime mollit',NULL,'2018-10-17 11:02:02'),(1684,914,'adipisicing elit. Maxime mollitia,Lorem ipsum dolor sit amet conse',NULL,'2019-11-24 14:49:25'),(1685,1607,'elit. Maxime mollitia,Lorem ipsum dolor sit amet consectetur adipi',NULL,'2018-03-15 11:45:02'),(1686,1615,'ipsum dolor sit amet consectetur adipisicing elit. Maxime m',NULL,'2018-05-26 17:35:34'),(1687,904,'dolor sit amet consectetur adipisicing elit. Maxime mollitia,Lorem ip',NULL,'2015-06-01 11:23:05'),(1688,918,'mollitia,Lorem ipsum dolor sit amet consectetur adipisicing elit. Maxime',NULL,'2019-07-24 08:03:04'),(1689,1615,'dolor sit amet consectetur adipisicing elit. Maxime mollitia,Lor',NULL,'2015-02-06 15:52:38'),(1690,912,'elit. Maxime mollitia,Lorem ipsum dolor sit amet consecte',NULL,'2015-09-21 20:42:28'),(1691,914,'sit amet consectetur adipisicing elit. Maxime mollitia,Lorem',NULL,'2017-08-30 01:59:46'),(1692,915,'sit amet consectetur adipisicing elit. Maxime mollitia',NULL,'2017-08-26 10:03:09'),(1693,911,'adipisicing elit. Maxime mollitia,Lorem ipsum dolor sit amet consectetur',NULL,'2019-12-15 00:38:34'),(1694,914,'adipisicing elit. Maxime mollitia,Lorem ipsum dolor sit am',NULL,'2016-07-11 08:45:16'),(1695,903,'dolor sit amet consectetur adipisicing elit. Maxime ',NULL,'2019-07-18 11:00:51'),(1696,930,'elit. Maxime mollitia,Lorem ipsum dolor sit amet conse','https://images.unsplash.com/photo-1646590639664-dbf735c4c2fe?ixlib=rb-1.2.1&ixid=MnwxMjA3fDB8MHxlZGl0b3JpYWwtZmVlZHw2Mnx8fGVufDB8fHx8&auto=format&fit=crop&w=300&q=60','2015-08-08 14:18:43'),(1697,902,'elit. Maxime mollitia,Lorem ipsum dolor sit amet consectet',NULL,'2015-09-21 02:58:22'),(1698,1607,'dolor sit amet consectetur adipisicing elit. Maxime mo',NULL,'2017-09-14 08:40:24'),(1699,912,'dolor sit amet consectetur adipisicing elit. Maxime',NULL,'2018-02-17 13:45:18'),(1700,915,'dolor sit amet consectetur adipisicing elit. Maxime mollitia,Lorem',NULL,'2019-07-20 15:37:55'),(1701,902,'adipisicing elit. Maxime mollitia,Lorem ipsum dolor sit am',NULL,'2019-06-04 21:17:26'),(1702,1666,'adipisicing elit. Maxime mollitia,Lorem ipsum dolor sit amet',NULL,'2015-08-05 01:48:10'),(1703,1603,',Lorem ipsum dolor sit amet consectetur adipisicing elit. Maxime molliti',NULL,'2019-10-05 12:52:15'),(1704,913,'elit. Maxime mollitia,Lorem ipsum dolor sit amet consec',NULL,'2018-03-18 05:41:31'),(1705,905,'Maxime mollitia,Lorem ipsum dolor sit amet consectetur ad',NULL,'2015-12-06 09:31:55'),(1706,931,'sit amet consectetur adipisicing elit. Maxime mollitia,Lorem ips',NULL,'2017-03-07 04:32:52'),(1707,1610,'adipisicing elit. Maxime mollitia,Lorem ipsum dolor sit amet consectet',NULL,'2017-11-28 10:32:20'),(1708,1615,'ollitia,Lorem ipsum dolor sit amet consectetur adipi',NULL,'2017-03-03 07:04:00'),(1709,1613,'adipisicing elit. Maxime mollitia,Lorem ipsum dolor sit amet consectetur',NULL,'2017-10-30 13:30:38'),(1710,918,'dolor sit amet consectetur adipisicing elit. Maxime mollitia,Lor',NULL,'2018-11-23 22:21:45'),(1711,1614,'sit amet consectetur adipisicing elit. Maxime mollitia,L',NULL,'2017-04-08 09:55:44'),(1712,912,'elit. Maxime mollitia,Lorem ipsum dolor sit amet consectetur adipi',NULL,'2016-10-13 12:47:00'),(1713,907,'itia,Lorem ipsum dolor sit amet consectetur adipisicing elit. Maxime mol','https://images.unsplash.com/photo-1646639138820-54404ddb351b?ixlib=rb-1.2.1&ixid=MnwxMjA3fDB8MHxlZGl0b3JpYWwtZmVlZHwzMHx8fGVufDB8fHx8&auto=format&fit=crop&w=300&q=60','2016-12-06 06:22:06'),(1714,915,'mollitia,Lorem ipsum dolor sit amet consectetur adipisicing elit. Maxime',NULL,'2015-06-29 07:59:36'),(1715,914,'Maxime mollitia,Lorem ipsum dolor sit amet consect',NULL,'2018-03-30 15:48:12'),(1716,930,'adipisicing elit. Maxime mollitia,Lorem ipsum dolor sit amet cons',NULL,'2015-06-02 11:02:44'),(1717,907,'dolor sit amet consectetur adipisicing elit. Maxime mollitia,Lorem',NULL,'2016-09-13 10:06:31'),(1718,1607,'Maxime mollitia,Lorem ipsum dolor sit amet consectetur adipisi',NULL,'2018-03-16 09:31:45'),(1719,900,'consectetur adipisicing elit. Maxime mollitia,Lorem ipsum dolo',NULL,'2018-11-10 23:28:58'),(1720,926,'elit. Maxime mollitia,Lorem ipsum dolor sit amet consectetur adipi',NULL,'2019-11-25 05:31:39'),(1721,920,'consectetur adipisicing elit. Maxime mollitia,Lorem ipsum do',NULL,'2015-12-28 00:57:07'),(1722,932,'adipisicing elit. Maxime mollitia,Lorem ipsum dolor sit a',NULL,'2017-06-03 11:41:17'),(1723,1656,'a,Lorem ipsum dolor sit amet consectetur adipisicing elit. Maxime mo',NULL,'2018-02-07 19:43:48'),(1724,920,'elit. Maxime mollitia,Lorem ipsum dolor sit amet consecte',NULL,'2015-12-26 00:17:46'),(1725,910,'ia,Lorem ipsum dolor sit amet consectetur adipisicing',NULL,'2018-07-17 22:58:26'),(1726,1666,'elit. Maxime mollitia,Lorem ipsum dolor sit amet consectetur adipisicing',NULL,'2015-02-14 11:17:23'),(1727,929,'elit. Maxime mollitia,Lorem ipsum dolor sit amet consectetur adi',NULL,'2017-09-30 12:53:03'),(1728,918,'elit. Maxime mollitia,Lorem ipsum dolor sit amet consectetur',NULL,'2017-08-22 04:27:19'),(1729,922,'adipisicing elit. Maxime mollitia,Lorem ipsum dolo',NULL,'2019-07-10 12:40:07'),(1730,1602,'consectetur adipisicing elit. Maxime mollitia,Lorem ipsum dolor sit amet',NULL,'2016-03-22 21:42:39'),(1731,1615,'dolor sit amet consectetur adipisicing elit. Maxime mollitia,Lorem ipsu',NULL,'2015-09-14 23:57:42'),(1732,913,'amet consectetur adipisicing elit. Maxime mollitia,Lor',NULL,'2016-10-16 04:00:58'),(1733,916,'ipsum dolor sit amet consectetur adipisicing elit. Maxime mollitia,',NULL,'2017-05-30 17:52:00'),(1734,904,'sit amet consectetur adipisicing elit. Maxime mollitia,Lorem',NULL,'2019-09-14 10:11:47'),(1735,1615,'amet consectetur adipisicing elit. Maxime mollitia,Lorem ipsum do','https://images.unsplash.com/photo-1646590639664-dbf735c4c2fe?ixlib=rb-1.2.1&ixid=MnwxMjA3fDB8MHxlZGl0b3JpYWwtZmVlZHw2Mnx8fGVufDB8fHx8&auto=format&fit=crop&w=300&q=60','2015-05-04 01:59:51'),(1736,903,'amet consectetur adipisicing elit. Maxime mollitia,Lorem ipsum',NULL,'2017-08-24 23:15:19'),(1737,924,'adipisicing elit. Maxime mollitia,Lorem ipsum dolor si',NULL,'2016-08-20 09:38:15'),(1738,924,'elit. Maxime mollitia,Lorem ipsum dolor sit amet consectetur adi',NULL,'2018-03-16 20:19:12'),(1739,1602,'sit amet consectetur adipisicing elit. Maxime mollitia,L',NULL,'2019-08-26 03:06:23'),(1740,1607,'elit. Maxime mollitia,Lorem ipsum dolor sit amet consectetur adipisicing',NULL,'2018-08-16 20:21:06'),(1741,1605,'Maxime mollitia,Lorem ipsum dolor sit amet consectetur ad',NULL,'2018-04-24 00:25:50'),(1742,930,'Lorem ipsum dolor sit amet consectetur adipisicing elit. Maxime mollit',NULL,'2018-03-02 12:53:03'),(1743,923,'elit. Maxime mollitia,Lorem ipsum dolor sit amet consec','https://images.unsplash.com/photo-1646639138820-54404ddb351b?ixlib=rb-1.2.1&ixid=MnwxMjA3fDB8MHxlZGl0b3JpYWwtZmVlZHwzMHx8fGVufDB8fHx8&auto=format&fit=crop&w=300&q=60','2017-05-21 22:44:23'),(1744,1614,'adipisicing elit. Maxime mollitia,Lorem ipsum dolor sit amet consect',NULL,'2018-08-11 08:15:27'),(1745,1615,'consectetur adipisicing elit. Maxime mollitia,Lorem i',NULL,'2015-08-20 18:09:24'),(1746,916,'Maxime mollitia,Lorem ipsum dolor sit amet consectetur adipisicing elit.',NULL,'2015-01-24 18:38:42'),(1747,917,'elit. Maxime mollitia,Lorem ipsum dolor sit amet consectetur adipisi',NULL,'2017-06-05 18:27:55'),(1748,921,'adipisicing elit. Maxime mollitia,Lorem ipsum dolor sit amet con',NULL,'2017-03-27 07:39:17'),(1749,909,'amet consectetur adipisicing elit. Maxime mollitia,',NULL,'2015-05-08 16:42:41'),(1750,1610,'dolor sit amet consectetur adipisicing elit. Maxime m',NULL,'2016-08-13 05:42:54'),(1751,914,'ia,Lorem ipsum dolor sit amet consectetur adipisicing elit. Max',NULL,'2017-01-22 00:52:09'),(1752,915,'mollitia,Lorem ipsum dolor sit amet consectetur adipisicing eli',NULL,'2016-12-07 22:48:10'),(1753,1603,'consectetur adipisicing elit. Maxime mollitia,Lorem ipsum d',NULL,'2015-11-10 22:59:00'),(1754,1601,'consectetur adipisicing elit. Maxime mollitia,Lorem ipsum dolor',NULL,'2019-05-09 19:59:26'),(1755,915,'elit. Maxime mollitia,Lorem ipsum dolor sit amet consectetur adi',NULL,'2019-06-18 14:42:06'),(1756,909,'mollitia,Lorem ipsum dolor sit amet consectetur adipisicing elit. Maxi','https://images.unsplash.com/photo-1646590639664-dbf735c4c2fe?ixlib=rb-1.2.1&ixid=MnwxMjA3fDB8MHxlZGl0b3JpYWwtZmVlZHw2Mnx8fGVufDB8fHx8&auto=format&fit=crop&w=300&q=60','2016-04-26 09:14:35'),(1757,908,'consectetur adipisicing elit. Maxime mollitia,Lorem ips',NULL,'2016-05-10 08:27:46'),(1758,905,'tia,Lorem ipsum dolor sit amet consectetur adipisicing elit. Maxime moll',NULL,'2016-01-22 03:02:52'),(1759,1656,'dolor sit amet consectetur adipisicing elit. Maxime',NULL,'2019-07-10 02:33:37'),(1760,900,'a,Lorem ipsum dolor sit amet consectetur adipisicing elit. Maxime molliti',NULL,'2019-10-29 11:48:18'),(1761,903,'consectetur adipisicing elit. Maxime mollitia,Lorem i',NULL,'2019-12-25 18:30:53'),(1762,913,'sit amet consectetur adipisicing elit. Maxime mollitia,Lor',NULL,'2019-11-14 22:48:55'),(1763,923,'dolor sit amet consectetur adipisicing elit. Maxime mol',NULL,'2018-08-12 23:45:39'),(1764,911,'adipisicing elit. Maxime mollitia,Lorem ipsum dolor sit amet conse',NULL,'2017-09-14 11:09:29'),(1765,1602,'adipisicing elit. Maxime mollitia,Lorem ipsum dolo',NULL,'2017-07-12 07:39:06'),(1766,1661,'ipsum dolor sit amet consectetur adipisicing elit. Maxime',NULL,'2016-07-22 06:18:32'),(1767,928,'Maxime mollitia,Lorem ipsum dolor sit amet consect',NULL,'2019-01-29 23:43:34'),(1768,932,'adipisicing elit. Maxime mollitia,Lorem ipsum dolor sit am',NULL,'2018-03-13 06:34:13'),(1769,915,'adipisicing elit. Maxime mollitia,Lorem ipsum dolor si',NULL,'2019-09-11 20:03:03'),(1770,1615,'ipsum dolor sit amet consectetur adipisicing elit. Maxi',NULL,'2015-07-27 19:18:10'),(1771,925,'elit. Maxime mollitia,Lorem ipsum dolor sit amet consectetur adipisici','https://images.unsplash.com/photo-1646639138820-54404ddb351b?ixlib=rb-1.2.1&ixid=MnwxMjA3fDB8MHxlZGl0b3JpYWwtZmVlZHwzMHx8fGVufDB8fHx8&auto=format&fit=crop&w=300&q=60','2015-12-13 05:53:52'),(1772,926,'elit. Maxime mollitia,Lorem ipsum dolor sit amet consectetur adipisici',NULL,'2018-03-02 14:23:24'),(1773,922,'consectetur adipisicing elit. Maxime mollitia,Lorem ipsum dolor sit am',NULL,'2019-08-21 06:59:59'),(1774,929,'ipsum dolor sit amet consectetur adipisicing elit. Maxim',NULL,'2016-02-09 03:32:23'),(1775,1613,'adipisicing elit. Maxime mollitia,Lorem ipsum dolor sit amet consectetu',NULL,'2019-09-03 18:39:28'),(1776,922,'mollitia,Lorem ipsum dolor sit amet consectetur ad',NULL,'2017-07-24 18:39:00'),(1777,905,'consectetur adipisicing elit. Maxime mollitia,Lorem ipsum dolor sit a',NULL,'2016-08-14 14:06:01'),(1778,928,'Maxime mollitia,Lorem ipsum dolor sit amet consectetu',NULL,'2017-02-02 23:12:43'),(1779,924,'dolor sit amet consectetur adipisicing elit. Maxime molliti',NULL,'2017-06-13 23:50:15'),(1780,912,'elit. Maxime mollitia,Lorem ipsum dolor sit amet consectetur adip',NULL,'2018-09-01 10:15:27'),(1781,929,'sit amet consectetur adipisicing elit. Maxime mollitia,Lorem ipsum dolor',NULL,'2016-08-28 11:19:33'),(1782,921,'adipisicing elit. Maxime mollitia,Lorem ipsum dolor sit amet consectet',NULL,'2017-12-20 00:34:57'),(1783,906,'adipisicing elit. Maxime mollitia,Lorem ipsum dolor sit',NULL,'2016-05-17 09:20:28'),(1784,928,'elit. Maxime mollitia,Lorem ipsum dolor sit amet c',NULL,'2016-09-18 00:06:53'),(1785,909,'ollitia,Lorem ipsum dolor sit amet consectetur adipisicing e',NULL,'2018-11-20 14:42:10'),(1786,921,'elit. Maxime mollitia,Lorem ipsum dolor sit amet consectetur adipisicin',NULL,'2016-10-14 18:19:34'),(1787,919,'ipsum dolor sit amet consectetur adipisicing elit. Maxime mollit',NULL,'2015-09-30 14:19:51'),(1788,905,'elit. Maxime mollitia,Lorem ipsum dolor sit amet con',NULL,'2016-11-13 15:48:49'),(1789,905,'Maxime mollitia,Lorem ipsum dolor sit amet consectetur adipisicing elit.',NULL,'2016-10-30 06:31:13'),(1790,1602,'consectetur adipisicing elit. Maxime mollitia,Lorem ipsum dolor sit',NULL,'2015-11-13 04:16:40'),(1791,1610,'elit. Maxime mollitia,Lorem ipsum dolor sit amet consectetur ad',NULL,'2016-12-26 12:30:49'),(1792,917,'elit. Maxime mollitia,Lorem ipsum dolor sit amet consectetur adipis',NULL,'2019-03-11 05:29:17'),(1793,1603,'adipisicing elit. Maxime mollitia,Lorem ipsum dolor sit amet consectetur',NULL,'2017-02-19 04:40:03'),(1794,1607,'adipisicing elit. Maxime mollitia,Lorem ipsum dolor sit amet consect',NULL,'2015-06-21 20:50:47'),(1795,1661,'adipisicing elit. Maxime mollitia,Lorem ipsum dolor sit ame','https://images.unsplash.com/photo-1646614871839-881108ea8407?ixlib=rb-1.2.1&ixid=MnwxMjA3fDB8MHxlZGl0b3JpYWwtZmVlZHw2OHx8fGVufDB8fHx8&auto=format&fit=crop&w=300&q=60','2015-05-18 01:05:13'),(1796,1607,'Maxime mollitia,Lorem ipsum dolor sit amet consectetur adipisic',NULL,'2016-03-22 19:31:26'),(1797,1661,'sit amet consectetur adipisicing elit. Maxime mollitia,Lorem ip',NULL,'2017-04-29 20:07:11'),(1798,913,'elit. Maxime mollitia,Lorem ipsum dolor sit amet consectetur adipisicing',NULL,'2018-09-13 18:30:32'),(1799,900,'litia,Lorem ipsum dolor sit amet consectetur adipis',NULL,'2019-03-10 14:52:30'),(1800,909,'adipisicing elit. Maxime mollitia,Lorem ipsum dolor',NULL,'2015-04-20 19:52:09'),(1801,921,'ia,Lorem ipsum dolor sit amet consectetur adipisicing eli',NULL,'2015-05-02 13:40:31'),(1802,932,'ipsum dolor sit amet consectetur adipisicing elit. Maxime mol',NULL,'2017-05-21 19:01:20'),(1803,909,'dolor sit amet consectetur adipisicing elit. Maxime mollitia,Lorem ipsum',NULL,'2017-08-31 17:56:06'),(1804,911,'sit amet consectetur adipisicing elit. Maxime mollit',NULL,'2018-01-22 15:27:58'),(1805,913,'Maxime mollitia,Lorem ipsum dolor sit amet consectetur adipisicing',NULL,'2017-03-31 05:32:02'),(1806,926,'ollitia,Lorem ipsum dolor sit amet consectetur adipis',NULL,'2018-09-25 17:51:31'),(1807,920,'mollitia,Lorem ipsum dolor sit amet consectetur adipisicing eli',NULL,'2016-03-23 02:02:28'),(1808,924,'dolor sit amet consectetur adipisicing elit. Maxime mo',NULL,'2019-12-25 11:25:57'),(1809,901,'adipisicing elit. Maxime mollitia,Lorem ipsum dolor si',NULL,'2016-08-28 05:40:35'),(1810,913,'amet consectetur adipisicing elit. Maxime mollitia,Lorem i',NULL,'2016-02-03 23:45:50'),(1811,901,'tia,Lorem ipsum dolor sit amet consectetur adipisicing elit.',NULL,'2017-08-15 13:04:53'),(1812,1603,'adipisicing elit. Maxime mollitia,Lorem ipsum dolor sit amet conse',NULL,'2017-06-14 16:33:48'),(1813,1615,'adipisicing elit. Maxime mollitia,Lorem ipsum dolor sit amet consecte',NULL,'2019-05-13 05:03:51'),(1814,906,'amet consectetur adipisicing elit. Maxime mollitia,Lorem ipsum dolo',NULL,'2019-12-07 05:59:17'),(1815,1666,'elit. Maxime mollitia,Lorem ipsum dolor sit amet consectetur adipisicing',NULL,'2018-02-18 10:12:20'),(1816,923,'Maxime mollitia,Lorem ipsum dolor sit amet consectetur adip',NULL,'2019-06-05 23:24:29'),(1817,916,'dolor sit amet consectetur adipisicing elit. Maxime mollitia,Lo',NULL,'2016-07-07 13:14:08'),(1818,904,'amet consectetur adipisicing elit. Maxime mollitia,L','https://images.unsplash.com/photo-1646639138820-54404ddb351b?ixlib=rb-1.2.1&ixid=MnwxMjA3fDB8MHxlZGl0b3JpYWwtZmVlZHwzMHx8fGVufDB8fHx8&auto=format&fit=crop&w=300&q=60','2015-09-25 13:53:25'),(1819,931,'adipisicing elit. Maxime mollitia,Lorem ipsum dolor sit amet',NULL,'2019-07-09 07:50:02'),(1820,928,'Maxime mollitia,Lorem ipsum dolor sit amet consectetur adipisicing',NULL,'2019-01-03 20:07:31'),(1821,1656,'adipisicing elit. Maxime mollitia,Lorem ipsum dolor sit',NULL,'2018-08-25 10:20:31'),(1822,1614,'mollitia,Lorem ipsum dolor sit amet consectetur adipisicing elit.',NULL,'2015-10-20 07:05:41'),(1823,901,'mollitia,Lorem ipsum dolor sit amet consectetur adipisicing elit. M',NULL,'2015-11-26 23:58:58'),(1824,1613,'mollitia,Lorem ipsum dolor sit amet consectetur adipisicing elit. Maxime','https://images.unsplash.com/photo-1646659107256-71bfb64bd3fe?ixlib=rb-1.2.1&ixid=MnwxMjA3fDB8MHxlZGl0b3JpYWwtZmVlZHwyOXx8fGVufDB8fHx8&auto=format&fit=crop&w=300&q=60','2018-02-05 11:25:17'),(1825,903,'litia,Lorem ipsum dolor sit amet consectetur adipisicing elit. Maxime mo',NULL,'2015-06-03 21:59:55'),(1826,1607,'ipsum dolor sit amet consectetur adipisicing elit. Maxime mo',NULL,'2019-12-15 10:12:10'),(1827,1661,'Maxime mollitia,Lorem ipsum dolor sit amet consectet',NULL,'2018-10-06 03:05:02'),(1828,931,'elit. Maxime mollitia,Lorem ipsum dolor sit amet consectetur adipisici',NULL,'2018-10-08 12:29:08'),(1829,1614,'dolor sit amet consectetur adipisicing elit. Maxime mollitia,Lorem',NULL,'2016-04-28 18:07:26'),(1830,911,'mollitia,Lorem ipsum dolor sit amet consectetur adipisicing',NULL,'2019-05-26 09:18:10'),(1831,900,'ipsum dolor sit amet consectetur adipisicing elit. Maxime mo',NULL,'2015-10-16 23:22:15'),(1832,906,'ia,Lorem ipsum dolor sit amet consectetur adipisicing elit. Maxime',NULL,'2018-10-24 02:57:51'),(1833,904,'elit. Maxime mollitia,Lorem ipsum dolor sit amet cons',NULL,'2017-04-03 04:20:23'),(1834,907,'elit. Maxime mollitia,Lorem ipsum dolor sit amet c','https://images.unsplash.com/photo-1646614871839-881108ea8407?ixlib=rb-1.2.1&ixid=MnwxMjA3fDB8MHxlZGl0b3JpYWwtZmVlZHw2OHx8fGVufDB8fHx8&auto=format&fit=crop&w=300&q=60','2017-04-10 23:00:32'),(1835,922,'a,Lorem ipsum dolor sit amet consectetur adipisicing elit. Maxime molli',NULL,'2018-08-14 18:55:42'),(1836,901,'adipisicing elit. Maxime mollitia,Lorem ipsum dolor sit amet',NULL,'2019-05-20 02:41:46'),(1837,931,'Lorem ipsum dolor sit amet consectetur adipisicing elit. Ma',NULL,'2015-02-27 22:10:03'),(1838,902,'tia,Lorem ipsum dolor sit amet consectetur adipisicing',NULL,'2018-09-01 07:58:59'),(1839,903,'elit. Maxime mollitia,Lorem ipsum dolor sit amet consectetur adipisicing',NULL,'2017-02-13 02:51:59'),(1840,920,'Maxime mollitia,Lorem ipsum dolor sit amet consectetur adipisicing elit',NULL,'2018-01-13 23:39:07'),(1841,914,'elit. Maxime mollitia,Lorem ipsum dolor sit amet consectet',NULL,'2016-02-24 19:44:35'),(1842,1656,'Maxime mollitia,Lorem ipsum dolor sit amet consectetur adipisicing eli',NULL,'2016-04-30 07:25:10'),(1843,918,'ollitia,Lorem ipsum dolor sit amet consectetur adipisicing elit. Ma',NULL,'2016-08-27 12:28:39'),(1844,1610,'Maxime mollitia,Lorem ipsum dolor sit amet consectetu',NULL,'2016-10-11 16:43:31'),(1845,1605,'dolor sit amet consectetur adipisicing elit. Maxime moll',NULL,'2015-02-05 19:59:12'),(1846,1666,'elit. Maxime mollitia,Lorem ipsum dolor sit amet consectetur adipis',NULL,'2017-04-08 17:45:40'),(1847,926,'elit. Maxime mollitia,Lorem ipsum dolor sit amet consectetur adipi',NULL,'2019-01-09 02:13:25'),(1848,910,'a,Lorem ipsum dolor sit amet consectetur adipisicing elit. Maxim',NULL,'2015-08-03 16:40:26'),(1849,908,'Maxime mollitia,Lorem ipsum dolor sit amet consectetur adipis',NULL,'2016-05-02 13:39:17'),(1850,1615,'elit. Maxime mollitia,Lorem ipsum dolor sit amet consectetur adipisicing',NULL,'2019-11-15 17:23:22'),(1851,912,'mollitia,Lorem ipsum dolor sit amet consectetur adipi',NULL,'2017-08-13 14:05:17'),(1852,919,'adipisicing elit. Maxime mollitia,Lorem ipsum dolor sit ame',NULL,'2018-10-16 08:46:41'),(1853,1605,'consectetur adipisicing elit. Maxime mollitia,Lorem ipsum dolor sit',NULL,'2016-11-09 14:41:03'),(1854,932,'dolor sit amet consectetur adipisicing elit. Maxime ',NULL,'2019-03-28 15:42:49'),(1855,901,'ia,Lorem ipsum dolor sit amet consectetur adipisicing elit. Maxime molli',NULL,'2018-04-01 12:50:03'),(1856,903,'llitia,Lorem ipsum dolor sit amet consectetur adipisicing elit. Maxim',NULL,'2019-12-28 21:33:24'),(1857,920,'tia,Lorem ipsum dolor sit amet consectetur adipisicing elit. Maxime molli',NULL,'2017-08-16 16:19:49'),(1858,904,'Maxime mollitia,Lorem ipsum dolor sit amet consecte',NULL,'2015-08-06 08:21:08'),(1859,924,'ipsum dolor sit amet consectetur adipisicing elit. Maxime mollit',NULL,'2016-07-12 06:12:22'),(1860,1661,'ipsum dolor sit amet consectetur adipisicing elit. Maxime mol','https://images.unsplash.com/photo-1646614871839-881108ea8407?ixlib=rb-1.2.1&ixid=MnwxMjA3fDB8MHxlZGl0b3JpYWwtZmVlZHw2OHx8fGVufDB8fHx8&auto=format&fit=crop&w=300&q=60','2017-01-15 15:58:49'),(1861,1656,'mollitia,Lorem ipsum dolor sit amet consectetur adi',NULL,'2017-08-31 06:25:20'),(1862,914,'tia,Lorem ipsum dolor sit amet consectetur adipisicing e',NULL,'2017-07-18 21:48:03'),(1863,1666,'ipsum dolor sit amet consectetur adipisicing elit. Maxime moll',NULL,'2017-12-19 22:34:38'),(1864,903,'consectetur adipisicing elit. Maxime mollitia,Lorem ip',NULL,'2015-07-20 13:05:46'),(1865,909,'dolor sit amet consectetur adipisicing elit. Maxime',NULL,'2019-09-13 09:26:23'),(1866,920,'Maxime mollitia,Lorem ipsum dolor sit amet consectetur adipisicing eli',NULL,'2018-05-20 20:01:04'),(1867,907,'Lorem ipsum dolor sit amet consectetur adipisicing elit. M',NULL,'2018-08-12 12:05:46'),(1868,912,'adipisicing elit. Maxime mollitia,Lorem ipsum dolor sit amet',NULL,'2018-03-21 19:08:36'),(1869,915,'Lorem ipsum dolor sit amet consectetur adipisicing elit. Maxime mol',NULL,'2017-03-18 22:14:45'),(1870,903,'dolor sit amet consectetur adipisicing elit. Maxime molli',NULL,'2015-03-14 20:31:45'),(1871,1601,'elit. Maxime mollitia,Lorem ipsum dolor sit amet consectetur adi',NULL,'2017-03-04 04:50:31'),(1872,930,'adipisicing elit. Maxime mollitia,Lorem ipsum dolor s',NULL,'2017-11-08 13:01:03'),(1873,900,'a,Lorem ipsum dolor sit amet consectetur adipisicing eli',NULL,'2018-11-11 11:54:33'),(1874,923,'elit. Maxime mollitia,Lorem ipsum dolor sit amet consectetur adip',NULL,'2018-10-01 09:47:12'),(1875,907,'adipisicing elit. Maxime mollitia,Lorem ipsum dolor si',NULL,'2017-12-20 02:48:11'),(1876,1656,',Lorem ipsum dolor sit amet consectetur adipisicing elit. Maxime mollitia',NULL,'2017-03-17 22:00:16'),(1877,922,'consectetur adipisicing elit. Maxime mollitia,Lorem ipsum dolor',NULL,'2019-07-26 16:53:22'),(1878,902,'elit. Maxime mollitia,Lorem ipsum dolor sit amet conse',NULL,'2018-12-28 17:08:12'),(1879,917,'Maxime mollitia,Lorem ipsum dolor sit amet consectetur adip','https://images.unsplash.com/photo-1646659107256-71bfb64bd3fe?ixlib=rb-1.2.1&ixid=MnwxMjA3fDB8MHxlZGl0b3JpYWwtZmVlZHwyOXx8fGVufDB8fHx8&auto=format&fit=crop&w=300&q=60','2016-12-12 00:41:05'),(1880,911,'elit. Maxime mollitia,Lorem ipsum dolor sit amet consectet',NULL,'2015-10-12 21:13:41'),(1881,900,'amet consectetur adipisicing elit. Maxime mollitia,Lorem ipsum dolor',NULL,'2018-08-07 12:52:41'),(1882,926,'mollitia,Lorem ipsum dolor sit amet consectetur adipisicing elit. Ma',NULL,'2018-09-20 11:14:59'),(1883,925,'adipisicing elit. Maxime mollitia,Lorem ipsum dolor sit a',NULL,'2015-05-15 11:08:50'),(1884,928,'elit. Maxime mollitia,Lorem ipsum dolor sit amet con',NULL,'2015-12-07 03:39:57'),(1885,923,'sit amet consectetur adipisicing elit. Maxime mollitia',NULL,'2015-06-05 09:11:43'),(1886,1613,'ia,Lorem ipsum dolor sit amet consectetur adipisicing elit. Maxime mollit',NULL,'2015-02-12 19:34:41'),(1887,923,'mollitia,Lorem ipsum dolor sit amet consectetur adipisicing elit. Ma',NULL,'2018-01-27 15:00:13'),(1888,900,'elit. Maxime mollitia,Lorem ipsum dolor sit amet cons',NULL,'2018-11-21 00:36:11'),(1889,907,'Maxime mollitia,Lorem ipsum dolor sit amet consectetur adipi',NULL,'2018-04-07 02:04:01'),(1890,920,'elit. Maxime mollitia,Lorem ipsum dolor sit amet consectetur adipi',NULL,'2017-09-05 14:44:31'),(1891,900,'ipsum dolor sit amet consectetur adipisicing elit. Maxime molliti',NULL,'2019-03-26 08:38:58'),(1892,1614,'Maxime mollitia,Lorem ipsum dolor sit amet consectetur','https://images.unsplash.com/photo-1646629013904-86fd1fd1aa08?ixlib=rb-1.2.1&ixid=MnwxMjA3fDB8MHxlZGl0b3JpYWwtZmVlZHw3M3x8fGVufDB8fHx8&auto=format&fit=crop&w=300&q=60','2019-08-23 23:32:49'),(1893,922,'sit amet consectetur adipisicing elit. Maxime mollitia,Lorem ipsum',NULL,'2016-04-12 11:49:12'),(1894,913,'mollitia,Lorem ipsum dolor sit amet consectetur adipisici',NULL,'2016-03-13 00:02:23'),(1895,1607,'a,Lorem ipsum dolor sit amet consectetur adipisicing elit. Maxime molli',NULL,'2018-06-03 15:46:20'),(1896,908,'ipsum dolor sit amet consectetur adipisicing elit. Maxi',NULL,'2018-12-07 09:34:47'),(1897,914,',Lorem ipsum dolor sit amet consectetur adipisicing elit. Maxime mol',NULL,'2018-07-12 00:35:04'),(1898,915,'dolor sit amet consectetur adipisicing elit. Maxime molli',NULL,'2017-06-09 04:10:48'),(1899,903,'mollitia,Lorem ipsum dolor sit amet consectetur adipisicing elit. Maxime',NULL,'2016-09-16 15:20:40'),(1900,926,'Maxime mollitia,Lorem ipsum dolor sit amet consectetur adipisicing eli',NULL,'2015-03-05 22:47:35'),(1901,918,'mollitia,Lorem ipsum dolor sit amet consectetur adipisicing elit.',NULL,'2019-06-16 03:08:08'),(1902,932,'a,Lorem ipsum dolor sit amet consectetur adipisicing el',NULL,'2019-05-26 03:31:54'),(1903,927,'Maxime mollitia,Lorem ipsum dolor sit amet consectetur adipisicing elit.',NULL,'2018-12-27 12:43:10'),(1904,920,'elit. Maxime mollitia,Lorem ipsum dolor sit amet consectetur adipisicing',NULL,'2015-10-06 11:51:49'),(1905,1605,'a,Lorem ipsum dolor sit amet consectetur adipisicing elit. Maxime mollit',NULL,'2019-06-21 15:02:29'),(1906,913,'elit. Maxime mollitia,Lorem ipsum dolor sit amet consectetur adipis',NULL,'2019-02-06 23:05:10'),(1907,922,'sit amet consectetur adipisicing elit. Maxime mollitia,Lorem ipsum do',NULL,'2016-10-03 15:20:56'),(1908,913,'sit amet consectetur adipisicing elit. Maxime mollitia,Lorem i','https://images.unsplash.com/photo-1646614871839-881108ea8407?ixlib=rb-1.2.1&ixid=MnwxMjA3fDB8MHxlZGl0b3JpYWwtZmVlZHw2OHx8fGVufDB8fHx8&auto=format&fit=crop&w=300&q=60','2015-01-24 06:58:29'),(1909,930,'amet consectetur adipisicing elit. Maxime mollitia,Lore',NULL,'2017-08-01 10:35:26'),(1910,909,'adipisicing elit. Maxime mollitia,Lorem ipsum dolor sit amet consect',NULL,'2017-05-17 22:04:17'),(1911,912,'Maxime mollitia,Lorem ipsum dolor sit amet consectetur adipisicing el',NULL,'2016-02-03 15:37:42'),(1912,918,'sit amet consectetur adipisicing elit. Maxime moll',NULL,'2016-02-13 20:31:08'),(1913,901,'elit. Maxime mollitia,Lorem ipsum dolor sit amet consectetur adipisici',NULL,'2019-02-07 21:49:33'),(1914,919,'sit amet consectetur adipisicing elit. Maxime mollitia,Lorem ip',NULL,'2017-06-15 06:12:07'),(1915,931,'elit. Maxime mollitia,Lorem ipsum dolor sit amet c',NULL,'2016-09-18 21:07:03'),(1916,926,'mollitia,Lorem ipsum dolor sit amet consectetur adipis',NULL,'2016-11-05 11:10:31'),(1917,921,'mollitia,Lorem ipsum dolor sit amet consectetur adipisicing elit. Maxim',NULL,'2015-07-06 09:51:56'),(1918,917,'elit. Maxime mollitia,Lorem ipsum dolor sit amet consectetur adip',NULL,'2017-06-02 15:32:26'),(1919,922,'itia,Lorem ipsum dolor sit amet consectetur adipisicing elit. Max',NULL,'2018-10-30 15:36:17'),(1920,1666,'litia,Lorem ipsum dolor sit amet consectetur adipisicing el',NULL,'2017-02-22 00:04:13'),(1921,927,'amet consectetur adipisicing elit. Maxime mollitia,Lorem ipsum dolor sit',NULL,'2016-04-13 11:20:51'),(1922,924,',Lorem ipsum dolor sit amet consectetur adipisicing elit. Maxime mollit',NULL,'2016-11-29 10:31:35'),(1923,904,'dolor sit amet consectetur adipisicing elit. Maxime mollitia,Lorem ip',NULL,'2018-01-22 19:40:40'),(1924,904,'elit. Maxime mollitia,Lorem ipsum dolor sit amet consectetur ad',NULL,'2016-12-09 03:30:18'),(1925,902,'mollitia,Lorem ipsum dolor sit amet consectetur adipisicing elit. Maxime',NULL,'2016-07-25 18:51:25'),(1926,1614,'adipisicing elit. Maxime mollitia,Lorem ipsum dolor sit amet consecte',NULL,'2017-02-19 00:09:02'),(1927,908,'consectetur adipisicing elit. Maxime mollitia,Lorem ipsum dolor','https://images.unsplash.com/photo-1646629013904-86fd1fd1aa08?ixlib=rb-1.2.1&ixid=MnwxMjA3fDB8MHxlZGl0b3JpYWwtZmVlZHw3M3x8fGVufDB8fHx8&auto=format&fit=crop&w=300&q=60','2015-04-27 14:36:37'),(1928,1666,'ipsum dolor sit amet consectetur adipisicing elit. Maxime mol',NULL,'2015-11-11 14:41:33'),(1929,1615,'mollitia,Lorem ipsum dolor sit amet consectetur adipisicing elit. Maxi',NULL,'2018-05-25 12:55:58'),(1930,907,'ipsum dolor sit amet consectetur adipisicing elit. ',NULL,'2018-01-28 14:44:23'),(1931,909,'a,Lorem ipsum dolor sit amet consectetur adipisicing elit. Maxime m',NULL,'2018-01-08 07:48:11'),(1932,924,'amet consectetur adipisicing elit. Maxime mollitia,Lorem ipsum dolor sit',NULL,'2015-03-16 18:02:42'),(1933,925,'elit. Maxime mollitia,Lorem ipsum dolor sit amet consectetur adipisic',NULL,'2016-05-31 06:44:22'),(1934,928,'adipisicing elit. Maxime mollitia,Lorem ipsum dolor sit amet cons',NULL,'2019-03-06 23:47:52'),(1935,916,'elit. Maxime mollitia,Lorem ipsum dolor sit amet consectetur adip',NULL,'2015-12-29 09:38:02'),(1936,919,'elit. Maxime mollitia,Lorem ipsum dolor sit amet consecte',NULL,'2019-09-22 05:43:03'),(1937,931,'adipisicing elit. Maxime mollitia,Lorem ipsum dolor sit am',NULL,'2016-11-15 11:17:43'),(1938,929,'amet consectetur adipisicing elit. Maxime mollitia,Lorem ipsum dolor',NULL,'2018-11-12 04:27:06'),(1939,902,'adipisicing elit. Maxime mollitia,Lorem ipsum dolor sit amet co',NULL,'2018-07-26 23:06:23'),(1940,910,'elit. Maxime mollitia,Lorem ipsum dolor sit amet consectetur adipisi',NULL,'2017-11-23 13:24:15'),(1941,931,'mollitia,Lorem ipsum dolor sit amet consectetur adipisicing elit. M',NULL,'2015-01-27 16:45:01'),(1942,903,'dolor sit amet consectetur adipisicing elit. Maxime mollitia,Lorem ips',NULL,'2015-11-14 15:57:12'),(1943,1602,'consectetur adipisicing elit. Maxime mollitia,Lorem ipsum dolor sit am',NULL,'2015-05-15 02:49:32'),(1944,1666,'sit amet consectetur adipisicing elit. Maxime mollitia,Lorem i',NULL,'2015-04-17 10:39:43'),(1945,904,'adipisicing elit. Maxime mollitia,Lorem ipsum dolor sit amet consectetur',NULL,'2016-06-26 11:34:17'),(1946,919,'elit. Maxime mollitia,Lorem ipsum dolor sit amet consecte',NULL,'2017-01-29 10:37:01'),(1947,902,'elit. Maxime mollitia,Lorem ipsum dolor sit amet consec',NULL,'2018-05-28 01:45:42'),(1948,909,'adipisicing elit. Maxime mollitia,Lorem ipsum dolor sit am',NULL,'2016-08-07 22:21:45'),(1949,903,'ipsum dolor sit amet consectetur adipisicing elit. Maxime mollitia,Lore',NULL,'2019-05-08 00:43:33'),(1950,908,'consectetur adipisicing elit. Maxime mollitia,Lorem ipsum dolor sit','https://images.unsplash.com/photo-1646629013904-86fd1fd1aa08?ixlib=rb-1.2.1&ixid=MnwxMjA3fDB8MHxlZGl0b3JpYWwtZmVlZHw3M3x8fGVufDB8fHx8&auto=format&fit=crop&w=300&q=60','2019-06-06 16:59:27'),(1951,1666,'elit. Maxime mollitia,Lorem ipsum dolor sit amet cons',NULL,'2015-04-22 22:02:54'),(1952,915,'elit. Maxime mollitia,Lorem ipsum dolor sit amet conse',NULL,'2016-05-30 22:08:31'),(1953,920,'litia,Lorem ipsum dolor sit amet consectetur adipisicing elit. Maxime mo',NULL,'2015-11-27 02:49:24'),(1954,1656,'dolor sit amet consectetur adipisicing elit. Maxime ',NULL,'2018-05-09 14:06:46'),(1955,924,',Lorem ipsum dolor sit amet consectetur adipisicing elit. Maxi',NULL,'2016-05-27 01:35:53'),(1956,1603,'Maxime mollitia,Lorem ipsum dolor sit amet consect',NULL,'2015-07-27 06:29:03'),(1957,925,'ipsum dolor sit amet consectetur adipisicing elit. Maxime mollitia,L',NULL,'2018-05-13 13:40:04'),(1958,922,'adipisicing elit. Maxime mollitia,Lorem ipsum dolor',NULL,'2016-04-27 21:56:14'),(1959,925,'dolor sit amet consectetur adipisicing elit. Maxime mollit',NULL,'2016-09-22 18:14:01'),(1960,901,'ipsum dolor sit amet consectetur adipisicing elit. Maxime mollitia,Lorem',NULL,'2016-10-15 16:13:11'),(1961,910,'dolor sit amet consectetur adipisicing elit. Maxime molliti',NULL,'2019-01-26 11:36:48'),(1962,1666,'adipisicing elit. Maxime mollitia,Lorem ipsum dolor sit amet',NULL,'2015-11-21 17:55:55'),(1963,1607,'Maxime mollitia,Lorem ipsum dolor sit amet consect','https://images.unsplash.com/photo-1646659107256-71bfb64bd3fe?ixlib=rb-1.2.1&ixid=MnwxMjA3fDB8MHxlZGl0b3JpYWwtZmVlZHwyOXx8fGVufDB8fHx8&auto=format&fit=crop&w=300&q=60','2016-09-02 03:32:32'),(1964,1614,'elit. Maxime mollitia,Lorem ipsum dolor sit amet consectetur adipisic',NULL,'2016-12-24 20:21:47'),(1965,927,'consectetur adipisicing elit. Maxime mollitia,Lorem ipsum dolor',NULL,'2016-10-06 05:42:22'),(1966,925,'sit amet consectetur adipisicing elit. Maxime mollitia',NULL,'2015-06-21 14:51:02'),(1967,905,'consectetur adipisicing elit. Maxime mollitia,Lorem ipsum dolor sit amet',NULL,'2017-05-03 17:16:15'),(1968,924,'Maxime mollitia,Lorem ipsum dolor sit amet consectetur adipisi',NULL,'2018-09-24 19:40:19'),(1969,912,'adipisicing elit. Maxime mollitia,Lorem ipsum dolor sit amet c',NULL,'2019-06-13 06:28:26'),(1970,911,',Lorem ipsum dolor sit amet consectetur adipisicing elit. Ma',NULL,'2018-08-17 11:48:10'),(1971,908,'mollitia,Lorem ipsum dolor sit amet consectetur adipisicing el',NULL,'2018-08-20 02:15:24'),(1972,1607,'sit amet consectetur adipisicing elit. Maxime mollit',NULL,'2019-05-28 01:55:40'),(1973,913,'elit. Maxime mollitia,Lorem ipsum dolor sit amet consectetur adipisici',NULL,'2016-09-03 19:25:48'),(1974,1601,'elit. Maxime mollitia,Lorem ipsum dolor sit amet c',NULL,'2015-03-11 18:35:55'),(1975,927,'llitia,Lorem ipsum dolor sit amet consectetur adipisicing elit. Maxime m',NULL,'2018-02-26 07:01:55'),(1976,901,'elit. Maxime mollitia,Lorem ipsum dolor sit amet consectetur adipisicing',NULL,'2018-03-31 10:28:24'),(1977,904,'a,Lorem ipsum dolor sit amet consectetur adipisicing elit. Maxi',NULL,'2017-11-15 21:16:23'),(1978,906,'sit amet consectetur adipisicing elit. Maxime moll',NULL,'2019-01-28 00:19:21'),(1979,914,'adipisicing elit. Maxime mollitia,Lorem ipsum dolor sit',NULL,'2016-01-10 12:05:25'),(1980,901,'elit. Maxime mollitia,Lorem ipsum dolor sit amet consec',NULL,'2018-06-29 02:05:01'),(1981,929,'mollitia,Lorem ipsum dolor sit amet consectetur adipisicing',NULL,'2016-07-06 01:03:29'),(1982,1661,'ollitia,Lorem ipsum dolor sit amet consectetur adipisicing',NULL,'2018-02-20 04:35:21'),(1983,931,'sit amet consectetur adipisicing elit. Maxime moll',NULL,'2019-01-31 00:12:48'),(1984,915,'mollitia,Lorem ipsum dolor sit amet consectetur adipisicing el',NULL,'2018-07-27 01:54:21'),(1985,1610,'amet consectetur adipisicing elit. Maxime mollitia,Lorem ipsum do',NULL,'2016-11-15 01:50:43'),(1986,907,'adipisicing elit. Maxime mollitia,Lorem ipsum dolor sit',NULL,'2018-10-21 11:14:37'),(1987,924,'elit. Maxime mollitia,Lorem ipsum dolor sit amet consectetu',NULL,'2019-10-16 08:26:25'),(1988,1661,'elit. Maxime mollitia,Lorem ipsum dolor sit amet consectetur adipisici','https://images.unsplash.com/photo-1646659107256-71bfb64bd3fe?ixlib=rb-1.2.1&ixid=MnwxMjA3fDB8MHxlZGl0b3JpYWwtZmVlZHwyOXx8fGVufDB8fHx8&auto=format&fit=crop&w=300&q=60','2019-03-15 04:17:10'),(1989,906,'Maxime mollitia,Lorem ipsum dolor sit amet consectetur adipisi',NULL,'2018-02-02 13:25:05'),(1990,900,'adipisicing elit. Maxime mollitia,Lorem ipsum dolor si',NULL,'2018-08-04 00:05:41'),(1991,905,'ollitia,Lorem ipsum dolor sit amet consectetur adipisicing e',NULL,'2015-11-12 05:02:19'),(1992,1615,'amet consectetur adipisicing elit. Maxime mollitia,Lorem ipsum dolor sit',NULL,'2018-12-05 05:26:51'),(1993,1610,'Maxime mollitia,Lorem ipsum dolor sit amet consectetur adipisicing',NULL,'2017-05-11 22:01:05'),(1994,925,'elit. Maxime mollitia,Lorem ipsum dolor sit amet consectetur a',NULL,'2019-09-15 19:23:44'),(1995,1615,'sit amet consectetur adipisicing elit. Maxime mollitia,Lorem',NULL,'2015-04-07 06:09:57'),(1996,1615,'mollitia,Lorem ipsum dolor sit amet consectetur adipisicin',NULL,'2016-02-13 16:12:19'),(1997,1603,'amet consectetur adipisicing elit. Maxime mollitia,Lorem ipsum d','https://images.unsplash.com/photo-1646629013904-86fd1fd1aa08?ixlib=rb-1.2.1&ixid=MnwxMjA3fDB8MHxlZGl0b3JpYWwtZmVlZHw3M3x8fGVufDB8fHx8&auto=format&fit=crop&w=300&q=60','2019-12-18 13:27:16'),(1998,902,'sit amet consectetur adipisicing elit. Maxime mollitia,Lorem ipsum do',NULL,'2017-09-06 03:02:51'),(1999,1615,'consectetur adipisicing elit. Maxime mollitia,Lorem ipsum dolor si',NULL,'2016-11-15 11:41:41'),(2000,908,'elit. Maxime mollitia,Lorem ipsum dolor sit amet consectetur adip',NULL,'2016-02-07 23:58:40'),(2001,919,'dolor sit amet consectetur adipisicing elit. Maxime mollitia,Lorem ip',NULL,'2019-07-12 18:47:25'),(2002,919,'consectetur adipisicing elit. Maxime mollitia,Lorem',NULL,'2016-05-17 13:30:49'),(2003,915,'mollitia,Lorem ipsum dolor sit amet consectetur adipisicing elit. Maxime',NULL,'2016-05-05 13:31:29'),(2004,1614,'dolor sit amet consectetur adipisicing elit. Maxime mollitia',NULL,'2016-02-18 23:49:58'),(2005,930,'mollitia,Lorem ipsum dolor sit amet consectetur adipisi',NULL,'2019-09-10 09:36:54'),(2006,930,'mollitia,Lorem ipsum dolor sit amet consectetur adipisicin',NULL,'2015-06-28 00:05:23'),(2007,909,'dolor sit amet consectetur adipisicing elit. Maxim',NULL,'2018-07-18 03:11:10'),(2008,922,'llitia,Lorem ipsum dolor sit amet consectetur adipisici',NULL,'2018-08-22 19:23:36');
/*!40000 ALTER TABLE `tweet` ENABLE KEYS */;
UNLOCK TABLES;

--
-- Table structure for table `tweet_like`
--

DROP TABLE IF EXISTS `tweet_like`;
/*!40101 SET @saved_cs_client     = @@character_set_client */;
/*!40101 SET character_set_client = utf8 */;
CREATE TABLE `tweet_like` (
  `id` int(10) unsigned NOT NULL AUTO_INCREMENT,
  `tweet_id` int(10) unsigned NOT NULL,
  `user_id` int(10) unsigned NOT NULL,
  `created_at` datetime NOT NULL DEFAULT current_timestamp(),
  PRIMARY KEY (`id`),
  UNIQUE KEY `tweet_like_un` (`tweet_id`,`user_id`),
  KEY `tweet_like_FK` (`user_id`),
  CONSTRAINT `tweet_like_FK` FOREIGN KEY (`user_id`) REFERENCES `user` (`id`) ON DELETE CASCADE ON UPDATE CASCADE,
  CONSTRAINT `tweet_like_FK_1` FOREIGN KEY (`tweet_id`) REFERENCES `tweet` (`id`) ON DELETE CASCADE ON UPDATE CASCADE
) ENGINE=InnoDB AUTO_INCREMENT=993 DEFAULT CHARSET=utf8mb3;
/*!40101 SET character_set_client = @saved_cs_client */;

--
-- Dumping data for table `tweet_like`
--

LOCK TABLES `tweet_like` WRITE;
/*!40000 ALTER TABLE `tweet_like` DISABLE KEYS */;
/*!40000 ALTER TABLE `tweet_like` ENABLE KEYS */;
UNLOCK TABLES;

--
-- Table structure for table `user`
--

DROP TABLE IF EXISTS `user`;
/*!40101 SET @saved_cs_client     = @@character_set_client */;
/*!40101 SET character_set_client = utf8 */;
CREATE TABLE `user` (
  `id` int(10) unsigned NOT NULL AUTO_INCREMENT,
  `username` varchar(65) NOT NULL,
  `bio` varchar(255) NOT NULL,
  `birthdate` date NOT NULL,
  `imageUrl` varchar(500) NOT NULL DEFAULT 'default image link',
  `bannerUrl` varchar(500) NOT NULL DEFAULT 'default banner url link',
  `created_at` datetime NOT NULL DEFAULT current_timestamp(),
  `email` varchar(100) NOT NULL,
  `password` varchar(150) NOT NULL DEFAULT '21e5d6a1efed429c523d1de1255f30091b2fb63d5c92a2a530ad28b0463db795d216aa3bb3895052ef01399d867208b993bccf65b0483021152fa37ec2062923',
  `salt` varchar(50) NOT NULL DEFAULT 'eDukaUz-asT5gw',
  PRIMARY KEY (`id`),
  UNIQUE KEY `u_email_un` (`email`),
  UNIQUE KEY `usrname_un` (`username`),
  CONSTRAINT `birthdate_check` CHECK (year(`created_at`) - year(`birthdate`) > 13)
) ENGINE=InnoDB AUTO_INCREMENT=1667 DEFAULT CHARSET=utf8mb3;
/*!40101 SET character_set_client = @saved_cs_client */;

--
-- Dumping data for table `user`
--

LOCK TABLES `user` WRITE;
/*!40000 ALTER TABLE `user` DISABLE KEYS */;
INSERT INTO `user` VALUES (900,'William','fox jumps over the lazy dogThe quic','2005-04-04','https://images.unsplash.com/photo-1534528741775-53994a69daeb?ixlib=rb-1.2.1&ixid=MnwxMjA3fDB8MHxzZWFyY2h8NHx8cGVvcGxlfGVufDB8fDB8fA%3D%3D&auto=format&fit=crop&w=300&q=60','https://images.unsplash.com/32/Mc8kW4x9Q3aRR3RkP5Im_IMG_4417.jpg?ixlib=rb-1.2.1&ixid=MnwxMjA3fDB8MHxzZWFyY2h8Mnx8YmFja2dyb3VuZCUyMGltYWdlfGVufDB8MHwwfHw%3D&auto=format&fit=crop&w=300&q=60','2020-09-01 07:14:31','absalom.o\'dell.27@mac.com','21e5d6a1efed429c523d1de1255f30091b2fb63d5c92a2a530ad28b0463db795d216aa3bb3895052ef01399d867208b993bccf65b0483021152fa37ec2062923','eDukaUz-asT5gw'),(901,'Daphne','brown fox jumps over the lazy dogThe','1981-01-16','https://images.unsplash.com/photo-1533227268428-f9ed0900fb3b?ixlib=rb-1.2.1&ixid=MnwxMjA3fDB8MHxzZWFyY2h8MjR8fHBlb3BsZXxlbnwwfHwwfHw%3D&auto=format&fit=crop&w=300&q=60','https://images.unsplash.com/photo-1512386233331-f023884a92e8?ixlib=rb-1.2.1&ixid=MnwxMjA3fDB8MHxzZWFyY2h8OXx8YmFja2dyb3VuZCUyMGltYWdlfGVufDB8MHwwfHw%3D&auto=format&fit=crop&w=300&q=60','2013-12-05 05:12:12','danielle.cox.50@live.co.uk','21e5d6a1efed429c523d1de1255f30091b2fb63d5c92a2a530ad28b0463db795d216aa3bb3895052ef01399d867208b993bccf65b0483021152fa37ec2062923','eDukaUz-asT5gw'),(902,'Rhoda','brown fox jumps over the lazy dogThe qui','2000-02-16','https://images.unsplash.com/photo-1494790108377-be9c29b29330?ixlib=rb-1.2.1&ixid=MnwxMjA3fDB8MHxzZWFyY2h8MXx8cGVvcGxlfGVufDB8fDB8fA%3D%3D&auto=format&fit=crop&w=300&q=60','https://images.unsplash.com/photo-1517707711963-adf9078bdf01?ixlib=rb-1.2.1&ixid=MnwxMjA3fDB8MHxzZWFyY2h8OHx8YmFja2dyb3VuZCUyMGltYWdlfGVufDB8MHwwfHw%3D&auto=format&fit=crop&w=300&q=60','2015-09-08 17:22:30','grant.graeme.75@blueyonder.co.uk','21e5d6a1efed429c523d1de1255f30091b2fb63d5c92a2a530ad28b0463db795d216aa3bb3895052ef01399d867208b993bccf65b0483021152fa37ec2062923','eDukaUz-asT5gw'),(903,'Reba','ju','1978-06-20','https://images.unsplash.com/photo-1507003211169-0a1dd7228f2d?ixlib=rb-1.2.1&ixid=MnwxMjA3fDB8MHxzZWFyY2h8N3x8cGVvcGxlfGVufDB8fDB8fA%3D%3D&auto=format&fit=crop&w=300&q=60','https://images.unsplash.com/photo-1573847792062-9292df56ebb4?ixlib=rb-1.2.1&ixid=MnwxMjA3fDB8MHxzZWFyY2h8MTR8fGJhY2tncm91bmQlMjBpbWFnZXxlbnwwfDB8MHx8&auto=format&fit=crop&w=300&q=60','2016-11-06 02:38:54','leanne.blyth.24@live.fr','21e5d6a1efed429c523d1de1255f30091b2fb63d5c92a2a530ad28b0463db795d216aa3bb3895052ef01399d867208b993bccf65b0483021152fa37ec2062923','eDukaUz-asT5gw'),(904,'John','fox jumps ove','1964-10-02','https://images.unsplash.com/photo-1539571696357-5a69c17a67c6?ixlib=rb-1.2.1&ixid=MnwxMjA3fDB8MHxzZWFyY2h8NXx8cGVvcGxlfGVufDB8fDB8fA%3D%3D&auto=format&fit=crop&w=300&q=60','https://images.unsplash.com/photo-1501236570302-906143a7c9f8?ixlib=rb-1.2.1&ixid=MnwxMjA3fDB8MHxzZWFyY2h8NXx8YmFja2dyb3VuZCUyMGltYWdlfGVufDB8MHwwfHw%3D&auto=format&fit=crop&w=300&q=60','2018-10-31 09:54:15','jenna.hood.38@live.it','21e5d6a1efed429c523d1de1255f30091b2fb63d5c92a2a530ad28b0463db795d216aa3bb3895052ef01399d867208b993bccf65b0483021152fa37ec2062923','eDukaUz-asT5gw'),(905,'Jemima','lazy dogThe quick brown fox jumps ov','2004-06-04','https://images.unsplash.com/photo-1494790108377-be9c29b29330?ixlib=rb-1.2.1&ixid=MnwxMjA3fDB8MHxzZWFyY2h8MXx8cGVvcGxlfGVufDB8fDB8fA%3D%3D&auto=format&fit=crop&w=300&q=60','https://images.unsplash.com/photo-1573847792062-9292df56ebb4?ixlib=rb-1.2.1&ixid=MnwxMjA3fDB8MHxzZWFyY2h8MTR8fGJhY2tncm91bmQlMjBpbWFnZXxlbnwwfDB8MHx8&auto=format&fit=crop&w=300&q=60','2019-05-03 16:07:11','bronwen.pettit.35@yahoo.com.au','21e5d6a1efed429c523d1de1255f30091b2fb63d5c92a2a530ad28b0463db795d216aa3bb3895052ef01399d867208b993bccf65b0483021152fa37ec2062923','eDukaUz-asT5gw'),(906,'Alvin','the lazy dogThe q','2001-04-18','https://images.unsplash.com/photo-1529626455594-4ff0802cfb7e?ixlib=rb-1.2.1&ixid=MnwxMjA3fDB8MHxzZWFyY2h8MTl8fHBlb3BsZXxlbnwwfHwwfHw%3D&auto=format&fit=crop&w=300&q=60','https://images.unsplash.com/32/Mc8kW4x9Q3aRR3RkP5Im_IMG_4417.jpg?ixlib=rb-1.2.1&ixid=MnwxMjA3fDB8MHxzZWFyY2h8Mnx8YmFja2dyb3VuZCUyMGltYWdlfGVufDB8MHwwfHw%3D&auto=format&fit=crop&w=300&q=60','2021-12-17 15:21:29','maria.wolfwood.58@bluewin.ch','21e5d6a1efed429c523d1de1255f30091b2fb63d5c92a2a530ad28b0463db795d216aa3bb3895052ef01399d867208b993bccf65b0483021152fa37ec2062923','eDukaUz-asT5gw'),(907,'Cuthbert','fox jumps over the lazy dogThe quick','1994-02-02','https://images.unsplash.com/photo-1517841905240-472988babdf9?ixlib=rb-1.2.1&ixid=MnwxMjA3fDB8MHxzZWFyY2h8MTF8fHBlb3BsZXxlbnwwfHwwfHw%3D&auto=format&fit=crop&w=300&q=60','https://images.unsplash.com/photo-1460602692976-8eab38c11f9d?ixlib=rb-1.2.1&ixid=MnwxMjA3fDB8MHxzZWFyY2h8MTV8fGJhY2tncm91bmQlMjBpbWFnZXxlbnwwfDB8MHx8&auto=format&fit=crop&w=300&q=60','2015-09-21 04:28:29','lucinda.maccawley.87@juno.com','21e5d6a1efed429c523d1de1255f30091b2fb63d5c92a2a530ad28b0463db795d216aa3bb3895052ef01399d867208b993bccf65b0483021152fa37ec2062923','eDukaUz-asT5gw'),(908,'Patsy','fox jumps over the lazy dogThe quick b','1977-12-28','https://images.unsplash.com/photo-1534528741775-53994a69daeb?ixlib=rb-1.2.1&ixid=MnwxMjA3fDB8MHxzZWFyY2h8NHx8cGVvcGxlfGVufDB8fDB8fA%3D%3D&auto=format&fit=crop&w=300&q=60','https://images.unsplash.com/photo-1611921672865-b6d9da86a426?ixlib=rb-1.2.1&ixid=MnwxMjA3fDB8MHxzZWFyY2h8N3x8YmFja2dyb3VuZCUyMGltYWdlfGVufDB8MHwwfHw%3D&auto=format&fit=crop&w=300&q=60','2017-04-09 09:56:09','julianne.longfield.26@gmail.com','21e5d6a1efed429c523d1de1255f30091b2fb63d5c92a2a530ad28b0463db795d216aa3bb3895052ef01399d867208b993bccf65b0483021152fa37ec2062923','eDukaUz-asT5gw'),(909,'Lysette','jumps over th','1996-12-29','https://images.unsplash.com/photo-1507003211169-0a1dd7228f2d?ixlib=rb-1.2.1&ixid=MnwxMjA3fDB8MHxzZWFyY2h8N3x8cGVvcGxlfGVufDB8fDB8fA%3D%3D&auto=format&fit=crop&w=300&q=60','https://images.unsplash.com/photo-1512386233331-f023884a92e8?ixlib=rb-1.2.1&ixid=MnwxMjA3fDB8MHxzZWFyY2h8OXx8YmFja2dyb3VuZCUyMGltYWdlfGVufDB8MHwwfHw%3D&auto=format&fit=crop&w=300&q=60','2012-01-07 22:21:35','whitney.howell.28@rocketmail.com','21e5d6a1efed429c523d1de1255f30091b2fb63d5c92a2a530ad28b0463db795d216aa3bb3895052ef01399d867208b993bccf65b0483021152fa37ec2062923','eDukaUz-asT5gw'),(910,'Grace','over the ','1974-07-28','https://images.unsplash.com/photo-1494790108377-be9c29b29330?ixlib=rb-1.2.1&ixid=MnwxMjA3fDB8MHxzZWFyY2h8MXx8cGVvcGxlfGVufDB8fDB8fA%3D%3D&auto=format&fit=crop&w=300&q=60','https://images.unsplash.com/photo-1517707711963-adf9078bdf01?ixlib=rb-1.2.1&ixid=MnwxMjA3fDB8MHxzZWFyY2h8OHx8YmFja2dyb3VuZCUyMGltYWdlfGVufDB8MHwwfHw%3D&auto=format&fit=crop&w=300&q=60','2013-02-26 18:03:03','ed.upshaw.65@optusnet.com.au','21e5d6a1efed429c523d1de1255f30091b2fb63d5c92a2a530ad28b0463db795d216aa3bb3895052ef01399d867208b993bccf65b0483021152fa37ec2062923','eDukaUz-asT5gw'),(911,'Colette','quick brow','1963-03-27','https://images.unsplash.com/photo-1533227268428-f9ed0900fb3b?ixlib=rb-1.2.1&ixid=MnwxMjA3fDB8MHxzZWFyY2h8MjR8fHBlb3BsZXxlbnwwfHwwfHw%3D&auto=format&fit=crop&w=300&q=60','https://images.unsplash.com/photo-1439694458393-78ecf14da7f9?ixlib=rb-1.2.1&ixid=MnwxMjA3fDB8MHxzZWFyY2h8MTZ8fGJhY2tncm91bmQlMjBpbWFnZXxlbnwwfDB8MHx8&auto=format&fit=crop&w=300&q=60','2013-12-01 00:29:37','estelle.lard.82@yahoo.co.uk','21e5d6a1efed429c523d1de1255f30091b2fb63d5c92a2a530ad28b0463db795d216aa3bb3895052ef01399d867208b993bccf65b0483021152fa37ec2062923','eDukaUz-asT5gw'),(912,'Peleg','br','1981-06-10','https://images.unsplash.com/photo-1539571696357-5a69c17a67c6?ixlib=rb-1.2.1&ixid=MnwxMjA3fDB8MHxzZWFyY2h8NXx8cGVvcGxlfGVufDB8fDB8fA%3D%3D&auto=format&fit=crop&w=300&q=60','https://images.unsplash.com/photo-1611921672865-b6d9da86a426?ixlib=rb-1.2.1&ixid=MnwxMjA3fDB8MHxzZWFyY2h8N3x8YmFja2dyb3VuZCUyMGltYWdlfGVufDB8MHwwfHw%3D&auto=format&fit=crop&w=300&q=60','2019-12-31 07:46:16','daisy.shovelton.30@earthlink.net','21e5d6a1efed429c523d1de1255f30091b2fb63d5c92a2a530ad28b0463db795d216aa3bb3895052ef01399d867208b993bccf65b0483021152fa37ec2062923','eDukaUz-asT5gw'),(913,'Hank','over the lazy dogThe quick brown','1980-01-09','https://images.unsplash.com/photo-1517841905240-472988babdf9?ixlib=rb-1.2.1&ixid=MnwxMjA3fDB8MHxzZWFyY2h8MTF8fHBlb3BsZXxlbnwwfHwwfHw%3D&auto=format&fit=crop&w=300&q=60','https://images.unsplash.com/32/Mc8kW4x9Q3aRR3RkP5Im_IMG_4417.jpg?ixlib=rb-1.2.1&ixid=MnwxMjA3fDB8MHxzZWFyY2h8Mnx8YmFja2dyb3VuZCUyMGltYWdlfGVufDB8MHwwfHw%3D&auto=format&fit=crop&w=300&q=60','2015-06-10 00:36:55','myron.berkeley.97@yahoo.co.id','21e5d6a1efed429c523d1de1255f30091b2fb63d5c92a2a530ad28b0463db795d216aa3bb3895052ef01399d867208b993bccf65b0483021152fa37ec2062923','eDukaUz-asT5gw'),(914,'Charmaine','ogThe qu','1988-08-24','https://images.unsplash.com/photo-1494790108377-be9c29b29330?ixlib=rb-1.2.1&ixid=MnwxMjA3fDB8MHxzZWFyY2h8MXx8cGVvcGxlfGVufDB8fDB8fA%3D%3D&auto=format&fit=crop&w=300&q=60','https://images.unsplash.com/photo-1573847792062-9292df56ebb4?ixlib=rb-1.2.1&ixid=MnwxMjA3fDB8MHxzZWFyY2h8MTR8fGJhY2tncm91bmQlMjBpbWFnZXxlbnwwfDB8MHx8&auto=format&fit=crop&w=300&q=60','2021-11-23 02:27:51','thelma.houseman.82@frontiernet.net','21e5d6a1efed429c523d1de1255f30091b2fb63d5c92a2a530ad28b0463db795d216aa3bb3895052ef01399d867208b993bccf65b0483021152fa37ec2062923','eDukaUz-asT5gw'),(915,'Nowell','lazy dogThe quick brown f','1965-01-20','https://images.unsplash.com/photo-1507003211169-0a1dd7228f2d?ixlib=rb-1.2.1&ixid=MnwxMjA3fDB8MHxzZWFyY2h8N3x8cGVvcGxlfGVufDB8fDB8fA%3D%3D&auto=format&fit=crop&w=300&q=60','https://images.unsplash.com/photo-1531265726475-52ad60219627?ixlib=rb-1.2.1&ixid=MnwxMjA3fDB8MHxzZWFyY2h8MTd8fGJhY2tncm91bmQlMjBpbWFnZXxlbnwwfDB8MHx8&auto=format&fit=crop&w=300&q=60','2021-06-06 21:46:51','shahaf.cooke.74@earthlink.net','21e5d6a1efed429c523d1de1255f30091b2fb63d5c92a2a530ad28b0463db795d216aa3bb3895052ef01399d867208b993bccf65b0483021152fa37ec2062923','eDukaUz-asT5gw'),(916,'Marsha','brown fox jumps over the lazy d','1990-09-19','https://images.unsplash.com/photo-1539571696357-5a69c17a67c6?ixlib=rb-1.2.1&ixid=MnwxMjA3fDB8MHxzZWFyY2h8NXx8cGVvcGxlfGVufDB8fDB8fA%3D%3D&auto=format&fit=crop&w=300&q=60','https://images.unsplash.com/photo-1501236570302-906143a7c9f8?ixlib=rb-1.2.1&ixid=MnwxMjA3fDB8MHxzZWFyY2h8NXx8YmFja2dyb3VuZCUyMGltYWdlfGVufDB8MHwwfHw%3D&auto=format&fit=crop&w=300&q=60','2021-07-20 07:21:27','lfweard.batton.09@verizon.net','21e5d6a1efed429c523d1de1255f30091b2fb63d5c92a2a530ad28b0463db795d216aa3bb3895052ef01399d867208b993bccf65b0483021152fa37ec2062923','eDukaUz-asT5gw'),(917,'Alisha','ogThe quick','2003-07-07','https://images.unsplash.com/photo-1529626455594-4ff0802cfb7e?ixlib=rb-1.2.1&ixid=MnwxMjA3fDB8MHxzZWFyY2h8MTl8fHBlb3BsZXxlbnwwfHwwfHw%3D&auto=format&fit=crop&w=300&q=60','https://images.unsplash.com/photo-1512386233331-f023884a92e8?ixlib=rb-1.2.1&ixid=MnwxMjA3fDB8MHxzZWFyY2h8OXx8YmFja2dyb3VuZCUyMGltYWdlfGVufDB8MHwwfHw%3D&auto=format&fit=crop&w=300&q=60','2021-05-27 02:25:34','mildred.ashley-cooper.13@yahoo.co.id','21e5d6a1efed429c523d1de1255f30091b2fb63d5c92a2a530ad28b0463db795d216aa3bb3895052ef01399d867208b993bccf65b0483021152fa37ec2062923','eDukaUz-asT5gw'),(918,'Holly','dogThe quick brown fox jumps over t','1962-12-05','https://images.unsplash.com/photo-1494790108377-be9c29b29330?ixlib=rb-1.2.1&ixid=MnwxMjA3fDB8MHxzZWFyY2h8MXx8cGVvcGxlfGVufDB8fDB8fA%3D%3D&auto=format&fit=crop&w=300&q=60','https://images.unsplash.com/photo-1517707711963-adf9078bdf01?ixlib=rb-1.2.1&ixid=MnwxMjA3fDB8MHxzZWFyY2h8OHx8YmFja2dyb3VuZCUyMGltYWdlfGVufDB8MHwwfHw%3D&auto=format&fit=crop&w=300&q=60','2012-05-05 00:14:35','edwina.adin.65@uol.com.br','21e5d6a1efed429c523d1de1255f30091b2fb63d5c92a2a530ad28b0463db795d216aa3bb3895052ef01399d867208b993bccf65b0483021152fa37ec2062923','eDukaUz-asT5gw'),(919,'Randall','quick brown fox jumps o','1973-04-26','https://images.unsplash.com/photo-1517841905240-472988babdf9?ixlib=rb-1.2.1&ixid=MnwxMjA3fDB8MHxzZWFyY2h8MTF8fHBlb3BsZXxlbnwwfHwwfHw%3D&auto=format&fit=crop&w=300&q=60','https://images.unsplash.com/photo-1611921672865-b6d9da86a426?ixlib=rb-1.2.1&ixid=MnwxMjA3fDB8MHxzZWFyY2h8N3x8YmFja2dyb3VuZCUyMGltYWdlfGVufDB8MHwwfHw%3D&auto=format&fit=crop&w=300&q=60','2016-12-23 13:57:50','helena.chapman.71@tin.it','21e5d6a1efed429c523d1de1255f30091b2fb63d5c92a2a530ad28b0463db795d216aa3bb3895052ef01399d867208b993bccf65b0483021152fa37ec2062923','eDukaUz-asT5gw'),(920,'June','over the lazy dogThe quick brow','1977-10-06','https://images.unsplash.com/photo-1539571696357-5a69c17a67c6?ixlib=rb-1.2.1&ixid=MnwxMjA3fDB8MHxzZWFyY2h8NXx8cGVvcGxlfGVufDB8fDB8fA%3D%3D&auto=format&fit=crop&w=300&q=60','https://images.unsplash.com/photo-1573847792062-9292df56ebb4?ixlib=rb-1.2.1&ixid=MnwxMjA3fDB8MHxzZWFyY2h8MTR8fGJhY2tncm91bmQlMjBpbWFnZXxlbnwwfDB8MHx8&auto=format&fit=crop&w=300&q=60','2018-07-13 06:38:42','kenneth.braff.33@laposte.net','21e5d6a1efed429c523d1de1255f30091b2fb63d5c92a2a530ad28b0463db795d216aa3bb3895052ef01399d867208b993bccf65b0483021152fa37ec2062923','eDukaUz-asT5gw'),(921,'Deborah','dogThe quick br','1964-01-24','https://images.unsplash.com/photo-1507003211169-0a1dd7228f2d?ixlib=rb-1.2.1&ixid=MnwxMjA3fDB8MHxzZWFyY2h8N3x8cGVvcGxlfGVufDB8fDB8fA%3D%3D&auto=format&fit=crop&w=300&q=60','https://images.unsplash.com/32/Mc8kW4x9Q3aRR3RkP5Im_IMG_4417.jpg?ixlib=rb-1.2.1&ixid=MnwxMjA3fDB8MHxzZWFyY2h8Mnx8YmFja2dyb3VuZCUyMGltYWdlfGVufDB8MHwwfHw%3D&auto=format&fit=crop&w=300&q=60','2014-12-13 19:44:58','whitney.tiffen.51@blueyonder.co.uk','21e5d6a1efed429c523d1de1255f30091b2fb63d5c92a2a530ad28b0463db795d216aa3bb3895052ef01399d867208b993bccf65b0483021152fa37ec2062923','eDukaUz-asT5gw'),(922,'Gertrude','jumps o','2003-05-22','https://images.unsplash.com/photo-1534528741775-53994a69daeb?ixlib=rb-1.2.1&ixid=MnwxMjA3fDB8MHxzZWFyY2h8NHx8cGVvcGxlfGVufDB8fDB8fA%3D%3D&auto=format&fit=crop&w=300&q=60','https://images.unsplash.com/photo-1460602692976-8eab38c11f9d?ixlib=rb-1.2.1&ixid=MnwxMjA3fDB8MHxzZWFyY2h8MTV8fGJhY2tncm91bmQlMjBpbWFnZXxlbnwwfDB8MHx8&auto=format&fit=crop&w=300&q=60','2021-06-21 23:31:23','davina.pemberton.30@hotmail.fr','21e5d6a1efed429c523d1de1255f30091b2fb63d5c92a2a530ad28b0463db795d216aa3bb3895052ef01399d867208b993bccf65b0483021152fa37ec2062923','eDukaUz-asT5gw'),(923,'Laurence','brown fox jumps over th','1999-01-27','https://images.unsplash.com/photo-1539571696357-5a69c17a67c6?ixlib=rb-1.2.1&ixid=MnwxMjA3fDB8MHxzZWFyY2h8NXx8cGVvcGxlfGVufDB8fDB8fA%3D%3D&auto=format&fit=crop&w=300&q=60','https://images.unsplash.com/photo-1439694458393-78ecf14da7f9?ixlib=rb-1.2.1&ixid=MnwxMjA3fDB8MHxzZWFyY2h8MTZ8fGJhY2tncm91bmQlMjBpbWFnZXxlbnwwfDB8MHx8&auto=format&fit=crop&w=300&q=60','2021-05-09 01:42:38','eve.pickavance.15@frontiernet.net','21e5d6a1efed429c523d1de1255f30091b2fb63d5c92a2a530ad28b0463db795d216aa3bb3895052ef01399d867208b993bccf65b0483021152fa37ec2062923','eDukaUz-asT5gw'),(924,'Emma','the ','1989-01-22','https://images.unsplash.com/photo-1533227268428-f9ed0900fb3b?ixlib=rb-1.2.1&ixid=MnwxMjA3fDB8MHxzZWFyY2h8MjR8fHBlb3BsZXxlbnwwfHwwfHw%3D&auto=format&fit=crop&w=300&q=60','https://images.unsplash.com/photo-1517707711963-adf9078bdf01?ixlib=rb-1.2.1&ixid=MnwxMjA3fDB8MHxzZWFyY2h8OHx8YmFja2dyb3VuZCUyMGltYWdlfGVufDB8MHwwfHw%3D&auto=format&fit=crop&w=300&q=60','2017-02-22 03:06:36','eve.coldwell.09@yahoo.co.jp','21e5d6a1efed429c523d1de1255f30091b2fb63d5c92a2a530ad28b0463db795d216aa3bb3895052ef01399d867208b993bccf65b0483021152fa37ec2062923','eDukaUz-asT5gw'),(925,'Rufus','dogThe quick brown fox jump','1971-10-09','https://images.unsplash.com/photo-1494790108377-be9c29b29330?ixlib=rb-1.2.1&ixid=MnwxMjA3fDB8MHxzZWFyY2h8MXx8cGVvcGxlfGVufDB8fDB8fA%3D%3D&auto=format&fit=crop&w=300&q=60','https://images.unsplash.com/photo-1531265726475-52ad60219627?ixlib=rb-1.2.1&ixid=MnwxMjA3fDB8MHxzZWFyY2h8MTd8fGJhY2tncm91bmQlMjBpbWFnZXxlbnwwfDB8MHx8&auto=format&fit=crop&w=300&q=60','2012-04-07 15:23:57','kristin.arnold.90@optonline.net','21e5d6a1efed429c523d1de1255f30091b2fb63d5c92a2a530ad28b0463db795d216aa3bb3895052ef01399d867208b993bccf65b0483021152fa37ec2062923','eDukaUz-asT5gw'),(926,'Winifred','jumps o','1961-08-22','https://images.unsplash.com/photo-1529626455594-4ff0802cfb7e?ixlib=rb-1.2.1&ixid=MnwxMjA3fDB8MHxzZWFyY2h8MTl8fHBlb3BsZXxlbnwwfHwwfHw%3D&auto=format&fit=crop&w=300&q=60','https://images.unsplash.com/photo-1611921672865-b6d9da86a426?ixlib=rb-1.2.1&ixid=MnwxMjA3fDB8MHxzZWFyY2h8N3x8YmFja2dyb3VuZCUyMGltYWdlfGVufDB8MHwwfHw%3D&auto=format&fit=crop&w=300&q=60','2018-03-28 12:26:19','ada.brimson.54@uol.com.br','21e5d6a1efed429c523d1de1255f30091b2fb63d5c92a2a530ad28b0463db795d216aa3bb3895052ef01399d867208b993bccf65b0483021152fa37ec2062923','eDukaUz-asT5gw'),(927,'Mandy','over the lazy dogTh','2003-09-17','https://images.unsplash.com/photo-1517841905240-472988babdf9?ixlib=rb-1.2.1&ixid=MnwxMjA3fDB8MHxzZWFyY2h8MTF8fHBlb3BsZXxlbnwwfHwwfHw%3D&auto=format&fit=crop&w=300&q=60','https://images.unsplash.com/photo-1512386233331-f023884a92e8?ixlib=rb-1.2.1&ixid=MnwxMjA3fDB8MHxzZWFyY2h8OXx8YmFja2dyb3VuZCUyMGltYWdlfGVufDB8MHwwfHw%3D&auto=format&fit=crop&w=300&q=60','2021-02-13 04:13:52','harriet.dobbs.77@yahoo.com','21e5d6a1efed429c523d1de1255f30091b2fb63d5c92a2a530ad28b0463db795d216aa3bb3895052ef01399d867208b993bccf65b0483021152fa37ec2062923','eDukaUz-asT5gw'),(928,'Liana','fox jumps over the lazy','1997-08-25','https://images.unsplash.com/photo-1534528741775-53994a69daeb?ixlib=rb-1.2.1&ixid=MnwxMjA3fDB8MHxzZWFyY2h8NHx8cGVvcGxlfGVufDB8fDB8fA%3D%3D&auto=format&fit=crop&w=300&q=60','https://images.unsplash.com/photo-1501236570302-906143a7c9f8?ixlib=rb-1.2.1&ixid=MnwxMjA3fDB8MHxzZWFyY2h8NXx8YmFja2dyb3VuZCUyMGltYWdlfGVufDB8MHwwfHw%3D&auto=format&fit=crop&w=300&q=60','2014-06-30 12:12:41','jacqueline.knott.21@wanadoo.fr','21e5d6a1efed429c523d1de1255f30091b2fb63d5c92a2a530ad28b0463db795d216aa3bb3895052ef01399d867208b993bccf65b0483021152fa37ec2062923','eDukaUz-asT5gw'),(929,'Drew','jumps over the lazy dogTh','1972-05-28','https://images.unsplash.com/photo-1507003211169-0a1dd7228f2d?ixlib=rb-1.2.1&ixid=MnwxMjA3fDB8MHxzZWFyY2h8N3x8cGVvcGxlfGVufDB8fDB8fA%3D%3D&auto=format&fit=crop&w=300&q=60','https://images.unsplash.com/photo-1573847792062-9292df56ebb4?ixlib=rb-1.2.1&ixid=MnwxMjA3fDB8MHxzZWFyY2h8MTR8fGJhY2tncm91bmQlMjBpbWFnZXxlbnwwfDB8MHx8&auto=format&fit=crop&w=300&q=60','2020-02-13 19:34:19','kaylee.colvin.71@windstream.net','21e5d6a1efed429c523d1de1255f30091b2fb63d5c92a2a530ad28b0463db795d216aa3bb3895052ef01399d867208b993bccf65b0483021152fa37ec2062923','eDukaUz-asT5gw'),(930,'George','fox jumps over the lazy dogThe quick brown','1997-08-11','https://images.unsplash.com/photo-1533227268428-f9ed0900fb3b?ixlib=rb-1.2.1&ixid=MnwxMjA3fDB8MHxzZWFyY2h8MjR8fHBlb3BsZXxlbnwwfHwwfHw%3D&auto=format&fit=crop&w=300&q=60','https://images.unsplash.com/photo-1439694458393-78ecf14da7f9?ixlib=rb-1.2.1&ixid=MnwxMjA3fDB8MHxzZWFyY2h8MTZ8fGJhY2tncm91bmQlMjBpbWFnZXxlbnwwfDB8MHx8&auto=format&fit=crop&w=300&q=60','2018-08-23 05:06:08','myra.coppersmith.21@yahoo.com.ar','21e5d6a1efed429c523d1de1255f30091b2fb63d5c92a2a530ad28b0463db795d216aa3bb3895052ef01399d867208b993bccf65b0483021152fa37ec2062923','eDukaUz-asT5gw'),(931,'Lilla','quick brown fox jumps ','1990-09-12','https://images.unsplash.com/photo-1494790108377-be9c29b29330?ixlib=rb-1.2.1&ixid=MnwxMjA3fDB8MHxzZWFyY2h8MXx8cGVvcGxlfGVufDB8fDB8fA%3D%3D&auto=format&fit=crop&w=300&q=60','https://images.unsplash.com/photo-1611921672865-b6d9da86a426?ixlib=rb-1.2.1&ixid=MnwxMjA3fDB8MHxzZWFyY2h8N3x8YmFja2dyb3VuZCUyMGltYWdlfGVufDB8MHwwfHw%3D&auto=format&fit=crop&w=300&q=60','2017-05-17 16:04:22','archibald.workman.67@yahoo.co.id','21e5d6a1efed429c523d1de1255f30091b2fb63d5c92a2a530ad28b0463db795d216aa3bb3895052ef01399d867208b993bccf65b0483021152fa37ec2062923','eDukaUz-asT5gw'),(932,'Gerard','dogThe quick brown fox jumps over','1978-08-03','https://images.unsplash.com/photo-1507003211169-0a1dd7228f2d?ixlib=rb-1.2.1&ixid=MnwxMjA3fDB8MHxzZWFyY2h8N3x8cGVvcGxlfGVufDB8fDB8fA%3D%3D&auto=format&fit=crop&w=300&q=60','https://images.unsplash.com/photo-1611921672865-b6d9da86a426?ixlib=rb-1.2.1&ixid=MnwxMjA3fDB8MHxzZWFyY2h8N3x8YmFja2dyb3VuZCUyMGltYWdlfGVufDB8MHwwfHw%3D&auto=format&fit=crop&w=300&q=60','2019-05-14 00:32:42','lucinda.hitchens.63@hotmail.co.uk','21e5d6a1efed429c523d1de1255f30091b2fb63d5c92a2a530ad28b0463db795d216aa3bb3895052ef01399d867208b993bccf65b0483021152fa37ec2062923','eDukaUz-asT5gw'),(1601,'testUser','dkjfa;gheo;hagjdl;agjdhoanekjh;iohabkh','1970-01-01','https://images.unsplash.com/photo-1539571696357-5a69c17a67c6?ixlib=rb-1.2.1&ixid=MnwxMjA3fDB8MHxzZWFyY2h8NXx8cGVvcGxlfGVufDB8fDB8fA%3D%3D&auto=format&fit=crop&w=300&q=60','https://images.unsplash.com/photo-1531265726475-52ad60219627?ixlib=rb-1.2.1&ixid=MnwxMjA3fDB8MHxzZWFyY2h8MTd8fGJhY2tncm91bmQlMjBpbWFnZXxlbnwwfDB8MHx8&auto=format&fit=crop&w=300&q=60','2022-02-21 13:10:38','random@email.com','21e5d6a1efed429c523d1de1255f30091b2fb63d5c92a2a530ad28b0463db795d216aa3bb3895052ef01399d867208b993bccf65b0483021152fa37ec2062923','eDukaUz-asT5gw'),(1602,'badUsername','bio insert here','2008-04-04','https://images.unsplash.com/photo-1517841905240-472988babdf9?ixlib=rb-1.2.1&ixid=MnwxMjA3fDB8MHxzZWFyY2h8MTF8fHBlb3BsZXxlbnwwfHwwfHw%3D&auto=format&fit=crop&w=300&q=60','https://images.unsplash.com/32/Mc8kW4x9Q3aRR3RkP5Im_IMG_4417.jpg?ixlib=rb-1.2.1&ixid=MnwxMjA3fDB8MHxzZWFyY2h8Mnx8YmFja2dyb3VuZCUyMGltYWdlfGVufDB8MHwwfHw%3D&auto=format&fit=crop&w=300&q=60','2022-02-21 15:52:40','random3@email.com','21e5d6a1efed429c523d1de1255f30091b2fb63d5c92a2a530ad28b0463db795d216aa3bb3895052ef01399d867208b993bccf65b0483021152fa37ec2062923','eDukaUz-asT5gw'),(1603,'baddUsername','bio insert here','2008-04-04','https://images.unsplash.com/photo-1534528741775-53994a69daeb?ixlib=rb-1.2.1&ixid=MnwxMjA3fDB8MHxzZWFyY2h8NHx8cGVvcGxlfGVufDB8fDB8fA%3D%3D&auto=format&fit=crop&w=300&q=60','https://images.unsplash.com/photo-1573847792062-9292df56ebb4?ixlib=rb-1.2.1&ixid=MnwxMjA3fDB8MHxzZWFyY2h8MTR8fGJhY2tncm91bmQlMjBpbWFnZXxlbnwwfDB8MHx8&auto=format&fit=crop&w=300&q=60','2022-02-21 15:55:02','rando3m3@email.com','21e5d6a1efed429c523d1de1255f30091b2fb63d5c92a2a530ad28b0463db795d216aa3bb3895052ef01399d867208b993bccf65b0483021152fa37ec2062923','eDukaUz-asT5gw'),(1605,'baddUsername0','bio insert here','2008-04-04','https://images.unsplash.com/photo-1529626455594-4ff0802cfb7e?ixlib=rb-1.2.1&ixid=MnwxMjA3fDB8MHxzZWFyY2h8MTl8fHBlb3BsZXxlbnwwfHwwfHw%3D&auto=format&fit=crop&w=300&q=60','https://images.unsplash.com/photo-1460602692976-8eab38c11f9d?ixlib=rb-1.2.1&ixid=MnwxMjA3fDB8MHxzZWFyY2h8MTV8fGJhY2tncm91bmQlMjBpbWFnZXxlbnwwfDB8MHx8&auto=format&fit=crop&w=300&q=60','2022-02-21 15:57:16','ranrdo3m3@email.com','21e5d6a1efed429c523d1de1255f30091b2fb63d5c92a2a530ad28b0463db795d216aa3bb3895052ef01399d867208b993bccf65b0483021152fa37ec2062923','eDukaUz-asT5gw'),(1607,'baddUsername2','bio insert here','2008-04-04','https://images.unsplash.com/photo-1494790108377-be9c29b29330?ixlib=rb-1.2.1&ixid=MnwxMjA3fDB8MHxzZWFyY2h8MXx8cGVvcGxlfGVufDB8fDB8fA%3D%3D&auto=format&fit=crop&w=300&q=60','https://images.unsplash.com/photo-1517707711963-adf9078bdf01?ixlib=rb-1.2.1&ixid=MnwxMjA3fDB8MHxzZWFyY2h8OHx8YmFja2dyb3VuZCUyMGltYWdlfGVufDB8MHwwfHw%3D&auto=format&fit=crop&w=300&q=60','2022-02-21 16:00:49','ranrdo3m3@femgail.com','21e5d6a1efed429c523d1de1255f30091b2fb63d5c92a2a530ad28b0463db795d216aa3bb3895052ef01399d867208b993bccf65b0483021152fa37ec2062923','eDukaUz-asT5gw'),(1610,'baddUsername3','bio insert here','2008-04-04','https://images.unsplash.com/photo-1507003211169-0a1dd7228f2d?ixlib=rb-1.2.1&ixid=MnwxMjA3fDB8MHxzZWFyY2h8N3x8cGVvcGxlfGVufDB8fDB8fA%3D%3D&auto=format&fit=crop&w=300&q=60','https://images.unsplash.com/photo-1512386233331-f023884a92e8?ixlib=rb-1.2.1&ixid=MnwxMjA3fDB8MHxzZWFyY2h8OXx8YmFja2dyb3VuZCUyMGltYWdlfGVufDB8MHwwfHw%3D&auto=format&fit=crop&w=300&q=60','2022-02-21 16:07:51','ranro3m3@femgail.com','21e5d6a1efed429c523d1de1255f30091b2fb63d5c92a2a530ad28b0463db795d216aa3bb3895052ef01399d867208b993bccf65b0483021152fa37ec2062923','eDukaUz-asT5gw'),(1613,'testUsername','this is a long bio!','2004-04-04','https://images.unsplash.com/photo-1644094877479-facb0d5fc7da?ixlib=rb-1.2.1&ixid=MnwxMjA3fDB8MHxwaG90by1wYWdlfHx8fGVufDB8fHx8&auto=format&fit=crop&w=687&q=80','https://images.unsplash.com/photo-1439694458393-78ecf14da7f9?ixlib=rb-1.2.1&ixid=MnwxMjA3fDB8MHxzZWFyY2h8MTZ8fGJhY2tncm91bmQlMjBpbWFnZXxlbnwwfDB8MHx8&auto=format&fit=crop&w=300&q=60','2022-02-21 16:44:22','random2@esfmail.com','5386fc05bfde57de7629f7c47b07bdbc0f4aa40c581f8269d053e403394f329e1a991dd06a5905bfeb85bddf12b1dc1a3e6a0ba9691b565878ec2ed02c1aee05','aG57UnJ030oHpw'),(1614,'testUsername2','this is a long bio!','2004-04-04','https://images.unsplash.com/photo-1534528741775-53994a69daeb?ixlib=rb-1.2.1&ixid=MnwxMjA3fDB8MHxzZWFyY2h8NHx8cGVvcGxlfGVufDB8fDB8fA%3D%3D&auto=format&fit=crop&w=300&q=60','https://images.unsplash.com/photo-1501236570302-906143a7c9f8?ixlib=rb-1.2.1&ixid=MnwxMjA3fDB8MHxzZWFyY2h8NXx8YmFja2dyb3VuZCUyMGltYWdlfGVufDB8MHwwfHw%3D&auto=format&fit=crop&w=300&q=60','2022-02-21 16:48:28','random21@esfmail.com','26c00cab81f4812ed1066037da7509cf63fcc487d8ad97192d0ef5e24e45bf071651e7033eb3ce24219e68b8e955119757ea140c46f6a5a9f284b99c650d4af1','2AdP-QpQI6hPaQ'),(1615,'testUsername22','this is a long bio!','2004-04-04','https://images.unsplash.com/photo-1517841905240-472988babdf9?ixlib=rb-1.2.1&ixid=MnwxMjA3fDB8MHxzZWFyY2h8MTF8fHBlb3BsZXxlbnwwfHwwfHw%3D&auto=format&fit=crop&w=300&q=60','https://images.unsplash.com/photo-1573847792062-9292df56ebb4?ixlib=rb-1.2.1&ixid=MnwxMjA3fDB8MHxzZWFyY2h8MTR8fGJhY2tncm91bmQlMjBpbWFnZXxlbnwwfDB8MHx8&auto=format&fit=crop&w=300&q=60','2022-02-21 17:53:59','random221@esfmail.com','d1a039a71ca4fdcdfd9d541f46842ea418c518264e3b594d292094f8c95c54c9723866ba82133f9ab22f8f908fd4ed6d61000e5f3d88c425e6d594b9ff855c93','bqOeYS9GtI_lhw'),(1656,'testUsername111','this is a long bio! this is a long bio! this is a long bio! this is a long bio! this is a long bio! this is a long bio! this is a long bio! this is a long bio!','2004-04-04','https://images.unsplash.com/photo-1494790108377-be9c29b29330?ixlib=rb-1.2.1&ixid=MnwxMjA3fDB8MHxzZWFyY2h8MXx8cGVvcGxlfGVufDB8fDB8fA%3D%3D&auto=format&fit=crop&w=300&q=60','https://images.unsplash.com/photo-1644094877479-facb0d5fc7da?ixlib=rb-1.2.1&ixid=MnwxMjA3fDB8MHxwaG90by1wYWdlfHx8fGVufDB8fHx8&auto=format&fit=crop&w=687&q=80','2022-02-22 19:38:46','random1212@efmail.com','8618570e29e3169e6ca033f277f1530532d17ddbad81761d338ec551c988239a36ae2d5739b95a489d6a6b1f7869997ebb4934a77eba446042989d8b452f5c73','ywfKoHuRUib7Jg'),(1661,'testUsername1111','this is a long bio! this is a long bio! this is a long bio! this is a long bio! this is a long bio! this is a long bio! this is a long bio! this is a long bio!','2004-04-04','https://images.unsplash.com/photo-1539571696357-5a69c17a67c6?ixlib=rb-1.2.1&ixid=MnwxMjA3fDB8MHxzZWFyY2h8NXx8cGVvcGxlfGVufDB8fDB8fA%3D%3D&auto=format&fit=crop&w=300&q=60','https://images.unsplash.com/32/Mc8kW4x9Q3aRR3RkP5Im_IMG_4417.jpg?ixlib=rb-1.2.1&ixid=MnwxMjA3fDB8MHxzZWFyY2h8Mnx8YmFja2dyb3VuZCUyMGltYWdlfGVufDB8MHwwfHw%3D&auto=format&fit=crop&w=300&q=60','2022-02-22 20:54:26','random1212@efmail.coom','8bc49b59cc19d1fff5d28a47476d5cd69c7270824905b9dcac240004d9421b4403094f2397b5d52169b2f295206144f8489e0e5cb493fc0459641c08780402c8','Vtk2U65SBA7wkg'),(1666,'testUsername@11211','this is a long bio! this is a long bio! this is a long bio! this is a long bio! this is a long bio! this is a long bio! this is a long bio! this is a long bio!','2004-04-04','https://images.unsplash.com/photo-1534528741775-53994a69daeb?ixlib=rb-1.2.1&ixid=MnwxMjA3fDB8MHxzZWFyY2h8NHx8cGVvcGxlfGVufDB8fDB8fA%3D%3D&auto=format&fit=crop&w=300&q=60','https://images.unsplash.com/photo-1644094877479-facb0d5fc7da?ixlib=rb-1.2.1&ixid=MnwxMjA3fDB8MHxwaG90by1wYWdlfHx8fGVufDB8fHx8&auto=format&fit=crop&w=687&q=80','2022-03-07 15:39:13','random121@efmail.coom','c1b6089660f91d1456979ae69a5945b046eb192848e36c06c6ae02d361e67993b51e5a5467ba2530af0243d5c2ba2d2431067cb7e86b01572786a769cbb85851','4_8LEE9L4Ht5MA');
/*!40000 ALTER TABLE `user` ENABLE KEYS */;
UNLOCK TABLES;

--
-- Dumping routines for database 'tweeter'
--
/*!40103 SET TIME_ZONE=@OLD_TIME_ZONE */;

/*!40101 SET SQL_MODE=@OLD_SQL_MODE */;
/*!40014 SET FOREIGN_KEY_CHECKS=@OLD_FOREIGN_KEY_CHECKS */;
/*!40014 SET UNIQUE_CHECKS=@OLD_UNIQUE_CHECKS */;
/*!40101 SET CHARACTER_SET_CLIENT=@OLD_CHARACTER_SET_CLIENT */;
/*!40101 SET CHARACTER_SET_RESULTS=@OLD_CHARACTER_SET_RESULTS */;
/*!40101 SET COLLATION_CONNECTION=@OLD_COLLATION_CONNECTION */;
/*!40111 SET SQL_NOTES=@OLD_SQL_NOTES */;

-- Dump completed on 2022-03-08  0:37:18
